Date,RET_AAPL,RET_MSFT,RET_AMZN,RET_GOOGL,RET_META,RET_NVDA,RET_JPM,RET_V,RET_JNJ,RET_PG,RET_HD,RET_MA,RET_XOM,RET_BAC,RET_PFE,RET_KO,RET_PEP,RET_CVX,RET_MRK,RET_COST,RET_WMT,RET_DIS,Mkt-RF,RF,SMB,HML
2020-01-02,2.281614,1.851629,2.715061,2.186812,2.207061,1.959202,1.212346,1.713664,0.068572,-1.192936,0.586124,1.607568,1.605043,1.192469,-0.102079,-0.650407,-0.621935,0.763428,1.198445,-0.826770,0.084193,2.468350,0.860000,0.010000,-0.880000,-0.340000
2020-01-03,-0.972193,-1.245185,-1.213903,-0.523108,-0.529107,-1.600597,-1.319618,-0.795295,-1.157789,-0.672557,-0.332329,-0.975657,-0.803953,-2.076295,-0.536537,-0.545571,-0.139886,-0.345868,-0.858380,0.082333,-0.882834,-1.147100,-0.670000,0.010000,0.380000,0.010000
2020-01-06,0.796814,0.258477,1.488557,2.665397,1.883349,0.419376,-0.079553,-0.216233,-0.124727,0.138672,0.470466,0.266312,0.767804,-0.143278,-0.128422,-0.036547,0.383393,-0.338824,0.427441,0.027395,-0.203573,-0.580195,0.360000,0.010000,-0.070000,-0.550000
2020-01-07,-0.470319,-0.911777,0.209162,-0.193163,0.216363,1.210653,-1.700047,-0.264284,0.610681,-0.619142,-0.654677,-0.338620,-0.818397,-0.659961,-0.334377,-0.768246,-1.571800,-1.276937,-2.662570,-0.157579,-0.926424,0.034324,-0.190000,0.010000,-0.010000,-0.260000
2020-01-08,1.608612,1.592836,-0.780864,0.711774,1.013809,0.187549,0.780118,1.711773,-0.013786,0.426262,1.496424,1.764459,-1.508013,1.010969,0.800010,0.184303,0.514892,-1.142289,-0.672680,1.146367,-0.343200,-0.205898,0.470000,0.010000,-0.070000,-0.640000
2020-01-09,2.124108,1.249297,0.479917,1.049790,1.431085,1.098253,0.365112,0.693000,0.296607,1.093772,1.533000,1.311036,0.765544,0.171577,-0.435257,1.821549,0.066819,-0.161405,0.880374,1.605086,1.033048,-0.392021,0.650000,0.010000,-0.630000,-0.480000
2020-01-10,0.226078,-0.462680,-0.941060,0.645882,-0.109946,0.534946,-0.996807,0.269099,-0.226975,0.096913,-0.430755,0.669665,-0.888767,-0.827872,1.542811,0.343334,-0.192898,-0.910569,0.167834,-0.728104,-0.835047,-0.145009,-0.340000,0.010000,-0.190000,-0.340000
2020-01-13,2.136430,1.202449,0.432258,0.774682,1.765569,3.135256,0.830454,0.805082,0.441192,0.734036,-0.392476,1.298338,0.954578,0.921159,-0.202563,1.080506,1.486648,0.188936,-0.022346,0.884804,-0.429628,-0.511677,0.730000,0.010000,-0.110000,-0.090000
2020-01-14,-1.350345,-0.704291,-1.155821,-0.655533,-1.284303,-1.865225,1.166180,0.368582,0.562828,-0.152144,-0.237300,-1.449819,-0.859597,0.741558,1.674714,-0.231607,0.234389,-0.308591,0.469255,-0.040005,0.258859,0.917418,-0.060000,0.010000,0.400000,-0.180000
2020-01-15,-0.428524,0.647582,-0.396913,0.601829,0.954085,-0.691549,-1.498550,1.912783,0.334422,1.018541,0.798879,1.162117,-0.158935,-1.840310,1.497364,1.249989,1.717216,-0.146173,1.790226,0.356944,-0.774647,-0.606052,0.160000,0.010000,0.460000,-0.820000
2020-01-16,1.252639,1.832335,0.854991,0.761549,0.280353,1.368246,0.387663,0.575582,0.809434,0.087313,1.883450,1.925214,-0.390799,0.144229,-0.147516,0.211640,0.294519,0.654461,-0.393218,0.734660,0.537841,0.554318,0.880000,0.010000,0.510000,-0.110000
2020-01-17,1.107123,0.559661,-0.703966,2.024600,0.166829,0.140590,0.692153,1.866126,0.654565,0.269715,1.350410,1.048993,-0.377802,-0.028811,-0.246232,0.211177,1.181872,-1.120722,-0.230335,0.544500,-0.811026,-0.544374,0.280000,0.010000,-0.640000,-0.120000
2020-01-21,-0.677728,-0.359075,1.462953,0.184512,-0.315103,-0.537522,-0.984071,1.265264,0.067049,-0.253150,0.448445,-0.534509,-1.429435,-1.296466,-0.419664,0.403933,0.424743,-1.964024,-1.099258,2.816060,0.548011,-0.533492,-0.320000,0.010000,-0.520000,-0.620000
2020-01-22,0.356963,-0.480473,-0.239955,0.109295,-0.054197,0.875224,-0.116942,0.294269,-0.683387,0.174460,-0.021476,0.739310,-0.577044,0.291903,-0.371841,0.769629,1.071508,-0.361840,-0.355682,-0.437293,0.441212,0.313450,0.080000,0.010000,-0.260000,0.000000
2020-01-23,0.481567,0.615578,-0.152591,0.055272,-0.704868,1.099491,-0.102410,-0.663766,0.188901,-0.457112,0.322023,0.206561,-0.625127,-0.698492,1.293858,0.381924,0.188303,0.177149,-1.215834,0.317394,-0.249781,-1.256846,0.080000,0.010000,-0.050000,-0.140000
2020-01-24,-0.288166,-1.007713,-1.217243,-1.247391,-0.828178,-0.941233,-2.482805,-0.736014,-0.141364,0.119980,-0.706192,-0.403065,-0.673946,-1.699865,-2.186202,-0.259401,-0.508212,-1.105222,-2.913295,-0.757482,-1.243442,-1.490861,-0.970000,0.010000,-0.440000,-0.280000
2020-01-27,-2.940539,-1.672308,-1.788746,-2.348979,-1.408638,-4.104111,-0.841137,-1.614632,0.289906,0.439538,-0.349116,-2.440753,-2.382386,-2.057274,0.853865,-0.346759,-0.545736,-1.305307,0.139590,-0.341367,1.302830,-2.984023,-1.560000,0.010000,0.370000,-0.410000
2020-01-28,2.828948,1.959611,1.362437,1.310994,1.358961,3.234810,1.817767,0.575140,0.504219,0.270492,1.154891,1.425095,-0.138998,1.187244,-5.029909,-0.817651,0.211060,0.661285,0.174182,0.452441,0.638675,1.817529,1.020000,0.010000,-0.130000,-0.430000
2020-01-29,2.093211,1.559265,0.256310,0.427436,2.497813,-0.979953,-0.148813,0.990878,0.695625,-0.769657,0.068393,0.015601,-0.835293,-0.691954,-1.468287,0.000000,-0.498480,-0.674926,1.147817,-0.408564,-0.608926,-1.669425,-0.110000,0.010000,-0.250000,-0.970000
2020-01-30,-0.144901,2.820759,0.682449,-0.168181,-6.137160,0.109930,1.236699,1.635257,-0.119570,0.711667,-0.525597,1.292447,1.060694,1.423786,-0.349456,3.245012,1.481700,0.933206,-0.848211,-0.035554,0.595385,1.286194,0.340000,0.010000,-0.690000,0.680000
2020-01-31,-4.433897,-1.475857,7.379136,-1.476369,-3.636711,-3.815935,-2.597687,-4.437823,-0.990955,-1.055995,-2.014653,-2.625916,-4.121024,-1.941404,0.458618,-0.781498,-1.258400,-3.824053,-1.225417,-1.276349,-1.792752,0.362795,-1.740000,0.010000,-0.440000,-0.350000
2020-02-03,-0.274586,2.437863,-0.225017,3.477146,1.129219,1.649545,0.763092,0.924774,0.873239,0.393215,1.508110,2.715737,-2.237593,0.426406,0.725023,0.308219,0.344991,-0.802699,2.223756,-1.152146,-0.192147,2.176273,0.840000,0.010000,0.620000,-0.670000
2020-02-04,3.301354,3.291659,2.268734,-2.508426,2.762133,2.829417,1.439604,1.369461,0.952256,0.439593,1.494310,1.417473,-1.251430,1.971489,0.479858,0.443840,0.498203,0.536302,1.167874,0.960287,0.875079,2.412974,1.570000,0.010000,-0.030000,-0.700000
2020-02-05,0.815450,-0.122146,-0.478124,0.044268,0.133440,1.468871,1.700029,-0.368468,1.576497,0.915178,1.323430,-0.243080,4.602274,3.242118,1.273567,0.016989,0.754119,3.210143,-2.863295,1.328269,1.336036,-2.321579,0.970000,0.010000,0.330000,1.480000
2020-02-06,1.169663,2.073397,0.507873,2.069102,0.352189,1.391777,0.014552,0.113392,-0.298710,0.260241,0.306564,0.298496,-1.354991,-0.115244,0.235763,0.237896,0.020772,-0.716357,-0.174787,0.749267,-0.428057,0.940800,0.270000,0.010000,-0.460000,-0.840000
2020-02-07,-1.359251,0.141565,1.416914,0.212735,0.701920,-1.046223,-0.319743,-0.147724,-1.068170,-0.833727,-0.644782,-0.698468,-0.662585,-0.173068,-0.548856,0.339035,0.720597,-0.502335,-0.700270,0.972285,0.120379,-1.177291,-0.550000,0.010000,-0.790000,-0.020000
2020-02-10,0.474946,2.615715,2.627358,1.997819,0.343806,4.523223,0.415551,1.603045,-0.019747,0.071364,1.394873,1.003073,-1.056097,0.231172,-0.630759,0.946109,0.199472,0.780249,0.681716,0.051038,-1.030497,1.113315,0.730000,0.010000,-0.010000,-0.900000
2020-02-11,-0.603322,-2.257579,0.791503,0.092810,-2.755093,1.870953,0.188741,-0.995188,0.085624,-1.593066,0.428075,0.193770,0.950639,0.230614,0.740551,-0.267788,0.288367,1.293383,-0.478611,-0.991121,0.130159,-1.108077,0.270000,0.010000,0.050000,1.040000
2020-02-12,2.374786,0.146419,0.427747,0.567517,1.723050,1.735790,0.000000,1.716146,-0.592166,-0.571847,-0.020711,0.979064,1.222531,0.431384,-0.918867,-0.302049,0.000000,0.746307,-2.346064,1.429111,0.389958,0.595706,0.660000,0.010000,0.160000,-0.360000
2020-02-13,-0.712122,-0.541411,-0.468982,-0.345044,1.129260,-0.645802,-0.086941,0.125534,-0.661896,1.223171,0.318732,0.502799,-0.554937,-0.028652,-2.146253,0.336639,0.266918,-0.339145,-1.537537,0.977411,1.372455,-0.669713,-0.090000,0.010000,0.200000,0.010000
2020-02-14,0.024629,0.892729,-0.697717,0.352847,0.487944,7.020493,-0.304615,1.393454,0.026676,0.944275,1.101693,1.521538,-0.459523,-0.171853,-1.137304,0.570387,0.355044,-0.262773,0.829569,0.034571,0.383163,-0.965231,0.140000,0.010000,-0.380000,-0.660000
2020-02-18,-1.831062,1.014315,0.974299,0.046761,1.690152,2.339603,-1.324014,0.432728,-0.659421,-1.006800,-0.444866,0.085060,-1.269620,-1.664278,-0.520430,-0.700592,-0.945639,0.145352,-0.229901,1.174969,1.475992,-0.286653,-0.190000,0.010000,0.160000,-0.640000
2020-02-19,1.448304,0.299891,0.674965,0.357375,-0.142319,6.113243,1.363897,0.999065,-0.134100,0.456470,-0.122987,0.972909,0.768239,1.313118,-0.247764,0.403150,-0.048067,0.453542,-0.557816,0.301151,-1.630059,1.552395,0.600000,0.010000,0.180000,0.030000
2020-02-20,-1.025927,-1.527118,-0.788863,-0.516775,-1.337994,-1.906584,0.000000,-0.871969,-0.382752,0.908814,1.387296,-0.031920,-0.795515,0.374410,-1.048875,-0.083637,-0.254234,-0.839785,0.597566,0.328189,0.008504,-0.658172,-0.350000,0.010000,0.490000,0.670000
2020-02-21,-2.263470,-3.161284,-2.653382,-2.210299,-2.050523,-4.739229,-1.221911,-1.248520,1.051478,0.094802,-0.680105,-1.379002,-1.219495,-1.406013,-0.362623,0.686536,0.475317,-0.728521,-0.181888,-0.657237,0.756236,-0.997359,-1.120000,0.010000,-0.120000,0.020000
2020-02-24,-4.750062,-4.311564,-4.135555,-4.287271,-4.500902,-7.069747,-2.687560,-4.798632,-2.060662,-2.683499,-2.298843,-4.424497,-4.684619,-4.743894,-2.939522,-2.461355,-2.200885,-3.944590,-1.226602,-2.587379,-1.905909,-4.288707,-3.390000,0.010000,0.160000,0.010000
2020-02-25,-3.387227,-1.650131,-1.819050,-2.362227,-1.967904,-4.109322,-4.464307,-5.226614,-0.863602,-1.516630,-0.967892,-6.708332,-3.832483,-5.041244,-2.134424,-1.415190,-1.079638,-3.820086,-1.303339,-2.789971,-1.659205,-3.623784,-3.090000,0.010000,-0.110000,-0.680000
2020-02-26,1.586380,1.249446,0.347232,0.299370,0.218513,2.136983,0.300963,-0.631646,-0.670559,-1.045888,-0.884641,-1.601239,-2.195564,-1.447880,2.328337,-0.380457,0.623638,-2.651182,-0.411101,0.268955,-0.533276,-3.767844,-0.520000,0.010000,-0.380000,-1.200000
2020-02-27,-6.536834,-7.045902,-4.813627,-5.431270,-3.777886,-5.566557,-4.161400,-3.845954,-3.173737,-5.542597,-4.484036,-4.100124,-6.017753,-4.897146,-1.785731,-4.635422,-3.951244,-3.988178,-2.326713,-4.108768,-2.970613,-4.312583,-4.220000,0.010000,0.780000,0.060000
2020-02-28,-0.058471,2.421300,-0.029185,1.848002,1.433482,6.916080,-4.333862,0.972162,-3.335237,-0.237884,-3.065893,1.549886,3.251697,-2.162743,-1.994108,-2.621519,-3.182509,-0.839262,-1.946733,-4.090312,-2.463775,-0.330383,-0.780000,0.010000,0.300000,-0.800000
2020-03-02,9.310061,6.653909,3.726611,3.514627,2.062626,2.354924,4.659405,5.815355,4.119555,5.590382,5.554536,5.681325,4.743399,3.052655,4.368624,4.542894,4.203604,3.481897,6.282656,9.959456,7.615139,1.980448,4.310000,0.010000,-1.690000,-0.420000
2020-03-03,-3.175920,-4.791931,-2.300981,-3.505661,-5.370580,-3.812891,-3.752485,-3.431585,-3.163821,-1.162585,-0.869780,-4.805333,-4.788406,-5.515844,-1.662833,0.250369,-1.453691,-2.277644,-2.752870,-2.073483,-2.562983,-2.942170,-2.800000,0.010000,0.800000,-0.630000
2020-03-04,4.638477,3.671523,3.501323,3.280212,3.157782,7.002877,2.470940,4.608849,5.819012,5.356688,5.764662,3.547908,2.183224,2.306294,6.122440,5.101651,5.022847,4.386061,4.852752,5.949164,3.418639,2.344368,4.030000,0.010000,-1.090000,-1.170000
2020-03-05,-3.243725,-2.509535,-2.621679,-4.837881,-3.436584,-3.943611,-4.906146,-3.772724,-1.024540,-2.305243,-2.600785,-3.846406,-4.406724,-5.069101,-2.582430,-3.699898,-2.357970,-1.360010,-1.675288,-1.552632,-0.727933,-4.363154,-3.380000,0.010000,0.240000,-1.400000
2020-03-06,-1.328031,-2.826723,-1.192292,-1.446644,-2.203406,-2.652844,-5.168023,-1.390662,0.014106,0.024678,-2.683052,-1.279554,-4.829359,-3.995545,-1.240813,-2.608420,-0.608249,-1.924043,0.760000,-1.399802,1.130091,1.131773,-1.780000,0.010000,0.050000,-1.480000
2020-03-09,-7.909202,-6.777265,-5.285383,-6.170216,-6.400100,-7.743223,-13.545524,-7.176181,-3.935809,-4.602985,-7.898974,-8.710494,-12.224769,-14.702437,-3.597945,-6.152708,-5.172675,-15.369312,-3.941607,-3.006370,-0.059706,-9.473408,-7.790000,0.010000,-0.420000,-4.750000
2020-03-10,7.202171,6.838426,5.065507,4.884063,5.126839,6.372246,7.769699,6.702534,3.811204,3.868674,7.241257,7.083758,3.702779,7.660732,2.458510,3.470849,3.057765,5.342766,3.875381,2.457133,2.244792,6.813611,4.740000,0.010000,-2.480000,0.780000
2020-03-11,-3.473021,-4.530211,-3.750890,-5.040116,-4.461543,-5.595970,-4.707044,-5.284792,-6.947181,-7.432586,-5.044581,-3.852908,-3.294144,-3.981343,-6.996222,-2.702194,-3.272700,-2.294662,-3.377229,-3.868783,-4.474499,-5.338243,-5.060000,0.010000,-0.830000,-0.810000
2020-03-12,-9.875497,-9.483831,-7.922083,-8.204642,-9.263398,-12.236789,-8.243006,-7.441440,-4.848237,-8.737327,-10.474917,-10.475978,-11.434028,-9.528017,-6.683243,-9.672466,-11.105969,-8.153678,-6.056787,-5.910667,-9.071049,-12.984559,-9.630000,0.010000,-0.450000,-1.140000
2020-03-13,11.980812,14.216892,6.464834,9.241142,10.235003,11.340181,18.012484,9.838812,7.080740,12.009001,7.912287,11.805373,2.528248,17.796170,8.960682,3.679142,10.499384,9.388929,3.940953,8.011454,9.658817,11.665402,8.980000,0.010000,-2.690000,2.940000
2020-03-16,-12.864679,-14.739053,-5.369752,-11.634147,-14.252986,-18.452068,-14.964907,-13.547176,-5.331740,-4.882946,-19.793851,-12.725442,-9.522560,-15.397319,-7.734635,-6.622650,-11.267161,-16.446896,-8.899013,-6.315536,-6.432958,-7.325391,-12.010000,0.010000,-0.210000,-0.750000
2020-03-17,4.396995,8.233659,7.026613,4.199448,2.335449,10.626265,6.111375,3.868148,7.441221,8.976930,5.261882,0.946316,6.726604,7.534235,6.560629,4.242159,12.936617,1.420390,6.521757,8.408072,11.708527,-1.557736,5.880000,0.010000,0.850000,-0.670000
2020-03-18,-2.448005,-4.209577,1.225774,-2.403273,-1.646353,-6.650699,-10.526866,-5.959821,-1.193368,-0.668097,-10.372028,-4.182793,-10.024456,-5.414003,0.621914,-4.938556,-5.324159,-22.124774,-3.826554,0.166106,2.783815,-5.057197,-5.560000,0.010000,-3.530000,-4.740000
2020-03-19,-0.766199,1.645315,2.783061,1.876850,4.198414,5.004437,1.680784,2.539059,-5.860992,-5.636476,3.534058,-0.342193,3.955288,1.972122,-5.995076,-6.733541,-2.960621,4.250694,-1.256455,-0.741432,-2.122275,6.903149,1.310000,0.010000,5.450000,0.950000
2020-03-20,-6.348560,-3.755873,-1.852280,-3.909437,-2.220341,-3.390143,-2.110235,-3.559931,-5.635585,-7.579153,-5.573168,-6.924968,-4.908488,-7.217014,-4.635099,-8.438927,-11.428327,3.484930,0.890729,-4.848974,-4.587651,-9.427989,-4.150000,0.010000,0.350000,-0.900000
2020-03-23,-2.124393,-0.997478,3.073529,-1.318089,-1.088607,3.373008,-5.353259,-7.552975,-7.298353,-4.617797,6.730223,-3.840667,-3.940146,-8.083397,-1.792488,-1.932095,1.202727,-8.705179,-6.950678,-1.683740,0.271990,-0.255888,-2.560000,0.010000,2.210000,-3.260000
2020-03-24,10.032520,9.089548,1.958656,7.198349,8.696812,17.156423,11.894213,13.842669,7.234122,5.701129,13.750849,16.610915,12.686821,16.316389,4.247106,5.031933,8.233492,22.740709,3.990938,-0.206673,0.656264,14.412310,9.340000,0.010000,-1.280000,2.380000
2020-03-25,-0.550866,-0.957246,-2.796760,-2.512360,-2.963104,-1.428689,3.731754,4.691633,0.184593,-2.275585,-1.602438,8.187462,5.220078,0.332854,0.168341,5.475302,-1.177076,4.087126,-1.202026,-1.431868,-4.894368,2.660016,1.170000,0.010000,-0.740000,1.870000
2020-03-26,5.262307,6.255108,3.693312,5.564531,4.564355,4.730883,6.966104,4.388660,6.005010,6.401087,7.399890,2.612237,4.103012,7.677719,6.722689,6.440764,6.897777,10.264168,7.783661,4.073194,0.383924,4.596439,6.030000,0.010000,-0.710000,1.080000
2020-03-27,-4.140229,-4.106067,-2.832539,-4.528268,-4.010027,-1.753209,-7.123950,-4.334405,-2.694120,2.598270,-2.387196,-5.900873,-4.817138,-4.929574,-2.677158,-3.341629,0.166301,-9.950259,-2.447989,-2.726652,-0.218543,-8.504163,-3.480000,0.010000,-0.860000,-0.760000
2020-03-30,2.853802,7.034090,3.360355,3.247007,5.842214,5.088417,2.600717,2.482032,7.997690,4.384133,2.912611,2.261253,1.488493,2.037057,5.728146,5.115659,4.167350,4.608928,7.277306,2.388074,5.119559,3.526974,3.170000,0.010000,-0.300000,-2.110000
2020-03-31,-0.204085,-1.572761,-0.724562,1.364370,0.512194,-0.749269,-3.711232,-2.687679,-1.413396,-4.347818,-4.788358,-4.615966,1.253347,-3.675138,-0.091804,-1.666707,-4.287539,0.708833,-0.013012,-2.057569,-1.362967,-3.206433,-1.440000,0.010000,1.820000,-0.380000
2020-04-01,-5.261699,-3.550809,-2.155179,-5.150834,-4.316546,-7.788326,-6.297906,-4.971462,-1.769270,-0.609117,-4.327598,-5.361009,-1.158825,-6.877059,-2.726737,-4.813538,-1.648611,-5.382304,-4.081097,0.578694,0.457655,-1.739125,-4.500000,0.000000,-1.560000,-1.310000
2020-04-02,1.668667,2.070857,0.583421,1.354691,-0.883456,5.101427,3.733977,2.795370,3.369304,4.637354,1.500337,4.492390,7.647220,4.046552,3.527573,4.344748,4.859471,11.026870,4.159919,1.638897,3.951282,2.159718,2.100000,0.000000,-0.970000,-0.280000
2020-04-03,-1.437155,-0.921047,-0.637888,-2.178104,-2.534935,-4.524994,-2.955746,-3.519914,0.766072,0.594420,-1.439541,-0.774453,-2.945546,-2.625219,2.342553,-0.273028,0.589365,-1.326858,-0.806574,-0.970927,0.699536,-3.186552,-1.640000,0.000000,-1.090000,-1.150000
2020-04-06,8.723762,7.436800,4.772922,8.281343,7.374514,10.040583,6.436600,11.583829,4.166379,2.372254,7.067704,12.196756,3.213479,6.789808,2.764544,6.479528,5.273305,7.029693,5.324566,5.705878,5.515563,6.071579,7.100000,0.000000,0.770000,0.280000
2020-04-07,-1.158234,-1.077001,0.701346,-0.053260,1.981271,-3.491056,1.319033,-0.501667,-1.631380,-4.278084,0.501745,-2.579507,1.902643,3.506304,-2.776931,-0.342821,-0.518471,0.659297,-2.179049,-0.488319,-3.236281,1.666997,-0.110000,0.000000,-0.590000,2.100000
2020-04-08,2.559452,1.003070,1.560946,2.066696,3.228089,3.057543,4.037980,3.766544,4.204233,2.066148,1.315763,4.743278,6.328823,5.916924,2.945516,2.816586,1.632424,6.253101,3.895128,0.770644,-0.122976,-0.167921,3.420000,0.000000,0.310000,1.270000
2020-04-09,0.721625,0.006080,-0.011748,-0.035607,0.522154,-1.498364,8.971371,-0.714565,-1.417009,-0.382267,3.444208,-0.572073,-1.641962,6.012779,2.283243,2.467620,0.769199,-1.942343,1.065883,-1.947852,-0.032824,3.393701,1.590000,0.000000,1.910000,3.190000
2020-04-13,1.962733,0.224046,6.173507,0.318244,-0.228339,2.624044,-4.447260,-2.705954,-1.033758,1.125062,-1.359624,-2.249414,-0.857887,-3.781163,-0.706420,-4.224497,-2.050452,0.711658,-2.363871,-0.130035,2.873540,-0.956943,-0.920000,0.000000,-0.850000,-2.400000
2020-04-14,5.050316,4.948354,5.276945,4.529046,1.933776,5.225125,-2.739592,3.331573,4.478757,4.320832,4.215514,2.802484,-0.771741,-0.794328,3.699501,4.240343,5.737649,-0.353297,2.855668,4.846158,2.952930,2.444448,3.030000,0.000000,-0.180000,-3.150000
2020-04-15,-0.912684,-1.047769,1.066870,-0.626751,-0.673541,-1.095278,-4.931943,-4.959342,1.116248,0.214941,-4.194624,-5.016262,-4.595832,-6.489677,-1.289794,-2.677829,-2.434965,-2.505642,-0.929488,-1.231943,-0.186050,-2.508725,-2.150000,0.000000,-1.230000,-2.550000
2020-04-16,0.794559,3.002057,4.355454,0.010328,-0.406818,4.935214,-3.810997,-2.133019,1.361219,0.230995,0.690245,-4.036737,-3.285553,-3.470018,-0.250197,-1.071211,0.451721,-3.030647,1.133184,3.638748,2.772614,-1.305995,0.620000,0.000000,-0.210000,-2.980000
2020-04-17,-1.356901,0.881186,-1.378214,1.715417,1.696437,-0.807600,8.988915,4.383664,1.570122,2.625506,4.788584,5.353373,10.395902,8.683443,2.870666,2.038232,1.408151,8.976114,0.554197,-1.131975,-0.158723,4.518724,2.730000,0.000000,0.750000,2.770000
2020-04-20,-2.075648,-1.982083,0.783576,-1.395635,-0.557905,-1.802821,-3.645748,-3.137916,-0.230243,-3.280118,-1.609214,-3.169583,-4.720017,-3.350518,-2.248723,-3.183554,-2.181004,-4.129865,-0.431318,-1.836960,-1.718116,-4.098282,-1.570000,0.000000,0.780000,-0.910000
2020-04-21,-3.091050,-4.135731,-2.736033,-3.884543,-4.174162,-6.110436,-2.900428,-2.246985,-1.312052,-0.762874,-2.640137,-2.534469,-0.534256,-3.822179,-1.274952,-2.471514,-2.683027,-2.309383,-5.463304,-3.444618,-0.492868,-1.681980,-3.090000,0.000000,0.940000,0.160000
2020-04-22,2.880362,3.396500,1.519253,3.815504,6.721319,6.174161,0.325653,3.775039,2.211381,-0.233975,1.774623,4.711638,2.856459,0.739346,1.768689,0.661086,1.283032,3.429653,1.807557,2.684780,1.841952,0.447580,2.310000,0.000000,-0.680000,-1.660000
2020-04-23,-0.387537,-1.210258,1.521482,1.013979,1.563535,-0.747857,0.055957,-0.126085,1.647156,0.666911,-0.906113,-0.408676,3.133136,0.321127,1.213772,-1.335342,-1.779548,2.794883,1.125249,-1.299213,-2.325400,0.009898,0.120000,0.000000,1.110000,0.550000
2020-04-24,2.886947,1.825923,0.448851,0.427167,2.668387,1.964725,1.476653,0.564959,-0.417995,-0.519249,4.873439,1.133387,0.644424,1.417440,1.880650,0.798719,3.147536,0.241937,0.680019,1.686287,0.708013,0.188121,1.430000,0.000000,0.280000,-0.120000
2020-04-27,0.070678,-0.286446,-1.419786,-0.449646,-1.352125,2.586408,4.310443,2.653590,-0.368054,-1.119709,2.629862,2.457895,0.480220,5.816048,2.541466,2.971599,0.074459,3.103057,3.131533,-0.569927,-0.880707,4.812733,1.730000,0.000000,1.590000,2.680000
2020-04-28,-1.620933,-2.436090,-2.606061,-3.011337,-2.448000,-1.925417,0.708149,-0.296905,-1.879561,-0.476804,-0.059708,-0.196123,2.344116,1.789534,-1.095764,-0.085474,1.383338,0.222962,-3.334105,-1.240344,-0.233855,0.141426,-0.450000,0.000000,0.980000,2.860000
2020-04-29,3.284536,4.487383,2.533616,8.891044,6.166967,2.436863,2.697020,6.154711,-0.759655,0.162548,1.920682,7.214673,5.537043,3.725412,0.553959,0.812975,-2.171380,5.238558,-0.505056,0.701704,-3.437475,5.686844,2.920000,0.000000,1.890000,1.980000
2020-04-30,2.109591,1.003208,4.268957,0.336760,5.417378,-2.070638,-2.145939,-1.688733,-0.133116,0.674732,-0.892646,-3.073794,-2.085996,-2.945932,0.629593,-2.610331,-0.802344,-2.768990,-1.770478,-1.106394,-1.658614,-3.652561,-1.180000,0.000000,-1.410000,-1.710000
2020-05-01,-1.609896,-2.589121,-7.597409,-2.181636,-1.191939,-3.250299,-2.621115,-1.762529,-1.166353,-0.890797,-0.573147,-2.265688,-7.165914,-4.033261,-1.876976,-0.631946,-1.625190,-2.782566,-2.104872,-0.356413,1.127131,-2.450298,-2.910000,0.000000,-0.550000,-0.960000
2020-05-04,1.414850,2.445985,1.310124,0.423584,1.478215,3.009416,-1.190388,0.330328,-0.013496,-0.898827,1.496050,0.193481,4.033394,-0.649912,-0.053112,-1.008761,0.599330,2.236143,-1.042863,0.851193,0.634574,-2.199054,0.540000,0.000000,0.210000,-1.290000
2020-05-05,1.500890,1.073586,0.078152,1.974441,0.881827,0.841080,-0.151904,1.300053,0.829585,0.207305,1.699458,1.752964,-0.111440,-1.177504,2.365753,0.575960,0.572870,1.585712,1.496255,1.126467,0.832649,-2.054666,0.950000,0.000000,0.030000,-2.010000
2020-05-06,1.031755,0.984736,1.443614,-0.266101,0.676078,1.378761,-1.880461,0.190539,-0.949835,-2.508401,-0.749112,-0.562104,-1.873694,-1.368053,0.000000,-1.431711,-0.675918,-3.057370,-1.140904,0.315042,-1.146494,-0.178111,-0.520000,0.000000,0.540000,-2.720000
2020-05-07,1.034432,0.580692,0.695369,1.772678,1.338331,2.377513,1.041306,2.203823,-0.330935,-0.822275,2.469652,2.213333,0.568290,2.192376,-3.068452,-0.335202,0.588766,2.876162,-1.970958,-1.259345,-0.708693,4.649094,1.330000,0.000000,-0.060000,0.410000
2020-05-08,2.380192,0.588224,0.506839,1.099835,0.515959,2.502710,1.633608,1.297045,0.752131,3.369896,2.170397,1.425666,4.385178,3.196147,0.703464,3.385673,2.037251,3.054857,1.058211,0.308162,0.861426,3.400592,1.900000,0.000000,1.390000,2.460000
2020-05-11,1.573545,1.115458,1.235074,1.390558,0.390862,3.238429,-2.944970,-0.826618,0.275743,-0.551972,0.908580,-0.428402,-0.952812,-4.200218,2.364323,-1.236163,0.111758,-2.199635,1.976426,1.434902,0.593812,-1.273372,0.060000,0.000000,0.470000,-3.790000
2020-05-12,-1.142810,-2.265186,-2.160642,-2.024100,-1.444787,-3.260826,-3.267756,-2.228147,-1.321216,-0.659094,-1.547173,-3.242929,-1.671486,-3.144371,-1.942264,-1.581052,-1.071607,-2.431237,-0.924124,-1.769097,0.088938,-2.978559,-2.070000,0.000000,-0.840000,-1.360000
2020-05-13,-1.207421,-1.512250,0.465432,-1.952463,-2.379815,-0.288365,-3.447101,-1.160902,-0.006746,-0.549980,-1.202239,-1.084117,-4.963740,-4.572479,-0.829762,-1.963391,0.015076,-2.634420,0.906844,-0.885692,-0.056551,-1.568474,-1.890000,0.000000,-0.890000,-2.080000
2020-05-14,0.614323,0.433941,0.883893,0.632635,0.833732,3.219801,4.153290,2.151450,0.346601,-0.096572,1.903529,3.027954,0.882424,4.024875,2.348186,-0.546211,0.090233,1.521973,2.773135,-0.794301,-0.234420,2.905165,1.150000,0.000000,-1.520000,0.920000
2020-05-15,-0.591203,1.456834,0.876155,1.193910,1.967992,5.731270,-1.851019,1.431742,1.896508,0.702952,2.068404,0.587781,-0.709232,-1.243623,-0.421948,-1.006892,2.156597,-0.988331,-0.337284,-0.176864,2.041829,2.964782,0.570000,0.000000,1.610000,-1.150000
2020-05-18,2.356136,0.955441,0.683884,0.882717,1.095399,3.056247,5.296849,4.299963,0.053178,1.396029,2.515351,3.929150,7.952378,6.949614,0.820972,3.952872,-0.316278,5.326031,-0.075184,1.186475,1.365706,7.152686,3.240000,0.000000,1.580000,4.610000
2020-05-19,-0.577870,-0.692255,0.950843,-0.778242,1.730851,0.631404,-1.967936,-1.055518,-0.996554,-3.244122,-2.954949,0.286323,-3.087774,-3.140013,-1.024409,-0.956197,-2.796656,-3.165847,-2.722024,0.617685,-2.122823,-2.122387,-1.010000,0.000000,-0.540000,-1.510000
2020-05-20,1.944819,1.387111,1.984628,2.529106,6.035599,1.868172,2.999887,2.376447,-0.899228,0.747054,0.037780,2.775772,3.254452,3.151734,-0.132700,3.030987,-0.356796,3.771456,-0.851068,0.091895,0.400178,4.852673,1.800000,0.000000,1.090000,1.310000
2020-05-21,-0.745538,-1.201146,-2.049693,-0.171027,0.617475,-2.171130,-1.270122,-1.671333,-0.656813,-1.465389,1.129351,-1.519409,-1.785311,-0.043626,-0.983268,-1.568984,-0.799926,-1.032237,-0.442197,-0.964191,-0.366676,-1.742830,-0.710000,0.000000,0.620000,0.420000
2020-05-22,0.643853,0.043612,-0.402982,0.461356,1.521238,2.860343,-0.776304,0.125924,-0.912833,0.877983,0.415159,0.220876,0.089745,-1.048042,0.644140,-0.309924,0.207340,-1.912230,-0.235164,0.152315,-0.528069,0.161258,0.270000,0.000000,0.460000,-0.850000
2020-05-26,-0.677367,-1.057152,-0.616361,0.575263,-1.153635,-3.417837,7.097356,1.236502,0.131616,-0.506207,0.248069,2.855119,2.937256,7.149165,-0.026669,2.353979,-0.559471,3.345167,1.165398,0.783636,-0.378017,2.482616,1.230000,0.000000,0.100000,4.540000
2020-05-27,0.435688,0.132186,-0.473604,-0.076699,-1.317818,-2.208144,5.792120,-0.207003,0.228264,1.660242,2.012523,-1.173619,0.718777,7.001635,-0.213394,1.388578,0.816969,0.643095,0.375372,0.397009,-1.114168,0.479552,1.540000,0.000000,0.660000,3.590000
2020-05-28,0.044011,-0.225503,-0.385415,-0.143604,-1.606014,-0.448663,-1.489609,0.746792,1.435595,1.905352,-0.897481,0.843957,-2.595147,-4.311005,2.058251,0.770385,1.131397,-3.226848,1.921325,1.160087,0.987919,-3.933196,-0.410000,0.000000,-1.540000,-2.410000
2020-05-29,-0.097384,1.019828,1.718795,1.077379,-0.164112,4.577558,-2.553563,0.504499,1.211139,-0.120634,1.362490,-0.466403,0.954708,-2.976666,0.026194,-0.870664,-0.559366,0.913402,2.125493,-0.352139,0.299141,0.471099,0.590000,0.000000,-0.290000,-1.980000
2020-06-01,1.229787,-0.229185,1.173862,0.094186,3.029904,-0.780202,1.325652,-0.455873,-1.048761,1.147358,-0.478912,0.169471,1.781406,2.031520,-7.148474,0.664100,1.094654,1.188628,-1.437049,-0.058333,-0.080592,1.253198,0.510000,0.000000,-0.040000,0.430000
2020-06-02,0.462942,1.137669,0.055440,0.518491,0.349275,0.215754,0.334687,1.034225,0.720149,0.690827,2.191771,0.726632,2.225574,0.934598,1.974039,-0.191545,-0.270693,2.047659,1.608834,-0.389276,-0.016185,-0.016845,0.810000,0.000000,-0.090000,0.550000
2020-06-03,0.550505,0.243354,0.242273,-0.212153,-1.100036,-0.631712,5.397751,0.259712,0.269822,0.398096,-0.083618,1.146259,4.079468,4.629597,0.000000,2.132209,0.143231,2.629599,1.509174,-0.146514,-0.379227,2.888419,1.410000,0.000000,0.160000,2.620000
2020-06-04,-0.861209,-1.316353,-0.718205,-1.733553,-1.681436,0.011409,2.081147,-1.640675,-1.291633,-2.092310,-0.816719,-1.856262,-0.284332,3.758245,-0.414791,0.041738,-0.930958,-0.926093,-0.621515,1.340344,-1.101438,1.235887,-0.340000,0.000000,-0.220000,2.900000
2020-06-05,2.848099,2.339801,0.910349,1.818580,1.979752,1.750995,4.500174,3.083064,0.388491,1.964696,2.390034,3.487411,8.105904,4.966409,-0.055523,2.441591,1.432158,4.705032,0.870627,0.415110,-0.450429,0.913576,2.500000,0.000000,0.670000,2.750000
2020-06-08,0.591233,0.619678,1.653646,0.556926,0.272998,-1.289226,1.995868,-0.005003,-0.359818,0.608481,0.733607,-0.471292,3.127339,1.529675,1.667134,1.548169,-0.173664,2.410468,0.778017,-1.554273,-0.263222,1.970840,1.350000,0.000000,0.370000,2.070000
2020-06-09,3.157810,0.764493,3.042714,0.279003,3.141747,2.737073,-2.565002,-0.260555,-0.551893,-0.596416,-0.003873,0.347913,-2.228702,-1.121237,-1.038563,-1.705104,0.574853,-1.656323,-0.772010,-0.533876,0.090740,-2.663419,-0.860000,0.000000,-0.250000,-1.920000
2020-06-10,2.572752,3.709174,1.791329,0.869093,-0.812839,3.545733,-4.052821,0.703235,1.260612,0.752078,-0.899687,0.532923,-5.362495,-5.740589,-0.800906,-0.775534,0.872369,-3.890490,-0.595659,0.582572,-0.156598,-1.380267,-0.550000,0.000000,-0.860000,-4.100000
2020-06-11,-4.801054,-5.369854,-3.380230,-4.287553,-5.195785,-6.090672,-8.344340,-5.786119,-4.688779,-2.490991,-5.887205,-6.993478,-8.825252,-10.037619,-7.293969,-6.334808,-4.689480,-8.413603,-5.405427,-2.115027,-0.883124,-7.808142,-5.910000,0.000000,-0.830000,-3.030000
2020-06-12,0.863355,0.789187,-0.505874,0.786080,1.849124,1.548951,2.736335,1.789526,0.908660,-0.550462,1.244423,2.245500,2.143787,3.552050,1.351351,1.041398,0.907404,3.379217,-0.573340,-0.708033,-1.956882,2.530180,1.290000,0.000000,0.320000,1.820000
2020-06-15,1.236716,0.639175,1.086831,0.553463,1.714944,2.700833,1.381788,-0.260089,-0.633148,0.925424,-0.449567,-0.208164,-0.063610,1.493120,-1.155549,1.535075,1.147277,-1.255536,-2.988231,-0.508864,0.288781,1.376739,1.080000,0.000000,1.460000,-0.380000
2020-06-16,2.650222,2.450509,1.655473,1.811018,1.354832,-1.147329,0.800006,0.584080,2.272578,1.234052,3.558977,2.459844,2.248634,2.584493,0.119906,1.015141,0.912022,3.069175,3.985443,1.406538,1.329610,1.161608,1.880000,0.000000,0.610000,0.490000
2020-06-17,-0.139142,0.346147,0.983066,0.419640,-0.050916,1.847060,-2.527918,0.352536,-0.304567,-0.169315,0.360071,-0.236484,-3.257264,-3.100776,0.479034,-0.406235,0.068330,-2.648118,-0.883486,-0.580701,-0.518172,-0.667001,-0.410000,0.000000,-0.910000,-1.970000
2020-06-18,0.039811,1.070832,0.492248,-1.268115,0.174065,-0.194866,-0.542821,0.180849,-0.423558,1.144755,-0.653764,0.358866,0.621928,0.160020,-0.953524,0.880209,0.774138,0.436977,-0.091735,-0.013329,-0.873717,0.611974,0.180000,0.000000,0.090000,-0.530000
2020-06-19,-0.571454,-0.595974,0.792394,-0.661045,1.207939,0.469155,-1.142121,-0.881833,0.292869,-0.301814,-1.027243,-2.739082,-2.003443,0.838663,0.541553,-2.064273,-1.129683,-1.424841,2.204153,0.110155,1.576408,-3.396134,-0.450000,0.000000,0.080000,-0.670000
2020-06-22,2.616346,2.777372,1.450829,1.826439,0.180074,2.866803,-1.083726,1.435974,-0.305901,-0.983861,1.017627,2.677924,0.956960,-2.495039,-0.927625,-0.608422,-0.175199,1.059252,-1.476269,0.183383,1.526916,1.372975,0.710000,0.000000,0.840000,-1.360000
2020-06-23,2.134479,0.668084,1.864170,0.918199,1.262438,-0.805631,1.219645,1.543897,-0.369629,-0.016986,0.461559,0.801495,0.603178,0.690471,-1.026869,-0.218649,0.236562,-0.163773,0.482086,0.279577,-0.501324,0.577987,0.410000,0.000000,0.170000,-0.600000
2020-06-24,-1.765211,-2.015760,-1.085587,-2.136639,-3.393333,-2.269838,-3.339113,-3.313637,-2.127947,-1.112707,-1.669930,-4.193854,-4.710925,-3.953220,-1.769912,-2.169131,-1.370283,-4.155736,-1.620865,-1.085325,-0.636014,-3.876836,-2.620000,0.000000,-0.450000,-1.360000
2020-06-25,1.327563,1.263662,0.738007,0.586295,0.709337,2.755654,3.486151,1.342684,-0.107308,1.262676,-0.304718,1.360504,1.505630,3.821942,0.403836,0.627090,1.427924,1.791399,0.922641,0.842221,-0.490459,-0.633533,1.130000,0.000000,0.250000,0.500000
2020-06-26,-3.072579,-2.001596,-2.240276,-5.451398,-8.316355,-3.530025,-5.481821,-2.428071,-1.331697,-2.256354,-1.780910,-2.909310,-3.431495,-6.351140,-0.866326,-3.026922,-1.887240,-3.082603,-1.802289,-1.320998,-1.161101,-2.029445,-2.430000,0.000000,0.120000,-1.390000
2020-06-29,2.304701,1.074714,-0.463815,2.541591,2.110328,0.491534,0.442812,1.114807,0.892506,2.108821,2.120246,1.240765,1.604781,1.036725,1.872681,1.813180,1.667595,1.399502,1.236901,1.696135,0.625392,2.218139,1.500000,0.000000,1.250000,1.860000
2020-06-30,0.834731,2.554943,2.926449,1.494444,2.914254,3.236413,1.139786,0.935312,1.143567,1.623335,1.783671,0.945636,0.902528,1.539126,0.183790,0.721374,0.900195,1.779409,1.589566,0.537113,0.604758,-0.008956,1.580000,0.000000,0.080000,-0.010000
2020-07-01,-0.189138,0.584718,4.345339,1.688938,4.615320,0.339565,-0.850516,0.315759,-0.177791,0.342894,-0.942071,1.849829,-2.258521,-2.063174,3.180447,0.313324,0.075630,-1.804334,1.021595,0.507935,-0.075127,1.345167,0.410000,0.000000,-1.270000,-2.570000
2020-07-02,0.000000,0.762081,0.402961,1.936898,-1.738586,0.863077,0.324849,0.975323,0.420305,0.750111,0.141045,0.415053,0.846512,0.128970,2.282181,0.133868,0.370176,0.787484,0.844876,0.324827,-0.401053,-0.734450,0.510000,0.000000,-0.020000,-0.140000
2020-07-06,2.675019,2.152650,5.768955,2.021871,2.938912,2.361556,2.525341,1.068136,1.425836,0.620443,0.422552,1.041602,0.703290,1.588682,0.000000,0.779851,0.338720,0.294421,1.015493,1.880741,-0.268442,2.005707,1.660000,0.000000,-0.630000,0.350000
2020-07-07,-0.310284,-1.162799,-1.861937,-0.648799,0.241386,0.330299,-2.821077,-1.800159,-0.090928,0.485099,-0.881591,-1.852252,-2.590675,-2.747252,-1.390916,-0.044205,0.202567,-2.551638,-1.080701,1.521696,6.779376,-0.699124,-1.010000,0.000000,-0.500000,-1.500000
2020-07-08,2.329012,2.199278,2.699558,0.918135,1.129274,3.487247,1.061515,0.447996,0.294042,0.548188,0.735772,0.213652,-0.231290,0.391141,-0.822817,-0.309681,0.486630,0.046340,-1.016230,0.028445,-1.977161,2.666558,0.890000,0.000000,0.300000,-0.460000
2020-07-09,0.430028,0.700071,3.294919,1.001615,0.377708,2.868045,-2.165067,-1.466142,-0.544441,-0.333630,-0.485611,-1.852403,-4.126116,-1.428586,-0.859236,-2.573770,-1.124995,-4.180671,-1.578560,2.914809,2.659906,0.128576,-0.540000,0.000000,-0.930000,-2.610000
2020-07-10,0.174925,-0.303283,0.545775,1.340002,0.233131,-0.283104,5.466714,0.176899,-0.084235,1.151197,0.867088,0.369972,3.118947,5.489694,1.105778,2.823950,1.318657,3.009435,0.052152,0.211915,2.293560,2.165907,1.110000,0.000000,-0.070000,3.060000
2020-07-13,-0.461344,-3.088863,-3.000002,-1.740082,-2.476843,-4.074694,1.433465,-1.833291,1.994789,0.129147,-0.195900,-1.860071,0.023447,0.707737,4.079234,0.221476,0.334678,0.199457,0.808032,-1.014635,-0.887669,-2.614374,-1.190000,0.000000,-0.760000,2.040000
2020-07-14,1.654868,0.618142,-0.644330,0.570681,0.305434,3.230611,0.573492,2.280191,1.866293,0.838393,3.272971,3.022228,3.305208,-0.206700,0.056784,1.370177,0.452152,3.454331,1.163565,1.573169,1.922496,2.099463,1.360000,0.000000,0.420000,-0.290000
2020-07-15,0.687738,-0.148810,-2.436122,-0.261699,0.229430,-1.443101,1.547704,1.665518,0.229852,-0.471674,0.003884,2.264601,1.270741,1.905546,1.390854,1.155441,-1.350377,0.611199,1.520741,-0.396342,-0.007580,1.887752,1.140000,0.000000,2.430000,1.260000
2020-07-16,-1.230502,-1.980350,-0.298120,-0.129225,0.270507,-0.904460,0.280748,-1.551757,0.667770,0.208848,0.108596,-2.083589,-0.784237,-2.723587,-0.335922,-0.538784,0.142119,-0.596254,-0.050359,-0.131618,0.151526,-1.215882,-0.380000,0.000000,-0.350000,0.810000
2020-07-17,-0.202044,-0.510039,-1.264375,0.127412,0.456575,0.658607,-1.849819,0.821709,0.066958,0.697324,0.891185,1.573382,-1.716352,-2.966963,1.825829,1.451795,0.582612,-1.324110,0.591944,-0.453594,-0.347972,-0.653103,0.300000,0.000000,0.170000,-1.430000
2020-07-20,2.107430,4.298150,7.929520,3.097864,1.400652,3.031464,-0.876104,1.732554,0.167392,-0.310426,-0.080647,2.598214,-2.343718,1.550357,0.689639,-1.495114,-1.151039,-2.202099,-0.575921,0.529516,-0.204949,-0.724818,1.030000,0.000000,-0.440000,-2.380000
2020-07-21,-1.380179,-1.346893,-1.831490,-0.506435,-1.495406,-1.733953,2.168548,-1.002691,0.093596,-0.135747,0.864822,-1.397638,5.058780,3.562364,0.520547,2.341747,0.991652,7.177231,-0.654824,0.376747,0.654130,0.704645,0.150000,0.000000,0.850000,3.280000
2020-07-22,0.280926,1.437115,-1.222963,0.573928,-0.777667,1.067430,-0.724262,1.211308,0.180326,0.855515,1.047947,1.875820,-2.329208,-0.450449,5.096758,2.711850,1.175345,-0.382994,-0.139439,0.170841,0.249389,0.345634,0.500000,0.000000,-0.620000,-0.370000
2020-07-23,-4.551630,-4.349471,-3.656880,-3.073775,-3.030803,-2.960117,0.293842,-0.719072,-0.266668,0.647008,-0.512882,-1.107334,0.206364,0.946119,-0.389009,-0.412555,0.786727,-0.032933,-0.913938,-0.667046,-0.768871,-0.764511,-1.200000,0.000000,0.740000,1.980000
2020-07-24,-0.247736,-0.612210,0.748687,-0.563036,-0.812537,0.639216,-0.707215,-1.154854,-0.995917,-0.158537,0.568580,-0.961575,-0.617827,-0.774259,-1.952598,0.434961,-0.744127,-0.966947,-1.229805,-0.101201,-0.303861,-0.431759,-0.740000,0.000000,-0.810000,0.450000
2020-07-27,2.370028,1.266762,1.538765,1.406961,1.209299,2.226687,-1.404157,0.901882,-0.634612,0.285816,0.795300,0.632076,1.473592,-0.862419,-0.318631,-0.020607,1.183319,1.009653,2.373528,0.558665,-0.022865,-1.105360,0.880000,0.000000,0.750000,-2.020000
2020-07-28,-1.642779,-0.897700,-1.796278,-1.685596,-1.447545,-1.976680,0.433430,-0.086350,-0.237809,1.234933,-0.800226,-0.819180,-1.179898,0.911338,3.942475,-0.618809,-0.210642,-2.119952,0.962879,-0.009163,0.419181,-0.111761,-0.810000,0.000000,-0.710000,1.010000
2020-07-29,1.916837,1.009769,1.106547,1.320780,1.377532,2.447230,2.425013,0.935244,-0.197485,0.336266,-0.233716,0.969570,1.102137,3.735659,0.615072,-0.332080,0.400323,1.077332,-0.426668,-0.436565,-0.812096,-0.490617,1.360000,0.000000,0.490000,0.900000
2020-07-30,1.210057,-0.078399,0.604903,0.975397,0.518687,1.418974,-2.668548,-2.276152,0.204706,2.423801,0.623421,-0.096991,-4.905718,-1.701616,-0.360097,-0.687220,-0.173978,-4.218958,-0.453656,-0.190475,-0.436144,0.043243,-0.290000,0.000000,0.480000,-1.840000
2020-07-31,10.468831,0.544374,3.696082,-3.277526,8.174827,0.007069,-0.391672,-1.886018,-0.735480,-0.228257,-0.307896,-0.152088,0.501565,0.161016,-0.671163,-0.943609,-0.021761,-2.700838,1.582444,0.218564,-0.553317,1.106698,0.620000,0.000000,-1.590000,-0.660000
2020-08-03,2.519748,5.624139,-1.668097,-0.348798,-0.674098,3.725932,-0.558794,0.152296,1.090820,0.129648,0.259887,1.315912,0.403969,0.442112,-0.337828,-1.989854,-0.697407,1.036484,2.866400,1.164242,-0.077304,-0.504537,0.970000,0.000000,1.220000,-0.830000
2020-08-04,0.667819,-1.500900,0.865712,-0.637991,-0.845374,1.975456,-0.572306,0.839055,-0.088226,1.904177,0.634909,0.575803,2.887565,0.080025,0.104312,0.842369,0.563256,1.980893,-1.054028,3.179285,1.809765,0.807907,0.370000,0.000000,0.450000,0.060000
2020-08-05,0.362487,-0.164094,2.109065,0.393003,-0.284186,0.525454,1.737296,1.981400,0.801524,-0.261595,-0.145588,4.329055,0.874178,1.519426,0.156294,1.135139,-0.887444,0.820917,-0.036720,0.052969,-1.390152,8.798707,0.780000,0.000000,1.040000,0.820000
2020-08-06,3.488919,1.601373,0.623086,1.748363,6.486824,0.431951,0.030870,1.361548,-0.572793,-0.547043,0.706585,0.652422,-0.478917,0.315064,-0.468130,0.550628,-0.286225,0.309618,-0.722696,0.982459,-0.354369,2.515484,0.530000,0.000000,-0.420000,-0.850000
2020-08-07,-2.273568,-1.788751,-1.784185,-0.437222,1.191199,-1.199802,2.200746,-1.212458,0.711620,0.632933,0.842746,-0.642147,-0.458296,2.512759,0.470332,0.673943,0.647720,-0.765949,-0.037025,-0.699095,0.479286,-0.680335,0.020000,0.000000,0.920000,2.400000
2020-08-10,1.453486,-1.990761,-0.609319,-0.103448,-2.026524,-0.308024,1.267832,0.218975,-0.383572,0.411856,1.137506,-1.566982,2.463181,1.723473,-0.156050,-0.167341,-0.555809,3.375542,-0.135756,-0.266947,1.469581,-0.877400,0.230000,0.000000,0.860000,1.730000
2020-08-11,-2.974004,-2.338536,-2.143799,-1.087629,-2.612164,-2.821311,3.159800,0.498021,-0.716050,-0.648768,0.069163,1.752956,1.033488,1.355444,-1.562900,0.440065,-0.632443,-0.122572,0.000000,-2.226448,-1.273851,1.319986,-0.830000,0.000000,-0.310000,1.610000
2020-08-12,3.323439,2.856716,2.647805,1.803388,1.468000,5.440081,-0.847594,0.490463,1.830260,1.673783,2.422532,-0.276986,-0.022684,-0.705823,1.428925,1.043190,1.983426,1.227400,2.187624,1.302543,1.297974,0.996243,1.400000,0.000000,-0.510000,-1.330000
2020-08-13,1.769755,-0.234222,-0.038583,0.624321,0.542536,0.024033,-0.553746,-0.433401,-1.109141,0.236251,0.028406,-0.439501,-2.449557,-1.421598,-0.417409,-0.103248,0.217702,-0.992049,1.040141,-0.314768,0.380668,-0.629773,-0.020000,0.000000,0.180000,-1.320000
2020-08-14,-0.089140,0.095806,-0.411256,-0.792531,-0.022977,1.057425,0.039068,-0.475760,0.162150,-0.500820,-0.394093,0.187003,0.441770,0.455391,-0.288201,0.144709,-0.391012,0.590058,-0.071819,0.172763,0.568832,-0.328373,-0.040000,0.000000,-0.080000,1.080000
2020-08-17,-0.261066,0.660615,1.092431,0.771602,-0.030599,6.684512,-2.636430,1.418866,0.505937,0.296072,2.741015,1.049584,-1.296292,-2.153351,0.761961,-0.495410,0.261678,0.464855,1.533291,1.094338,2.262440,-0.888677,0.450000,0.000000,0.590000,-1.940000
2020-08-18,0.833271,0.575431,4.087467,2.607785,0.451816,-0.618044,-1.394068,-0.210629,0.738304,0.745377,-1.124065,0.233154,-0.492492,-1.428595,0.026066,0.435611,0.137773,-2.067522,-0.235977,0.232362,-0.656357,-0.347843,0.230000,0.000000,-1.070000,-1.420000
2020-08-19,0.125461,-0.606707,-1.570115,-0.717981,0.095305,-0.997076,0.233977,0.994958,0.199865,-0.542078,-0.750877,0.422966,-1.107712,-0.117502,-0.260687,-2.168526,-1.201942,-1.415012,0.555846,0.044030,-1.707348,-0.892021,-0.380000,0.000000,0.480000,0.090000
2020-08-20,2.218975,2.327138,1.131427,2.048412,2.444893,0.020561,-1.197409,1.572195,0.684912,0.795442,-0.770687,1.480178,-1.525285,-1.568636,1.202299,-0.042208,0.197910,-1.828917,0.000000,-0.008796,-1.389648,0.273931,0.310000,0.000000,-0.510000,-1.550000
2020-08-21,5.153243,-0.727004,-0.383644,-0.043131,-0.743470,4.468360,-0.051356,-0.009808,0.884948,0.431164,0.908500,-0.065238,-0.750239,-0.478096,0.413246,-0.147847,-0.190190,0.318334,-0.058793,1.097187,0.811850,-0.530744,0.260000,0.000000,-1.080000,-0.440000
2020-08-24,1.196018,0.314556,0.692302,0.608026,1.640373,0.289745,2.815469,1.116944,0.263592,0.778482,1.242831,1.940068,2.950493,2.842295,-0.102890,1.459395,0.864698,2.491804,0.517763,-0.139282,-0.227911,2.550225,0.920000,0.000000,-0.360000,2.590000
2020-08-25,-0.820364,1.300934,1.180055,1.305875,3.474690,0.233883,0.439718,0.818748,-0.059151,0.397095,-0.216229,1.169811,-3.173826,1.206672,-1.107134,-0.125078,-0.247018,-1.227070,0.304370,0.168522,-0.533011,-0.688666,0.350000,0.000000,0.160000,-0.640000
2020-08-26,1.359911,2.161947,2.849556,2.383781,8.222363,0.180392,-1.402981,1.037980,0.157819,-0.481798,2.027080,0.966446,-2.128172,-1.692294,-0.937236,0.521822,0.852169,-1.567410,-0.163351,-0.127653,0.053592,1.841438,1.000000,0.000000,-1.170000,-1.750000
2020-08-27,-1.195458,2.455354,-1.215915,-0.949447,-3.517495,-1.133260,3.289957,0.366202,0.446501,-0.130075,-1.130437,1.418756,-0.674819,1.917064,-0.499344,0.145351,-0.050567,0.153339,0.327327,0.607103,4.537095,1.172647,0.180000,0.000000,-0.340000,0.950000
2020-08-28,-0.161969,1.028333,0.052939,0.669937,0.150062,4.113813,0.410350,2.217723,0.431400,0.405210,-0.810729,2.842716,2.390528,0.959667,0.132065,3.317445,1.112733,0.847970,-0.198130,0.580324,2.686079,1.353462,0.700000,0.000000,0.260000,-0.220000
2020-08-31,3.391207,-1.476566,1.445122,-0.603861,-0.156634,1.724621,-2.510473,-1.724559,-0.149695,-0.317077,-0.436589,-2.165979,-1.843201,-2.129280,-0.316518,-0.602072,0.085730,-1.985302,-0.443652,-0.203808,-1.033479,-2.707672,-0.040000,0.000000,-0.420000,-1.750000
2020-09-01,3.983267,0.771533,1.395548,1.567938,0.763986,3.369342,-0.049910,0.641540,-1.231990,-0.108459,0.315713,-0.360127,-1.276917,-0.116535,-2.408052,-0.827747,-0.621155,-1.012705,-0.985123,1.070008,6.294561,1.273978,0.920000,0.000000,0.440000,-0.320000
2020-09-02,-2.071845,1.927196,0.923947,3.764778,2.389648,3.802196,1.507904,1.467076,1.524557,1.686219,0.970359,1.064681,-0.608693,1.205760,0.867677,4.214151,2.945603,0.132399,2.961037,2.128757,0.060980,1.377763,1.270000,0.000000,-0.500000,-0.450000
2020-09-03,-8.006089,-6.194683,-4.628411,-5.117073,-3.761991,-9.277514,-0.314781,-3.473737,-2.782290,-1.601314,-4.376757,-4.674206,-0.204126,-0.696600,-2.150536,-1.387007,-2.036293,-1.093909,-1.656495,-2.942664,-2.126226,-1.588021,-3.700000,0.000000,-0.220000,2.600000
2020-09-04,0.066193,-1.403561,-2.178736,-2.964080,-2.881975,-3.019483,2.161248,-2.057849,-0.641888,-0.216977,-1.809713,-2.568065,-0.076718,3.429474,-0.109871,1.109388,-0.437692,-0.425358,-0.292439,-0.496671,-1.183078,-0.938154,-0.870000,0.000000,-0.170000,2.070000
2020-09-08,-6.729513,-5.409585,-4.394436,-3.643403,-4.092236,-5.620914,-3.477603,-2.218311,-0.895109,-1.464192,-0.148340,-1.531266,-2.302977,-3.993996,-1.182633,-2.409891,-2.313335,-3.612872,-2.240737,-2.224655,-3.066572,1.674378,-2.930000,0.000000,0.650000,-0.290000
2020-09-09,3.988663,4.258343,3.770662,1.550920,0.944093,6.732120,0.950761,1.968810,1.656924,1.625705,2.889386,2.958624,-0.602395,0.117756,0.695794,0.762893,1.150845,1.342305,1.860086,2.233947,1.040090,-0.625935,2.070000,0.000000,-0.180000,-1.990000
2020-09-10,-3.264562,-2.801829,-2.860545,-1.368904,-2.056842,-3.171435,-1.031038,-1.234927,-1.863723,-1.049586,-1.566520,-1.990370,-2.503271,-1.450408,-1.464905,-0.378545,-1.713923,-2.349107,-1.543377,-1.991752,-2.201752,-0.104968,-1.640000,0.000000,0.310000,-0.060000
2020-09-11,-1.312900,-0.652452,-1.854732,-0.674272,-0.552053,-1.196035,1.242140,-0.426719,0.592216,1.053391,1.331139,-0.820087,-0.270270,1.431991,1.178139,2.119994,0.779147,-0.588637,1.088918,-0.117785,-0.080381,-1.103445,-0.050000,0.000000,-0.840000,0.900000
2020-09-14,3.000022,0.676334,-0.425199,-0.457215,-0.172549,5.818169,1.385163,2.142732,0.385710,0.354728,1.563322,2.559437,-0.650414,0.980382,2.606043,0.118468,0.633249,-0.514834,0.345774,1.117543,0.453569,-0.379517,1.580000,0.000000,1.190000,-0.800000
2020-09-15,0.156009,1.640639,1.713200,1.742412,2.355831,0.922536,-3.113113,0.200022,0.364006,0.000000,1.756616,0.159447,-1.063844,-1.825231,-0.135119,0.670464,-0.768258,-1.216230,0.059401,0.288700,0.029101,-0.007604,0.570000,0.000000,-0.270000,-1.460000
2020-09-16,-2.951356,-1.786550,-2.472334,-1.500207,-3.267032,-3.667930,0.423057,-0.126580,-0.329114,-0.670852,-1.383147,0.799129,4.245955,1.265814,-0.487010,-0.509308,-0.471950,2.894590,1.615022,-0.052344,-0.800802,0.647657,-0.400000,0.000000,0.760000,1.320000
2020-09-17,-1.596356,-1.043675,-2.253667,-1.656658,-3.301448,-0.407514,-1.143430,0.068228,-0.828813,-0.130714,-0.592960,-0.707934,-0.026465,-0.976561,0.108743,-0.472538,-1.318700,0.292746,0.081796,-1.410973,0.315573,-1.415687,-0.850000,0.000000,0.360000,0.200000
2020-09-18,-3.172018,-1.241915,-1.788791,-2.417548,-0.898674,-2.200438,-0.213074,-1.295844,1.365733,-0.109091,-1.703805,-1.228539,-1.613764,-0.552271,-0.515996,-0.197795,-1.298798,-0.736133,0.198523,-0.861679,-1.024220,-1.221019,-0.890000,0.000000,0.790000,-0.210000
2020-09-21,3.032562,1.072905,0.188161,-1.443727,-1.734444,2.690899,-3.091011,-2.546771,-2.734930,-0.480414,-1.032028,-2.210234,-2.043548,-2.935369,-1.665284,-2.695755,-0.174955,-2.442144,-3.123189,1.074545,1.315677,-2.503289,-1.070000,0.000000,-2.020000,-1.900000
2020-09-22,1.571580,2.409396,5.692336,2.075306,2.659677,0.962671,-1.091184,1.575090,-0.613377,0.914326,0.352473,2.275472,-2.470500,-2.165905,0.638501,1.161126,0.693398,-1.009202,-0.228543,1.437118,0.904663,1.435271,1.010000,0.000000,-0.170000,-1.600000
2020-09-23,-4.194602,-3.292833,-4.126889,-3.454537,-2.249256,-4.067181,-1.622992,-2.587742,0.159459,-1.195988,-2.473366,-3.214982,-3.208533,-2.840418,-0.689667,-2.919885,-0.870221,-4.739814,-0.373777,0.052243,-1.677399,-3.089377,-2.470000,0.000000,-0.700000,0.160000
2020-09-24,1.026879,1.296151,0.664368,0.955740,0.204796,1.849677,-0.086220,0.076773,0.159248,0.447472,-0.318878,1.133975,-0.203563,0.343933,-0.666652,1.016391,0.442749,-0.208484,0.629322,0.687687,0.522102,-0.640808,0.260000,0.000000,-0.210000,0.380000
2020-09-25,3.751630,2.278686,2.494874,1.138562,2.119985,4.257777,0.874102,0.884800,0.684351,0.511269,1.072625,1.087741,0.932415,0.642670,0.810954,0.041086,1.497193,0.041811,-0.264591,-1.273776,0.416965,1.232740,1.710000,0.000000,0.150000,-1.340000
2020-09-28,2.386880,0.779503,2.549812,1.361993,0.784877,1.252550,2.877958,1.556401,0.995442,0.283391,1.407555,1.992284,1.934192,2.554294,0.943148,1.149432,3.309618,2.923554,-0.204976,2.054974,-0.014556,1.604844,1.650000,0.000000,0.720000,1.050000
2020-09-29,-0.756788,-1.040851,-0.919013,0.504593,1.935215,1.463373,-0.842342,-0.439274,-0.033996,-0.543451,-0.080777,-0.638335,-2.917041,-1.328370,-0.604590,-0.730540,-0.587075,-2.745866,-1.039163,0.720804,-0.080151,-0.468290,-0.420000,0.000000,0.750000,-1.320000
2020-09-30,1.507595,1.481220,0.122415,-0.028671,0.042025,2.304217,0.964848,0.265729,1.237589,1.260405,2.057967,0.576986,0.145864,1.346253,1.465317,0.919902,1.049861,0.139088,1.282038,0.812173,2.019818,-1.052635,0.790000,0.000000,-0.730000,0.160000
2020-10-01,0.846224,1.012696,2.303475,1.521558,1.806011,0.620808,0.727141,1.690255,-1.047823,0.179860,-0.032382,1.537694,-3.495513,0.041496,-0.899156,-0.384859,1.587304,-2.194440,-1.579263,0.974651,2.265739,-0.620571,0.780000,0.000000,1.050000,-0.540000
2020-10-02,-3.228044,-2.951151,-2.988274,-2.170834,-2.509095,-4.056328,0.948720,-0.929433,-0.733095,-0.804363,0.608751,-1.322215,-0.452761,0.456426,0.027478,0.365990,-1.946014,1.093449,-1.028874,-0.962454,-1.803161,-0.616328,-0.970000,0.000000,1.080000,2.430000
2020-10-05,3.079114,2.032105,2.374404,1.870720,1.811962,4.442198,2.113628,1.032467,1.360795,0.919503,0.998892,1.304512,2.304442,1.693540,1.017040,0.040536,-0.094184,2.121060,0.544526,1.005603,0.925242,0.669113,1.940000,0.000000,1.020000,-0.090000
2020-10-06,-2.866954,-2.124721,-3.102029,-2.145241,-2.263366,0.689013,-1.029869,-1.518118,-1.329032,0.157811,-1.995762,-1.695557,-1.037350,-1.015468,-1.578252,-0.891067,-1.616740,-0.550178,-1.981788,-0.064150,-0.825116,-1.977787,-1.280000,0.000000,0.740000,0.250000
2020-10-07,1.696707,1.903750,3.088104,0.559596,-0.208781,1.656179,1.744519,1.007718,1.107634,0.780738,2.285966,1.917444,0.329444,2.092781,0.829428,1.266891,0.965354,2.047015,0.514893,1.303201,0.184900,1.637314,1.840000,0.000000,0.580000,0.160000
2020-10-08,-0.095573,0.357432,-0.160844,1.664679,2.185036,-0.896935,2.055558,0.251886,0.682986,0.675189,0.611761,0.480332,5.253748,1.446938,1.151621,1.815971,0.613100,1.951766,0.549756,0.570230,0.333610,0.146448,0.800000,0.000000,-0.030000,1.070000
2020-10-09,1.739584,2.483619,3.012025,1.821468,0.261615,-0.549213,-0.569877,1.803153,1.396998,0.896582,0.492042,2.097647,-1.474771,0.475425,-0.271068,0.693616,0.427998,-1.621916,-0.149134,1.196963,1.004510,1.535465,0.930000,0.000000,0.010000,-1.420000
2020-10-12,6.352051,2.590245,4.754991,3.584368,4.273016,3.365982,1.225317,-0.116171,0.576278,1.098505,0.346239,-0.099341,-0.316648,1.261829,0.081542,0.551067,2.665429,0.689209,0.000000,1.900063,1.029557,-0.008004,1.540000,0.000000,-0.830000,-0.090000
2020-10-13,-2.652748,0.659426,0.020334,0.158491,0.141421,0.156409,-1.620438,-1.007756,-2.291882,-0.193781,1.202475,-1.761171,-1.183947,-2.842685,0.217300,-1.702873,0.992046,-1.489750,0.435520,1.115607,1.372625,3.192767,-0.420000,0.000000,0.180000,-1.740000
2020-10-14,0.074333,-0.897426,-2.320808,-0.231627,-1.564429,-1.073827,-0.555671,-1.037560,-0.175273,-0.117892,-1.126172,-0.907901,-0.204539,-5.330656,-0.108389,-0.199122,-0.710599,-0.613071,-0.247798,-0.614696,-1.566053,-1.837782,-0.650000,0.000000,0.080000,0.030000
2020-10-15,-0.396087,-0.543325,-0.745014,-0.509793,-1.876235,-0.888590,1.496707,-1.310611,-0.614428,-0.145793,0.156737,-1.205145,0.878462,2.243866,-0.841056,-0.259388,-0.764832,0.767629,-1.800993,-0.465205,0.409933,0.608267,-0.080000,0.000000,0.900000,1.140000
2020-10-16,-1.400040,0.000000,-1.975048,0.786272,-0.296189,-1.134579,-0.206462,0.355810,0.618227,0.389365,0.041747,0.245138,-1.015970,0.372642,3.830397,0.080033,0.212128,-0.843406,0.973924,1.317131,0.124518,-0.431853,-0.060000,0.000000,-0.180000,0.050000
2020-10-19,-2.554188,-2.476548,-2.001396,-2.407992,-1.703476,-2.271668,-1.684567,-1.642857,-2.552311,-1.717561,-1.366196,-2.277548,-1.994116,-2.145217,-0.395290,-0.819513,-1.446413,-2.208804,-1.453097,-1.567328,-1.216216,-2.034531,-1.530000,0.000000,0.340000,0.320000
2020-10-20,1.319194,0.200711,0.305555,1.381107,2.356563,1.094644,0.571155,0.370604,0.159350,0.401661,0.814170,0.015099,0.837790,1.770668,-0.820072,1.269659,0.021518,0.561132,-0.508423,0.732232,0.664560,0.579567,0.350000,0.000000,-0.240000,1.260000
2020-10-21,-0.544626,0.069884,-0.996889,2.250662,4.174769,-0.884898,-0.996316,0.369244,-0.428933,0.540419,-0.534912,0.512476,-1.602339,-0.372796,-1.093639,-0.517435,-0.078771,-1.129995,-0.255565,-0.129543,0.347477,1.344540,-0.350000,0.000000,-0.470000,0.410000
2020-10-22,-0.958344,0.041922,-0.268129,1.303302,-0.218852,-1.210772,3.532240,-0.221717,0.799031,-0.708248,-1.177459,0.053975,5.126642,3.409540,0.943915,1.380285,0.007160,3.569914,1.460231,-0.547840,-0.588657,0.734414,0.660000,0.000000,0.610000,1.030000
2020-10-23,-0.613371,0.623555,0.881497,1.638183,2.398248,1.715850,0.903970,0.010089,0.110281,0.657460,0.654428,-1.196054,-2.008049,0.120644,2.003711,-0.315712,-0.035808,-1.130795,0.782745,-0.306056,0.208995,0.619326,0.380000,0.000000,0.420000,0.040000
2020-10-26,0.008675,-2.844218,0.082389,-2.981674,-2.696737,-3.303872,-2.475687,-2.494814,-0.874408,-0.758521,-2.459375,-3.504130,-2.371174,-1.445794,-0.680966,-1.425182,-1.074802,-2.246095,-1.240113,-1.038462,-1.174820,-3.342431,-1.850000,0.000000,-0.280000,-0.390000
2020-10-27,1.347234,1.508978,2.472369,0.920925,2.230156,1.944271,-1.886590,-1.559034,-0.569579,0.750163,0.289854,-0.298703,-1.589216,-2.811749,-1.292185,0.200810,0.767775,-2.015783,-1.078140,0.542205,0.499424,-0.604551,-0.230000,0.000000,-0.070000,-2.330000
2020-10-28,-4.631218,-4.956648,-3.759507,-5.508853,-5.513776,-5.745792,-2.808815,-4.835305,-3.346127,-3.301489,-2.571895,-8.113883,-3.808662,-1.593299,-5.289893,-3.887773,-3.558076,-3.783652,-2.320812,-2.081965,-1.980819,-3.925056,-3.420000,0.000000,0.020000,0.570000
2020-10-29,3.705026,1.006514,1.524924,3.050046,4.916511,3.144062,0.652575,2.211527,-0.845610,-0.065366,-0.033367,0.617755,4.434606,0.298273,-0.479548,0.125084,-0.134182,2.870833,-0.380653,0.164654,-0.085688,2.591367,1.130000,0.000000,0.160000,0.270000
2020-10-30,-5.601779,-1.099038,-5.445646,3.804385,-6.309902,-3.762304,0.895334,-1.709310,-0.058347,-0.341666,-1.082974,-1.548549,-1.061562,0.679694,0.566906,0.083307,-0.522434,1.017439,-0.896071,-1.984289,-0.836202,-0.238602,-1.450000,0.000000,-0.790000,1.850000
2020-11-02,-0.082676,-0.069171,-1.043095,0.508039,-0.665104,0.373006,2.254183,1.667502,1.152361,1.021184,1.510976,0.460797,4.199893,1.603383,2.113865,1.165189,1.395469,3.812938,1.994385,1.893079,1.189183,-0.923717,1.170000,0.000000,0.520000,1.000000
2020-11-03,1.535340,2.026407,1.462152,1.313748,1.507515,3.487454,3.152131,1.948686,-0.136980,1.963869,2.448879,1.869141,-1.706408,2.533231,-0.110408,1.501476,1.398463,-0.568262,0.273787,2.077413,1.695159,3.238164,1.930000,0.000000,1.010000,-0.190000
2020-11-04,4.083691,4.824900,6.322966,6.088146,8.322643,5.950720,-3.055808,2.989270,0.649812,-0.410699,1.928807,3.998120,-0.538766,-4.090746,3.150038,-0.364774,0.598359,0.041819,4.810219,1.131863,-0.574319,0.846643,2.250000,0.000000,-1.490000,-5.030000
2020-11-05,3.549346,3.188666,2.494173,0.953690,2.540203,2.651442,4.089773,1.892035,0.258266,1.237202,1.107124,3.037095,-0.180557,3.927374,-1.515558,0.549124,0.137833,0.515533,-0.198504,2.408510,1.063689,1.511151,2.120000,0.000000,0.990000,0.540000
2020-11-06,-0.113607,0.192587,-0.319994,-0.157149,-0.430973,2.838993,-1.332046,0.419971,1.781617,0.596975,-0.563249,-0.913026,-1.175762,-1.219011,0.027477,0.020249,0.239061,-1.372305,-0.124254,0.111606,1.603117,0.393830,0.010000,0.000000,-0.860000,-0.920000
2020-11-09,-1.996811,-2.382447,-5.062255,0.096013,-4.989613,-6.395058,13.539243,7.159758,2.692444,-3.658455,-5.020384,9.858395,12.660174,14.191684,7.692310,6.309404,0.050559,11.595198,0.174198,-5.357029,-1.529789,11.870381,0.830000,0.000000,0.790000,6.730000
2020-11-10,-0.300897,-3.379283,-3.458295,-1.345487,-2.274282,-6.314785,-0.325077,0.296245,1.506047,1.645060,2.074274,-2.838356,2.218518,-0.360239,-1.326525,2.682115,2.361861,4.622145,0.757791,0.443826,1.407272,-0.336624,-0.160000,0.000000,1.550000,2.150000
2020-11-11,3.035274,2.625479,3.372959,0.547261,1.486631,5.074408,-1.493291,-0.285990,-0.323732,1.290467,0.791116,-0.713887,-1.030934,-1.156913,-0.465357,-0.740991,1.538241,-0.734315,-0.061694,1.718405,1.662538,-3.018790,0.880000,0.000000,-0.540000,-1.780000
2020-11-12,-0.234320,-0.512599,-0.864094,-0.252395,-0.506377,0.288775,-1.228433,-1.939927,0.338299,0.056320,-0.543661,-1.233514,-3.426511,-2.377455,-2.467555,-1.063857,-0.041711,-2.170741,-1.480332,0.748124,0.168940,-1.668834,-0.940000,0.000000,-0.220000,-1.190000
2020-11-13,0.041952,0.496682,0.595765,1.689212,0.679802,-1.187130,0.626254,1.065975,1.078855,1.498381,0.336660,2.053047,2.412700,1.161481,2.849563,0.830049,0.604852,2.925523,1.540166,0.833113,1.558386,2.095620,1.310000,0.000000,0.600000,1.150000
2020-11-16,0.872018,0.332543,0.071905,0.099874,0.725776,1.641361,2.822598,1.054732,0.633792,-1.282195,0.865891,0.125396,5.764955,2.148141,-3.340248,0.748355,0.725605,7.141975,-1.122226,0.250765,1.262116,4.560569,1.220000,0.000000,0.790000,1.980000
2020-11-17,-0.756433,-1.275129,0.146922,-0.697295,-1.419581,-0.688097,-1.014494,-0.935580,-0.994377,-0.386173,-2.539599,0.313009,1.336460,-0.108758,1.757722,-0.315701,-0.356754,-0.718594,1.646330,0.560813,-2.013885,-0.117522,-0.200000,0.000000,0.620000,-0.010000
2020-11-18,-1.139115,-1.318394,-0.963121,-1.193180,-1.101808,0.048397,-0.740697,-1.366796,-1.325759,-1.536491,-0.968932,-0.166424,-3.775506,-2.068963,0.776898,-1.993270,-1.280634,-3.170976,-1.533738,0.081202,-0.187458,-0.415215,-0.940000,0.000000,-0.040000,0.030000
2020-11-19,0.516814,0.634836,0.372249,1.030082,0.356652,0.085633,0.268964,-0.125112,-0.156076,-0.121681,0.407674,-0.613188,0.510602,0.000000,-0.357918,0.988412,-0.041875,1.720448,0.174425,0.342709,2.032307,-1.514936,0.580000,0.000000,0.470000,-0.770000
2020-11-20,-1.095739,-0.955664,-0.565281,-1.261818,-1.187067,-2.622707,-0.856679,-1.777714,-0.530065,-0.164883,-0.413417,-3.258663,-1.229937,-0.630123,1.409232,-0.865809,0.069781,0.070030,0.074639,-0.630978,-1.235856,-0.458658,-0.510000,0.000000,0.670000,-0.600000
2020-11-23,-2.974269,-0.133090,-0.032591,-0.507963,-0.470901,0.399226,2.880343,2.099286,-1.018240,-0.387630,0.589331,2.798745,6.551169,2.163389,-0.490463,0.018973,-0.278911,6.107919,-0.211283,0.154804,0.459265,3.480538,0.820000,0.000000,0.880000,1.550000
2020-11-24,1.159410,1.784784,0.634849,2.103549,3.162834,-1.386990,4.623739,0.730158,0.000000,-0.324316,0.703737,3.117101,6.656492,5.805042,0.219075,1.025081,0.706213,5.042318,-0.174396,0.657577,0.284900,3.774520,1.560000,0.000000,-0.120000,2.780000
2020-11-25,0.746737,0.004688,2.149089,0.013048,-0.480271,2.137726,-1.046062,0.577091,-0.132101,0.267533,0.237825,-0.312515,-2.787040,0.172529,-0.191270,-0.544915,0.090249,-3.639448,-0.099841,0.918736,0.310534,-1.584298,0.020000,0.000000,0.000000,-1.320000
2020-11-27,0.482621,0.635915,0.322444,1.297521,0.805561,0.200226,-0.663775,0.052175,0.222749,-0.050450,0.741003,-0.659211,-1.519232,-0.137790,1.916219,-0.434545,0.305237,-0.900769,-0.249786,0.165073,-0.151472,-1.314619,0.420000,0.000000,0.460000,-1.620000
2020-11-30,2.109953,-0.538997,-0.854373,-1.825393,-0.302378,1.057584,-2.755345,-0.308051,0.472208,0.187549,0.514512,-0.755005,-5.125656,-2.863063,2.900901,-1.319560,-0.255905,-4.523077,0.663625,0.870249,0.784941,0.598102,-0.520000,0.000000,-0.980000,-2.070000
2020-12-01,3.082731,0.999694,1.642659,2.334684,3.458845,-0.085800,1.577898,0.404056,1.914581,0.360069,-0.291994,0.704283,0.970356,1.882130,2.871314,0.852724,1.275761,0.309714,1.442981,1.516630,-0.098178,0.966148,0.990000,0.000000,-0.250000,0.520000
2020-12-02,0.293362,-0.388507,-0.513962,1.649274,0.338505,1.153837,1.920819,-0.482951,0.467952,-0.724702,-1.454005,0.395419,3.740267,1.289644,3.527000,0.134515,-0.992688,2.767303,0.343336,-1.047591,-1.388899,2.790423,0.110000,0.000000,-0.090000,1.070000
2020-12-03,-0.113733,-0.524682,-0.524419,-0.171513,-1.972017,-1.067140,-0.655499,-1.013391,0.580531,-0.737210,-1.091843,-1.493140,0.676011,0.103849,-1.740187,1.285711,0.594035,-0.077862,-0.464359,-2.464149,-0.810526,-0.240855,0.170000,0.000000,0.510000,-0.100000
2020-12-04,-0.561247,0.056005,-0.757833,0.105390,-0.762810,1.211181,0.907282,2.225406,0.852347,0.094670,-1.547704,2.748102,3.655813,1.314442,0.623609,2.027279,0.969184,3.875238,0.601559,-0.165750,-0.261219,0.587300,1.010000,0.000000,1.470000,0.830000
2020-12-07,1.226971,-0.032656,-0.144821,-0.369025,2.102235,0.357690,-0.376025,-0.014097,-0.865099,0.152747,-0.511375,-0.984460,-1.871404,-0.682841,2.255848,-1.597008,-0.329086,-2.701528,0.695679,-0.026786,-0.537225,-0.298441,0.020000,0.000000,0.240000,-1.020000
2020-12-08,0.509103,0.802667,0.610835,-0.313696,-0.763359,-1.886921,0.098486,0.056418,1.731848,0.268726,-0.350290,-0.049872,3.276284,-0.550010,3.175756,0.358541,0.103167,0.859391,0.812017,1.143772,0.904734,0.026037,0.470000,0.000000,1.010000,-0.690000
2020-12-09,-2.090375,-1.948988,-2.300385,-1.847814,-1.933647,-3.140450,-0.778711,-1.499265,1.022796,-1.187966,1.474859,-1.156143,1.325755,-0.449368,-1.668247,0.282076,0.116817,-1.201656,0.348631,-0.876596,-0.789548,0.461869,-1.030000,0.000000,-0.060000,1.280000
2020-12-10,1.198879,-0.604361,-0.087310,-0.574288,-0.287861,0.320944,-0.644355,-0.939968,-0.555181,-0.659774,-0.289948,-1.582297,2.827086,1.076408,-0.286754,-0.525028,-0.700110,3.217604,-0.575054,-0.400759,-0.467095,0.168368,0.240000,0.000000,1.110000,-0.460000
2020-12-11,-0.673466,1.301540,0.481385,0.404499,-1.288263,0.316046,-0.590340,-0.659878,0.459778,0.737955,-0.098175,-1.236714,-0.477173,-1.855050,-1.461766,0.565492,0.207363,-0.964144,-0.036185,0.619676,-0.027196,13.594947,-0.180000,0.000000,-0.360000,-0.730000
2020-12-14,-0.514676,0.440771,1.301170,-1.270000,0.233970,2.270766,-1.053850,0.489707,-2.536781,-0.483482,0.389348,1.139203,-3.607304,-1.225056,-4.644925,-0.149957,-0.510456,-3.255793,-2.417653,-0.191961,-0.918365,-3.653558,-0.260000,0.000000,0.570000,-1.510000
2020-12-15,5.009028,-0.032666,0.258160,0.503333,0.496012,0.388837,1.707511,0.535593,1.006233,0.588892,0.903678,0.754925,1.942217,1.488299,-1.275190,1.070037,0.374415,-0.078247,0.199213,-0.667771,-0.048051,2.740700,1.290000,0.000000,1.060000,0.380000
2020-12-16,-0.054732,2.405065,2.396122,-0.220874,0.043554,-0.883184,0.290892,-0.043206,-0.597718,0.453694,0.600794,-0.464570,1.533472,0.279349,-2.247490,-1.448753,0.082887,-0.760887,-0.807653,-0.656132,-0.103044,-0.471435,0.160000,0.000000,-0.420000,-0.390000
2020-12-17,0.696358,0.063854,-0.150575,-0.949243,-0.431694,0.745684,-0.828702,1.397219,2.639108,0.713917,1.624680,1.445376,-0.503405,0.382998,0.502118,0.395779,0.565972,-0.315721,-0.012535,0.230072,0.460692,0.248400,0.780000,0.000000,0.680000,-0.700000
2020-12-18,-1.585081,-0.378269,-1.063939,-0.821030,0.699508,-0.519050,-0.493031,0.061579,0.579383,0.571438,-1.284795,1.018112,-1.724977,-0.554993,-0.920316,0.882326,0.837253,-1.379938,-0.363346,-0.888485,-0.102652,-0.380297,-0.140000,0.000000,0.060000,-1.170000
2020-12-21,1.239522,1.829919,0.141490,0.483128,-1.306074,0.453948,3.753790,-1.088458,-0.964352,-1.093209,0.199633,-1.751269,-1.825385,3.732141,-0.796196,-1.730577,-1.041309,-1.261597,-0.301758,-0.553144,0.013699,-1.272486,-0.240000,0.000000,0.140000,-0.060000
2020-12-22,2.846456,0.606485,0.010603,-0.826694,-2.089505,-0.405031,-1.521642,-1.516686,-0.196061,-0.705350,-0.350535,-0.637007,-1.692476,-1.782110,-1.712143,-0.094690,-0.949096,-2.009532,0.163938,-0.805509,-1.212602,-0.140608,0.050000,0.000000,1.210000,-1.630000
2020-12-23,-0.697609,-1.303912,-0.662712,0.465620,0.381869,-2.025864,2.794432,-0.262340,-0.510716,-0.153782,-0.085216,-0.905971,1.285112,2.875722,1.905266,0.606534,0.270790,1.576583,0.428129,-0.038692,-0.679552,1.818721,0.110000,0.000000,0.390000,2.030000
2020-12-24,0.771229,0.782725,-0.394942,0.343123,-0.264815,-0.119143,-0.439767,1.656129,0.348816,1.012181,0.411422,2.056321,-0.406959,-0.299488,-0.454056,0.678220,0.450132,-0.420121,0.476441,0.743296,0.195464,0.103716,0.230000,0.000000,-0.400000,-0.190000
2020-12-28,3.576601,0.992165,3.507113,2.295049,3.590146,-0.721523,0.658545,1.883084,0.472253,0.697055,-0.616414,2.520837,0.336541,0.567407,-1.207406,1.347303,1.275326,-0.503910,0.386833,1.777409,1.198602,2.952853,0.490000,0.000000,-0.730000,0.360000
2020-12-29,-1.331497,-0.360076,1.158363,-0.913194,-0.079435,0.335284,-0.263280,0.818327,0.620101,-0.187480,-1.136482,0.635747,-1.126028,-0.398276,0.624673,-0.055393,0.347142,-0.341588,1.205665,0.447351,-0.633533,-0.872191,-0.390000,0.000000,-1.520000,0.240000
2020-12-30,-0.852661,-1.101935,-1.088206,-1.223713,-1.773960,1.564546,0.279958,1.861264,1.239121,-0.469577,-0.349386,2.564473,0.799620,-0.099946,-0.836709,0.572700,-0.074635,0.850957,-1.019373,0.464162,-0.083153,2.182750,0.270000,0.000000,1.010000,0.060000
2020-12-31,-0.770306,0.333818,-0.880137,0.943988,0.474496,-0.690342,1.364082,0.169447,0.852318,0.994412,0.135710,0.390955,-0.913472,1.100740,0.190521,0.734730,0.672054,-1.031291,1.501430,0.622260,-0.020814,0.005509,0.400000,0.000000,-0.860000,0.440000
2021-01-04,-2.471894,-2.126622,-2.158474,-1.512586,-1.544890,0.448094,-0.944354,-0.443477,-0.559159,-0.948694,-0.639981,-1.526866,0.679286,-0.923797,0.000000,-3.792842,-2.717477,0.307879,-1.026894,0.894422,1.651059,-1.931775,-1.410000,0.000000,0.200000,0.570000
2021-01-05,1.236381,0.096463,1.000436,0.806434,0.754803,2.220995,0.544126,-1.492467,1.175707,0.638505,0.807016,-1.157901,4.819281,0.765886,1.032309,-1.099301,0.298053,2.703346,0.172917,-1.160057,-0.532303,0.427732,0.860000,0.000000,1.220000,0.500000
2021-01-06,-3.366171,-2.592935,-2.489661,-0.986754,-2.826876,-5.895300,4.695583,-0.881084,0.941048,1.052646,0.571358,0.037404,2.551712,6.245898,-0.860432,-3.181291,-1.223210,3.218421,1.578315,-1.522376,0.624391,0.381079,0.790000,0.000000,2.140000,3.940000
2021-01-07,3.412337,2.845710,0.757713,2.986870,2.062210,5.783021,3.283934,0.559693,0.337846,-0.934633,-0.489612,0.792260,0.784556,2.208372,0.515321,-1.108479,-0.321828,0.467664,1.990739,-0.567518,-0.006854,-0.301463,1.760000,0.000000,0.320000,-0.810000
2021-01-08,0.863095,0.609283,0.649551,1.323862,-0.435353,-0.503971,0.110395,0.767020,-0.205785,-0.043258,1.062896,1.140452,1.112109,-1.004240,0.188909,2.241800,1.200241,0.953227,-1.178269,0.549057,-0.013617,0.061587,0.510000,0.000000,-0.750000,-1.380000
2021-01-11,-2.324893,-0.969844,-2.151946,-2.310564,-4.010183,2.596649,1.492429,-1.188193,-0.418639,-0.677245,0.795270,-1.596724,3.035643,1.659989,1.723657,-1.722783,-1.449581,0.570904,2.372628,-1.602976,0.450116,0.223858,-0.520000,0.000000,0.260000,1.260000
2021-01-12,-0.139525,-1.177084,0.212580,-1.073866,-2.238743,-1.003942,1.571875,-1.892986,-0.778069,-0.580348,1.880341,-1.516397,2.220338,1.784094,-1.562098,-0.179296,-0.464492,1.899607,-2.247057,0.052207,1.140586,-1.730962,0.370000,0.000000,1.280000,1.240000
2021-01-13,1.622660,0.656034,1.443841,0.565204,0.219044,0.348562,0.092737,0.234597,-0.151776,0.153215,-0.825135,0.994405,1.127795,-0.594176,-0.860650,0.099774,0.820191,-0.096435,-0.902639,0.755076,-1.020325,0.073835,0.060000,0.000000,-0.940000,-0.450000
2021-01-14,-1.512717,-1.534631,-1.213555,-0.934594,-2.384357,-2.449791,0.584241,-3.577735,1.748063,-1.063677,-2.083574,-5.601584,3.903377,1.583979,-0.298421,-1.854074,-0.582074,2.402145,-0.206456,-1.253602,-0.325523,-1.527352,-0.120000,0.000000,2.020000,1.130000
2021-01-15,-1.373049,-0.173698,-0.742460,-0.190680,2.328611,-2.581405,-1.792168,-0.133768,-0.217863,-0.751082,2.701816,-1.122571,-4.810176,-2.883213,-0.136080,-1.076595,-0.261010,-3.560607,1.472583,-0.052429,-1.585372,-1.147436,-0.860000,0.000000,-0.500000,-0.740000
2021-01-19,0.542700,1.782286,0.531852,3.290672,3.874924,1.288940,-0.432796,0.034716,1.547078,-0.875511,-0.870860,0.829072,1.983706,-0.727024,0.081748,-0.390116,0.473886,2.627882,-0.227884,-2.123384,-0.864241,0.478310,0.920000,0.000000,0.880000,-0.790000
2021-01-20,3.285621,3.649962,4.570048,5.357330,2.443508,2.614163,-1.499552,2.157085,-0.245730,-1.250001,0.406332,2.752029,1.412779,-1.312174,-0.626203,0.350451,-0.513882,0.920533,-0.877507,1.926836,1.478512,0.801116,1.270000,0.000000,-0.390000,-1.100000
2021-01-21,3.665848,0.280838,1.336342,0.217017,2.015100,3.753975,-0.838401,-0.422297,-0.400291,-0.098374,1.731657,-0.140357,-2.866971,-1.762533,-0.054802,0.554637,-1.217008,-3.533226,-1.552284,0.415168,-0.453581,-1.359147,-0.040000,0.000000,-0.540000,-0.960000
2021-01-22,1.607326,0.435597,-0.446331,0.446372,0.597366,-1.117709,-0.771372,-1.520898,1.125344,-0.770936,1.773895,-1.629567,-1.413415,-0.692499,0.191892,-0.939756,-0.730632,-0.304308,-0.246375,-0.137826,1.021765,0.875757,-0.070000,0.000000,1.860000,-0.110000
2021-01-25,2.768417,1.584453,0.053764,0.090876,1.278687,-0.432091,-1.248205,-0.514809,1.485740,1.723094,0.380272,0.060790,-1.117415,-1.236120,1.997262,0.598075,1.147280,-0.904857,0.209958,-0.115908,-0.088869,-0.515087,0.290000,0.000000,-0.030000,-0.430000
2021-01-26,0.167918,1.219861,0.975414,0.721635,1.453175,-1.596674,-0.408730,0.512495,2.711178,0.642771,-0.869946,-0.452600,-2.196178,-0.706021,0.080503,1.045507,1.155678,-1.694145,-1.109096,0.856637,0.896056,-1.355530,-0.330000,0.000000,-0.010000,0.040000
2021-01-27,-0.768380,0.245337,-2.812581,-4.665223,-3.513568,-3.851828,-2.827180,-3.484981,-1.525066,-3.538964,-3.025475,-3.725985,-1.133650,-3.587581,-2.867880,-1.541885,-2.651619,-1.298125,-3.962588,-2.353551,-2.487993,-3.851154,-2.530000,0.000000,1.320000,1.550000
2021-01-28,-3.498505,2.589098,0.155912,1.883516,-2.623641,1.031509,1.759744,1.666930,0.762420,1.542303,1.459588,2.786145,1.565597,1.642619,0.027919,1.277562,0.833072,0.929696,1.102871,0.188001,-0.062556,5.428456,0.930000,0.000000,-1.920000,-0.930000
2021-01-29,-3.742063,-2.917172,-0.970465,-1.394338,-2.516996,-0.469271,-1.106740,-2.507322,-3.564657,-1.649265,-2.600275,-2.463950,-2.648700,-2.209751,0.111534,-2.034571,-1.882314,-4.291177,-1.090841,-1.296719,-2.267820,-2.158478,-1.840000,0.000000,0.590000,0.590000
2021-02-01,1.652008,3.315228,4.262990,3.595915,1.424531,1.903406,0.738290,2.644233,-0.257461,0.592746,-0.276900,1.666212,0.178404,1.045535,-0.278558,0.685346,0.300213,1.420208,0.376274,-0.541939,-0.868401,1.664983,1.720000,0.000000,0.930000,-1.470000
2021-02-02,0.633654,-0.058420,1.110421,1.376065,1.935051,2.415593,3.078224,2.142583,-0.897333,-0.139570,0.773863,3.983696,1.580584,3.571422,-2.262561,0.990085,1.022083,0.752217,0.529980,1.443555,1.077051,3.503541,1.480000,0.000000,-0.880000,-1.030000
2021-02-03,-0.777808,1.457150,-1.996157,7.282488,-0.160994,-0.193648,1.145145,-0.616933,-0.465103,0.124255,0.738525,-0.463547,3.922843,1.772486,-0.428722,-0.388072,-0.260169,2.182412,-0.578619,-0.104065,0.305449,-0.299503,0.140000,0.000000,0.410000,0.730000
2021-02-04,2.575768,-0.407409,0.557585,-0.254968,-0.060003,0.988513,2.301301,3.918318,0.928383,0.062013,1.696046,2.406700,1.919039,2.913221,0.143548,0.492117,1.202707,0.044963,-1.668411,0.378023,0.941954,2.153828,1.220000,0.000000,0.390000,0.380000
2021-02-05,-0.309818,0.078491,0.634942,1.714017,0.604154,-0.536080,-0.195266,-0.229386,1.518593,0.418537,0.014325,-0.610271,3.351949,-0.399993,0.085962,1.305858,0.916386,0.292161,-0.302506,-0.191112,1.283927,0.516014,0.570000,0.000000,1.070000,-0.490000
2021-02-08,0.109707,0.111484,-0.871378,-0.206332,-0.566958,6.237609,1.565396,-0.900501,0.285768,-0.308730,0.419573,-0.507743,4.304297,2.224294,-0.286362,0.543792,-0.397283,2.487085,-1.002633,1.312060,0.464115,4.879663,0.960000,0.000000,2.100000,0.390000
2021-02-09,-0.657416,0.536165,-0.539885,-0.437984,1.076590,-1.215492,-0.399544,-0.178834,0.818645,-0.387079,-1.164177,-1.065205,-1.171169,-0.423100,0.430808,-0.440706,-0.569795,-0.568429,0.000000,-0.075042,0.551612,-0.942110,0.050000,0.000000,0.640000,-0.060000
2021-02-10,-0.455806,-0.389717,-0.557341,0.534338,0.898147,3.512523,0.057308,-0.038731,0.324729,-0.349736,0.693738,0.230925,0.967816,0.091041,-0.657719,-0.201203,-1.361040,1.715014,-0.199888,-0.956747,-1.165733,0.754476,-0.080000,0.000000,-0.590000,0.790000
2021-02-11,-0.192035,0.687760,-0.743927,0.108805,-0.544389,3.295127,-0.279245,2.202579,-0.449611,0.085783,-0.584865,2.591187,-2.503945,-0.303220,-0.892355,1.411296,-1.982558,-0.540412,-0.200301,-1.100729,-0.076319,0.674998,0.200000,0.000000,-0.050000,-0.700000
2021-02-12,0.177623,0.204503,0.477597,0.300664,0.040677,-1.898279,1.421668,-0.332274,0.313161,-0.553249,0.162400,-0.545384,1.364393,1.490281,0.842299,0.775357,-0.815004,0.575965,0.347862,0.156155,0.312456,-1.697141,0.490000,0.000000,-0.120000,0.460000
2021-02-16,-1.610409,-0.526564,-0.267262,0.747960,1.282825,2.466387,2.407065,-0.981130,-0.906471,0.235060,-0.763926,0.061564,3.008699,2.697055,-0.086432,-0.828585,0.380970,2.049123,-0.999992,0.354341,0.823696,-0.703352,-0.140000,0.000000,-0.640000,1.930000
2021-02-17,-1.764436,0.435964,1.214159,0.375238,-0.145989,-2.767417,0.311078,-0.187611,0.357413,0.422155,2.008070,-1.137117,1.556500,0.408500,0.576571,-0.278476,0.059528,2.995784,1.737369,1.141267,1.057255,0.048300,-0.200000,0.000000,-0.840000,0.600000
2021-02-18,-0.863610,-0.167901,0.592081,-0.604643,-1.527959,-0.516573,0.337737,0.886714,0.048317,0.832945,0.758191,0.334975,-1.570487,-0.639357,-0.945822,1.276683,0.676755,-0.959124,-0.172064,-0.312815,-6.481000,-1.845106,-0.620000,0.000000,-1.530000,-0.210000
2021-02-19,0.123303,-1.156736,-2.353506,-0.807305,-2.906582,0.657509,1.669090,-2.206813,-1.665322,-1.860576,-1.204705,-1.562944,0.672818,1.023686,-0.347252,-1.299992,-2.112703,0.842099,-1.458700,-0.602388,0.493989,0.355189,0.160000,0.000000,1.770000,0.730000
2021-02-22,-2.979874,-2.680808,-2.128061,-1.654039,-0.470269,-3.823767,0.939036,1.753511,-0.061685,-0.424798,-1.355336,2.248118,3.685324,1.766064,-0.522661,1.037723,-0.392410,2.703553,0.834326,-1.285355,-0.469859,4.416005,-1.110000,0.000000,-0.040000,3.130000
2021-02-23,-0.111106,-0.528787,0.432606,0.285251,2.124250,-1.488908,0.803175,1.819315,-0.883438,0.742599,-3.121252,2.865025,1.381202,1.052636,-1.021593,-0.177764,0.598500,1.260287,-0.520464,-2.301438,-1.612307,2.779523,-0.110000,0.000000,-1.250000,0.890000
2021-02-24,-0.405216,0.548729,-1.094697,1.149925,-0.583014,2.524377,1.759487,3.451023,1.340041,0.109800,-2.720396,4.822779,2.997280,2.421187,-0.471827,0.336384,-0.519651,3.693671,0.040237,-0.423814,-1.668274,0.213102,1.150000,0.000000,1.190000,1.440000
2021-02-25,-3.478261,-2.370507,-3.240039,-3.256522,-3.639675,-8.217819,-1.357190,-2.588529,0.104549,-0.845996,-1.815603,-3.471118,-1.657858,-1.236956,0.207416,-1.064885,-1.582232,-0.929248,0.067066,-1.995890,-0.945869,-3.306170,-2.720000,0.000000,-1.110000,0.880000
2021-02-26,0.223151,1.480445,1.170039,0.295625,1.150434,3.058436,-2.652436,-0.636241,-2.641870,-2.409558,1.210582,-0.203031,-2.492829,-3.395489,-0.975760,-2.352012,-0.623095,-2.296025,-2.680290,-0.868533,-1.538469,-1.015816,-0.280000,0.000000,0.680000,-1.600000
2021-03-01,5.385137,1.962284,1.720380,2.361650,2.829758,0.927844,2.262702,1.996330,0.542692,0.615252,1.269637,2.557568,3.733695,3.111494,0.597186,1.857519,1.106911,2.049997,-0.330458,0.232650,1.116075,3.142198,2.620000,0.000000,1.090000,0.230000
2021-03-02,-2.089355,-1.295673,-1.640426,-0.250280,-2.230946,-3.146274,-0.325567,-0.396996,-0.188321,-0.313788,-0.508361,-0.022042,-0.585114,-0.726442,-0.534275,0.400793,0.344492,0.382166,0.649327,-0.997694,-0.959108,-0.533386,-1.050000,0.000000,-1.090000,1.250000
2021-03-03,-2.445680,-2.698095,-2.893170,-2.570626,-1.386110,-4.486715,1.933195,-0.426370,-1.760776,-0.597264,-1.125676,-0.708339,0.802577,2.504935,2.626088,-0.239491,-1.472475,1.122589,0.617730,-1.382209,-1.936839,-0.866253,-1.550000,0.000000,-0.190000,3.560000
2021-03-04,-1.581166,-0.364738,-0.912816,1.119611,0.873104,-3.393264,-1.536858,-1.559254,-2.016359,-0.820067,-2.498448,-2.984054,3.874720,0.717400,-0.552475,-0.080052,0.556511,0.878477,-1.541621,-1.506547,-0.047051,-2.200144,-1.670000,0.000000,-1.350000,1.700000
2021-03-05,1.073830,2.147934,0.768748,3.104332,2.577205,0.737664,0.232481,1.848725,1.979472,3.135488,1.032171,3.256093,3.781313,1.178118,0.555544,1.702046,3.260132,4.306203,1.330210,-0.539100,1.246776,1.042402,1.870000,0.000000,0.220000,0.620000
2021-03-08,-4.167349,-1.817798,-1.616746,-4.271204,-3.394101,-6.967460,1.325284,2.256177,0.832806,1.055742,2.173400,2.895674,-0.098497,0.541582,-0.116330,1.673552,-0.676561,0.688084,1.422127,-1.859328,-0.960317,6.274007,-0.670000,0.000000,0.600000,3.710000
2021-03-09,4.064960,2.810153,3.756837,1.636877,4.085253,8.033306,-0.706316,0.040850,0.190596,-0.887631,2.289298,1.397698,-1.544269,-2.181572,0.291149,-1.510457,0.090805,-0.227791,-0.040476,2.363377,0.789772,-3.664995,1.770000,0.000000,1.280000,-3.230000
2021-03-10,-0.916670,-0.581747,-0.170102,-0.204380,-0.316124,-0.415336,2.173491,1.275167,0.919468,0.919334,1.112751,1.375766,3.070259,2.890982,1.393308,1.140403,1.005672,1.707764,0.836271,1.584137,2.552585,0.282750,0.670000,0.000000,0.770000,1.820000
2021-03-11,1.650263,2.026520,1.829843,3.160313,3.389965,4.212701,-0.522128,1.335308,-0.006304,-0.337668,0.980352,0.702113,-0.744687,-0.347859,-0.629833,-1.088654,-0.269490,-0.161620,-0.173904,1.488462,-0.037849,0.866403,1.410000,0.000000,1.590000,-2.000000
2021-03-12,-0.762545,-0.581964,-0.774027,-2.406049,-2.000871,-1.058231,1.185830,-0.791501,0.289068,0.969179,1.580795,-0.434465,1.076503,1.879665,0.662625,-0.198195,-0.135106,0.332762,0.838067,0.757659,1.506118,0.208390,0.110000,0.000000,0.140000,1.290000
2021-03-15,2.445700,-0.398751,-0.252794,0.216597,1.993296,2.607722,-0.499523,-0.485824,0.513790,0.327772,1.991937,-0.248225,-2.549628,-0.500780,1.345165,1.330424,-0.007501,-1.174249,2.184977,-0.190276,-0.514485,-0.202879,0.690000,0.000000,-0.120000,-1.270000
2021-03-16,1.274287,1.235045,0.330341,1.433470,2.020079,0.758100,-1.197141,0.640458,0.592187,0.295583,1.270919,0.162410,-2.119561,-0.291380,1.186128,0.372354,0.736652,-2.367370,0.760904,-0.986351,-0.029960,-1.280740,-0.410000,0.000000,-1.090000,-0.850000
2021-03-17,-0.645068,-0.281847,1.418885,-0.080133,1.693621,0.376173,1.029239,-0.747646,-0.371803,-0.403296,-0.726740,-0.967615,0.439853,0.823610,-0.111655,0.039046,-0.291018,0.362337,0.637890,0.592840,-0.832150,0.514826,0.340000,0.000000,0.470000,0.340000
2021-03-18,-3.390505,-2.666219,-3.435878,-2.923805,-1.897796,-4.637848,1.650673,-1.058214,-0.186612,0.218047,1.117760,-3.084415,-4.311936,2.608682,-0.055883,-1.307592,-0.815757,-3.619358,-0.038777,-1.886463,-1.305724,-1.516095,-1.860000,0.000000,-1.740000,2.160000
2021-03-19,-0.448013,-0.160363,1.551191,0.278023,4.123866,0.968733,-1.592141,-6.235825,-0.267969,-0.536137,2.097732,-2.858297,-0.563276,-1.052894,-0.670936,0.474588,1.486480,-0.710741,0.310609,1.836017,1.330661,-0.592876,0.230000,0.000000,1.260000,-0.990000
2021-03-22,2.833575,2.448446,1.167821,0.184023,1.182331,2.650686,-2.687897,0.531666,0.287409,1.695181,-0.055359,0.530120,-1.026736,-2.257996,1.322827,0.373949,2.453510,-0.812518,0.000000,1.696513,0.478218,0.899868,0.560000,0.000000,-1.190000,-2.230000
2021-03-23,-0.688879,0.673776,0.856029,0.523954,-0.991343,-0.875898,-1.000193,0.072119,-0.093430,1.858965,0.359950,-0.873334,-1.234121,-2.018025,-1.777794,0.764705,1.204667,-0.555877,-1.599816,1.748930,1.186084,-2.141455,-1.160000,0.000000,-2.700000,-1.040000
2021-03-24,-1.999362,-0.892340,-1.607330,-0.431077,-2.921228,-3.272583,0.776128,-0.038444,0.972871,-0.030169,0.955266,1.232883,2.028246,0.000000,0.707035,0.252979,-0.466091,2.677261,-0.039338,-0.675784,-0.619668,-2.124737,-0.970000,0.000000,-1.970000,1.460000
2021-03-25,0.416369,-1.325070,-1.321963,-0.003452,-1.205079,-0.852265,1.281365,-0.048068,0.037040,0.694010,1.513211,-0.358686,-0.283992,2.059588,0.168455,0.970483,0.590743,0.353398,-0.222972,2.455304,0.676120,1.185581,0.670000,0.000000,1.680000,1.400000
2021-03-26,0.514117,1.781859,0.189411,-0.380327,1.535470,2.425164,1.665017,2.673462,1.827493,1.475905,2.230963,2.171021,2.723384,2.708467,1.626036,1.960780,2.198648,2.293698,1.735230,1.640042,0.835765,-0.529668,1.560000,0.000000,0.190000,0.680000
2021-03-29,0.148519,-0.524342,0.776531,1.040135,2.756019,0.848971,-1.553931,0.458948,0.673051,1.565146,-0.529931,-0.882200,-0.537160,-0.956597,1.020658,1.527141,1.478625,-0.521036,1.175871,1.173225,1.139643,-0.575498,-0.480000,0.000000,-2.410000,-0.230000
2021-03-30,-1.227451,-1.441085,-0.664560,0.033240,-0.969701,-0.590811,1.178959,-1.216722,-0.620347,-1.541027,0.866965,-1.297825,-1.236945,1.775008,-1.392653,-1.299903,-1.567566,-0.925914,-1.711369,-1.796996,-0.680465,0.367848,-0.030000,0.000000,1.540000,1.010000
2021-03-31,1.876570,1.690749,1.269601,0.784284,2.267372,3.701903,-1.456527,-0.080227,-0.399967,-0.014787,0.141063,-0.600233,-1.517023,-0.769441,0.332306,-0.827837,-0.764689,-1.076184,0.168878,0.780547,0.066319,-0.544383,0.630000,0.000000,1.120000,-2.340000
2021-04-01,0.695853,2.790870,2.162845,3.261060,1.402223,3.472357,0.972214,2.422905,-0.924870,-0.849136,0.819022,2.036201,2.794197,2.067715,0.193225,-0.379427,-0.120184,0.916115,0.000000,0.697904,-0.154624,2.411659,1.270000,0.000000,0.300000,-0.020000
2021-04-05,2.357735,2.772856,2.079405,4.187278,3.431978,1.272475,0.530068,1.005245,0.368491,1.616001,2.485794,1.381811,-1.550790,0.785004,-0.055091,0.571322,1.330702,-1.172574,-0.116715,1.656637,2.809301,-0.248723,1.280000,0.000000,-0.590000,-0.710000
2021-04-06,0.246223,-0.485828,-0.090189,-0.437150,-0.857825,-0.900801,-0.703015,-0.178033,-0.024482,0.036657,-0.513650,0.339380,-0.283179,-0.276383,-0.633950,0.719556,0.356233,-0.889883,-1.571418,-0.194010,0.480562,0.652523,0.000000,0.000000,-0.310000,0.090000
2021-04-07,1.339036,0.823040,1.723734,1.347514,2.230123,2.034398,1.566798,0.283570,0.134655,0.175845,-0.417479,0.408570,0.443749,0.907012,-0.388373,0.169194,-0.180976,0.588928,0.435410,-0.363792,-0.214149,-1.143721,-0.110000,0.000000,-1.590000,0.300000
2021-04-08,1.923363,1.340542,0.607124,0.509165,-0.022359,1.226729,0.122638,0.652142,-0.391168,0.380259,0.627228,1.915599,-1.042613,-0.873865,0.139237,-0.300288,-0.606655,-1.122950,-0.827642,0.671704,-0.064384,-0.127953,0.620000,0.000000,0.590000,-1.170000
2021-04-09,2.025193,1.026655,2.209562,0.899373,-0.178910,0.579730,0.747795,0.824653,-1.055444,-0.648390,1.526610,0.619462,-0.232132,0.730487,1.779772,0.112939,0.021040,-0.097082,1.086253,0.550884,0.050095,0.304275,0.650000,0.000000,-0.640000,0.150000
2021-04-12,-1.323303,0.023438,0.213212,-1.147240,-0.294430,5.618053,-0.211139,-0.471864,0.241871,0.403302,0.488648,-0.063120,-0.662276,0.175007,1.010924,0.319668,0.315617,-1.107640,-0.117951,0.440543,0.014323,-0.745105,-0.040000,0.000000,-0.600000,0.560000
2021-04-13,2.430651,1.008173,0.609875,0.437053,-0.571337,3.093559,-1.192710,-0.203184,-1.336311,-1.321929,-0.121571,-0.450187,0.378393,-1.847214,0.513940,-0.487353,0.021007,0.451969,0.275537,0.109635,-0.307592,-0.536229,0.410000,0.000000,-0.300000,-1.600000
2021-04-14,-1.785313,-1.121897,-1.970592,-0.555361,-2.240461,-2.567054,-1.869034,0.434356,0.275913,0.362682,-0.118608,0.050235,2.889962,1.424232,0.026882,-0.018814,-0.657118,1.985509,-0.039292,-0.558581,-0.035861,1.062056,-0.340000,0.000000,0.790000,1.410000
2021-04-15,1.870781,1.529787,1.382841,1.933182,1.651133,5.631035,0.634870,1.937098,0.293910,1.209410,0.849939,2.159551,-0.593149,-2.858591,1.156859,0.470989,0.140748,-0.815206,0.340341,1.550219,0.602915,-0.816182,1.060000,0.000000,-0.440000,-1.190000
2021-04-16,-0.252814,0.477859,0.602234,-0.109406,-0.532778,-1.392746,0.742631,0.057464,1.153416,0.007278,1.654597,-0.082795,-0.561604,1.058352,2.579770,0.656276,1.299965,-0.444784,1.056600,0.520622,0.321060,0.715327,0.270000,0.000000,-0.360000,0.650000
2021-04-19,0.506874,-0.767045,-0.806901,0.307092,-1.286818,-3.461131,-0.424004,-0.273872,0.277382,-0.466282,-0.374908,-1.038390,-0.317678,0.051072,0.933385,0.596117,0.409275,0.291378,0.245252,-0.315602,-0.640066,0.090785,-0.720000,0.000000,-0.780000,0.790000
2021-04-20,-1.282991,-0.185514,-1.106757,-0.469477,0.135651,-1.240084,-2.214250,-1.111641,2.329583,0.834502,-0.884182,-1.447059,-2.106932,-2.782737,0.256871,0.314822,0.663244,-1.869059,1.171771,0.589895,0.773049,-2.475601,-0.930000,0.000000,-1.180000,-1.570000
2021-04-21,0.292974,0.898296,0.819567,-0.028960,-0.389877,1.247431,0.850813,1.867612,0.066073,-0.653378,0.614264,1.717879,1.284116,1.680681,1.281066,0.812241,0.871534,1.381624,0.840044,0.634873,0.291200,0.175064,1.100000,0.000000,1.380000,0.120000
2021-04-22,-1.168509,-1.308612,-1.575840,-1.133716,-1.641948,-3.321839,-2.105719,0.052770,-0.846384,-0.992768,-1.377533,0.067855,-1.303583,-0.929756,-2.251458,-0.311273,-0.619083,-1.732710,-1.602954,-0.756508,-1.083561,-0.191126,-0.780000,0.000000,0.660000,-0.770000
2021-04-23,1.803866,1.547608,0.962219,2.104745,1.554698,2.794572,1.913539,1.067803,0.205831,-0.512534,0.755967,0.965161,0.542810,2.137638,0.051755,0.055084,-0.164345,0.594349,-0.102610,0.544087,0.164655,0.142252,1.260000,0.000000,0.750000,0.690000
2021-04-26,0.297741,0.153191,2.038978,0.434797,0.634262,1.393690,0.246307,0.147821,-0.845825,-2.000880,-1.204145,0.105928,0.197962,0.587029,0.051741,-1.487033,-1.693747,-0.029514,-0.449380,-1.275165,-1.422443,0.682992,0.410000,0.000000,0.880000,-0.500000
2021-04-27,-0.244924,0.160557,0.247292,-0.820367,0.174917,-0.621865,0.458319,-0.186673,-0.572755,-0.060961,0.187516,0.412942,1.311042,1.192607,-0.594640,-0.149081,-0.327843,1.162321,-0.219280,0.458573,0.340798,0.200789,-0.030000,0.000000,-0.160000,0.850000
2021-04-28,-0.602738,-2.828562,1.201779,2.970783,1.162805,-0.682629,0.647912,1.539728,-0.735369,0.167731,-0.274509,1.691206,3.013660,0.376102,0.936304,0.018642,-0.741815,2.453748,-0.349074,-0.167470,-0.354074,-0.676991,-0.070000,0.000000,0.180000,0.200000
2021-04-29,-0.074859,-0.805307,0.370393,1.429389,7.297297,0.314209,1.944450,1.460707,1.370541,0.844724,1.760979,-1.693406,1.428322,2.698011,-0.541108,1.250244,1.487688,1.596663,-4.423371,1.285271,1.261868,1.057858,0.400000,0.000000,-1.130000,1.090000
2021-04-30,-1.513357,-0.130692,-0.112064,-1.640775,-1.344412,-2.057120,-0.889213,-1.393228,-0.895259,0.686762,-0.513294,-1.771455,-2.884275,-1.410876,0.129540,-0.516029,0.152837,-3.582823,1.112899,-0.388196,0.200514,0.372314,-0.820000,0.000000,-0.430000,-0.330000
2021-05-03,0.821575,-0.126885,-2.334017,-0.442747,-0.769050,-1.150931,-0.292550,-0.406744,1.524001,1.184202,2.039116,-0.696204,2.760307,0.074020,3.053040,0.926264,1.130710,2.386737,1.986593,1.943074,1.579594,-0.274178,0.180000,0.000000,0.440000,1.700000
2021-05-04,-3.538560,-1.615991,-2.203454,-1.547112,-1.308191,-3.272281,1.382323,-0.249361,1.549560,-0.340730,0.756934,-0.919893,0.629022,1.084838,0.301263,-0.624081,-1.255252,0.549636,0.013173,-1.062411,-0.985090,-0.679204,-0.890000,0.000000,-0.750000,2.000000
2021-05-05,0.195548,-0.532689,-1.247943,0.344195,-1.049127,0.747301,1.312072,-1.215358,-0.417267,-0.802725,-0.216357,-1.800953,3.007267,0.951193,0.050094,-0.258603,-0.048628,2.685866,2.250310,-0.743435,-0.085244,-1.487117,-0.050000,0.000000,-0.460000,1.330000
2021-05-06,1.280236,1.322654,1.095540,0.975480,1.587198,0.446123,2.012444,0.920569,0.401041,1.258785,1.665418,1.717499,0.951278,1.497937,-0.985394,1.000008,1.160622,0.055073,0.102959,2.754372,0.714022,0.154271,0.490000,0.000000,-0.790000,1.180000
2021-05-07,0.532746,1.093187,-0.446406,0.623775,-0.293740,1.991641,0.342270,0.345821,0.453094,0.007395,0.494704,-0.021303,1.429740,0.404679,0.995213,-0.054983,0.000000,0.917248,0.809960,0.407577,-0.602634,1.677769,0.840000,0.000000,0.420000,-0.080000
2021-05-10,-2.580446,-2.091418,-3.072053,-2.558745,-4.108663,-3.689507,-0.012402,-2.649489,1.050463,1.864593,0.551205,-2.413449,0.240274,-0.308222,0.707379,0.733788,0.796917,-0.408999,-0.306076,-0.738973,0.442228,-0.292151,-1.350000,0.000000,-1.670000,1.680000
2021-05-11,-0.741035,-0.384326,1.047482,-0.946443,0.183022,0.283906,-1.662315,-0.216834,-0.816357,-0.493914,-3.066392,0.346693,-3.179945,-1.141477,-1.279443,-1.074486,-0.729276,-2.619325,-0.908266,-0.865081,-0.901857,-1.427029,-0.630000,0.000000,0.950000,-0.870000
2021-05-12,-2.493854,-2.936288,-2.232380,-3.075246,-1.298413,-3.828756,-0.687521,-2.150964,-0.402694,-1.058468,-4.131125,-2.989591,0.535844,-0.938182,0.864010,-0.515443,-0.974952,0.627938,0.697101,-1.581227,-2.586910,-2.102708,-2.340000,0.000000,-1.320000,0.700000
2021-05-13,1.791976,1.686190,0.302354,1.308498,0.895721,-0.677764,2.572243,1.556899,1.046424,1.608390,2.656174,0.953422,-1.232508,1.602715,1.033028,0.869727,1.483696,-0.642667,0.884624,1.969350,1.691937,0.275515,1.040000,0.000000,0.260000,1.130000
2021-05-14,1.984468,2.106751,1.943085,2.213488,3.498633,4.227894,1.554155,1.430235,0.152949,0.210548,-0.550077,1.080485,2.478922,1.242813,-0.199488,0.403571,0.150342,2.615318,-0.508303,1.288428,0.925937,-2.601774,1.790000,0.000000,0.980000,-0.160000
2021-05-17,-0.925842,-1.196866,1.473515,0.462605,-0.151906,-0.544131,0.402418,-0.220337,0.099884,-0.202889,-1.118547,-0.167619,2.336673,0.897105,0.224877,-0.164433,-0.286521,1.224072,2.018114,-0.119651,-0.451574,-2.084053,-0.240000,0.000000,0.590000,0.840000
2021-05-18,-1.124586,-0.856501,-1.165306,-1.155555,-1.743488,-1.057143,-1.408864,-0.384210,0.035207,-1.023714,-1.018708,-0.063312,-2.830034,-1.357048,-0.149608,-0.549058,-0.451515,-3.005381,-0.613487,-0.299494,2.174395,-0.235190,-0.700000,0.000000,0.260000,-0.930000
2021-05-19,-0.128148,0.247386,-0.014851,0.399122,1.171132,0.356735,-0.763784,-0.434458,-0.217095,0.205385,-0.726131,-0.575644,-2.399472,-0.450665,-0.549288,-0.312844,-0.054986,-2.806580,-0.025194,-0.822870,0.007052,-0.241626,-0.340000,0.000000,-0.380000,-0.460000
2021-05-20,2.101220,1.382035,0.491371,1.560638,1.600811,3.887105,-0.173795,0.823729,0.582108,1.024860,0.461125,1.861592,-0.237374,-0.238304,0.728084,0.886112,1.237719,0.348865,0.378047,1.032511,0.352307,1.234715,1.140000,0.000000,-0.100000,-1.420000
2021-05-21,-1.476709,-0.531461,-1.373285,-0.555716,-0.746999,2.595363,1.137843,0.145738,-0.064300,0.000000,-0.041154,-0.027180,0.135961,1.265882,-0.423741,-0.054913,-0.088282,0.540762,-0.602580,-0.745598,-0.470444,0.606907,-0.040000,0.000000,0.220000,0.980000
2021-05-24,1.331424,2.288192,1.308422,2.916595,2.656285,4.137288,0.541014,1.124484,0.382573,-0.028948,-0.294534,1.300302,1.171085,0.542448,-0.350402,0.329560,0.509843,1.421426,-0.189435,0.717041,0.007077,1.107890,0.990000,0.000000,-0.370000,-0.700000
2021-05-25,-0.157374,0.374837,0.433285,0.077497,0.973429,0.228995,-1.033381,-0.130818,-0.275602,0.340669,0.606679,-1.385683,-2.264731,-1.454406,-1.205740,-0.018235,0.304369,-1.638259,-1.935978,0.503326,0.409140,1.067070,-0.300000,0.000000,-0.610000,-1.230000
2021-05-26,-0.039389,-0.091371,0.187476,0.738093,-0.039663,0.333930,-0.012366,-0.851458,-0.593828,-0.223925,0.183098,-1.244462,1.167195,0.071444,-1.042489,0.438002,0.000000,0.240697,-0.348383,0.062289,-0.119433,0.170286,0.460000,0.000000,1.750000,0.570000
2021-05-27,-1.237681,-0.866831,-1.073456,-0.740667,1.553417,-1.350329,1.557202,-0.092469,-0.153803,-2.273409,0.453778,-0.179256,-0.644702,1.213120,-0.693722,0.835930,-1.207019,-1.066088,-1.696225,0.487507,-0.337669,1.456326,0.270000,0.000000,0.800000,0.950000
2021-05-28,-0.534815,0.148394,-0.217943,-0.246765,-1.208090,4.884442,-0.066927,0.193944,0.260651,-0.096299,0.043932,-0.392266,-0.324466,-0.376028,0.207004,-0.360426,0.976040,0.757189,-0.039519,-2.381939,0.239987,-0.217820,0.040000,0.000000,-0.290000,-0.320000
2021-06-01,-0.264823,-0.913166,-0.137141,1.032329,0.121660,0.123114,1.102021,-0.294762,-2.197930,-1.460884,-0.815288,-0.219093,3.580613,1.250292,-0.593868,-0.018098,-0.209533,2.755578,-0.935584,-0.010570,-0.260500,0.106350,0.030000,0.000000,1.110000,1.440000
2021-06-02,0.627623,-0.040413,0.476596,-0.444746,0.006102,3.158734,0.006037,1.336974,0.404773,0.436492,-0.454456,1.962268,0.793899,0.046596,0.753261,0.397974,0.399661,1.340824,0.917800,0.623947,-0.218827,-1.028845,0.110000,0.000000,-0.130000,0.320000
2021-06-03,-1.215422,-0.642943,-1.452694,-0.970650,-0.944886,1.141316,0.066249,-0.674906,-0.096254,1.790795,-0.574659,-1.371124,0.393856,1.145924,0.464015,0.252258,0.356761,-0.453351,2.092643,0.861839,0.176842,-0.429384,-0.530000,0.000000,-0.540000,0.730000
2021-06-04,1.902231,2.067471,0.602766,1.959043,1.321939,3.585802,0.162480,0.889919,-0.042163,0.073607,-0.134870,1.160797,0.441294,0.046265,0.461896,1.078364,0.115155,0.799312,0.270603,0.950818,0.176556,0.533368,0.900000,0.000000,-0.350000,-0.910000
2021-06-07,0.007932,1.204199,-0.256069,0.364734,1.885868,0.231831,-0.468642,0.512712,-0.680858,0.345712,-0.337587,-0.530043,-0.650923,-0.346670,-0.408689,-0.355620,-0.060907,-0.645450,-1.767640,-1.837294,-0.669711,-0.107232,0.140000,0.000000,1.560000,-0.950000
2021-06-08,0.667187,-0.488552,2.066915,-0.160689,-0.861615,-0.919461,-0.398399,0.315607,-0.879643,-1.158186,0.303260,0.324104,1.769033,-0.556600,-0.359041,-0.695938,-0.933979,0.909505,-0.549458,-0.184011,-0.759409,-0.372906,0.180000,0.000000,1.140000,-0.310000
2021-06-09,0.307733,0.403851,0.522035,0.396098,-1.027912,-0.542911,-1.248510,0.112044,1.346474,-0.037089,-1.145076,-0.528385,0.836940,-1.305956,2.471056,-0.305464,-0.184495,-0.873710,2.265179,0.068456,-0.536364,-0.164472,-0.290000,0.000000,-0.300000,-0.840000
2021-06-10,-0.802341,1.439326,2.087685,1.129170,0.669195,0.384585,-1.558835,0.705945,0.899830,0.741904,0.315634,0.266967,0.159623,-1.488675,2.185374,0.775034,1.026720,0.584530,2.836314,0.802715,0.575209,0.301077,0.410000,0.000000,-0.890000,-2.050000
2021-06-11,0.983271,0.252676,-0.084183,-0.202438,-0.360942,2.296935,-0.068586,0.431727,-1.268857,-0.684879,0.797895,0.329402,-0.924295,0.407774,-1.302880,0.447165,0.060958,-0.461218,0.170748,-0.308080,0.621975,0.458743,0.370000,0.000000,0.670000,0.170000
2021-06-14,2.457783,0.775569,1.106713,0.769891,1.663319,1.085551,-1.696933,-0.374550,0.248515,0.037077,-0.466558,0.279058,-0.160870,-1.194447,-1.295146,-0.340863,0.595833,0.055608,-0.224828,0.505453,-0.134986,0.451004,0.150000,0.000000,-0.310000,-1.620000
2021-06-15,-0.643768,-0.588757,-0.021870,-0.837927,-0.005909,-1.277810,-1.516771,-0.469919,-0.532113,-0.192730,-0.927864,0.436563,3.641070,0.072532,-0.100924,-0.252013,0.006728,2.157998,0.331367,0.039092,-0.398427,-1.302051,-0.300000,0.000000,-0.010000,1.280000
2021-06-16,0.393391,-0.379314,0.949418,-0.532873,-1.683770,0.122257,0.702397,-1.450750,-0.036477,-1.388778,-1.197592,-1.168097,-0.357521,0.555677,-0.732510,-1.335529,-0.996069,-0.571167,1.202099,-1.172141,-2.035708,-0.682363,-0.460000,0.000000,0.450000,0.200000
2021-06-17,1.260098,1.367647,2.166464,0.803993,1.640098,4.755688,-2.886049,1.110610,0.480430,0.911299,0.112279,0.953759,-3.291745,-4.372888,0.458005,0.512187,0.965309,-2.370753,0.809280,1.407429,0.415595,-0.005741,0.010000,0.000000,-0.490000,-3.570000
2021-06-18,-1.009182,-0.563450,-0.067066,-1.340928,-2.035591,-0.099156,-2.530287,-0.749519,-1.961003,-1.462834,-0.168208,0.035405,-2.564914,-2.562805,-1.697049,-2.147414,-2.087273,-3.773232,-0.802784,-1.005843,-1.851564,-1.276823,-1.230000,0.000000,-0.420000,-1.440000
2021-06-21,1.410436,1.233480,-0.944680,1.416614,0.797775,-1.134728,1.696849,1.696986,1.148283,0.787722,1.648941,1.543172,3.625818,2.501257,1.571739,1.097274,0.783961,2.931179,0.182758,1.554294,0.909938,0.898971,1.360000,0.000000,0.610000,1.060000
2021-06-22,1.269799,1.096588,1.490466,0.425245,2.028361,2.493561,-0.146218,0.687092,-0.134284,0.037563,1.661259,1.326769,1.917237,0.553461,0.482012,0.367908,0.150078,0.330037,-0.729662,1.390893,0.461903,-0.270159,0.580000,0.000000,0.040000,-0.430000
2021-06-23,-0.208995,-0.090384,-0.046219,-0.166362,0.460136,0.902741,0.605796,-0.529804,-0.605053,-0.142713,-0.332560,-0.767109,0.736800,0.575472,-1.413796,-0.806436,-1.314860,-0.122198,-0.800599,-0.053516,-0.780847,1.054750,0.000000,0.000000,0.550000,-0.290000
2021-06-24,-0.216908,0.535298,-1.562295,0.305419,0.760442,0.777949,0.919795,0.664726,0.454995,0.067706,0.054538,-0.103976,0.404596,1.567172,0.358490,0.498871,0.566077,0.818682,1.031973,0.025496,0.698724,1.482916,0.690000,0.000000,0.660000,0.230000
2021-06-25,-0.224870,-0.626186,-1.380656,0.006933,-0.527427,-0.908592,1.009771,0.457151,0.514225,1.428327,0.573997,1.296889,0.216992,1.934813,-0.535817,-0.128698,0.508011,0.149344,1.100077,0.622350,1.183262,0.236041,0.310000,0.000000,-0.700000,0.430000
2021-06-28,1.254624,1.396119,1.247409,0.022460,4.180211,5.012878,0.181771,-1.361029,-0.115722,0.296483,0.207285,-3.142707,-2.551808,-0.144157,0.359165,-0.110443,0.430270,-3.084810,-0.440408,0.514556,-0.310402,-0.998028,0.210000,0.000000,-0.510000,-1.590000
2021-06-29,1.149984,0.997292,0.123403,-0.215037,-1.054418,0.208907,-0.123103,0.794567,0.006058,-0.679841,1.259979,0.087030,-0.618951,-1.612118,-0.051135,-0.737204,-0.067988,-0.221167,0.455362,0.567412,-0.579282,-1.495172,0.010000,0.000000,-0.240000,-0.300000
2021-06-30,0.462133,-0.184233,-0.231430,-0.149662,-1.187873,-0.121089,0.908266,-0.902737,0.432875,0.394319,0.204272,-0.790753,0.734598,0.831514,0.153478,0.464164,0.837101,0.944471,0.725292,-0.782355,2.709385,1.057907,0.070000,0.000000,-0.110000,0.750000
2021-07-01,0.226372,0.258424,-0.209000,0.290769,1.921151,1.047347,0.990089,0.568813,0.740542,0.229759,0.830998,1.539346,0.285328,0.751875,1.021427,-0.277204,0.020243,1.403495,0.282855,-0.288142,-1.205516,0.847708,0.440000,0.000000,0.360000,0.440000
2021-07-02,1.959617,2.227523,2.272375,2.297360,0.087466,1.360600,-0.096038,1.479921,1.819743,0.488022,0.360758,1.165343,-0.142269,-0.938868,0.429733,0.407706,0.479105,-0.131828,0.782190,1.117778,0.567052,-0.084619,0.560000,0.000000,-1.350000,-0.700000
2021-07-06,1.471862,0.003623,4.692711,0.744468,-0.541314,1.032367,-1.679158,0.406461,-0.597724,0.058848,-1.065998,0.290615,-2.849443,-2.624531,-1.107486,-0.553715,0.147692,-1.960966,-0.623400,-0.020036,-0.121325,-1.931018,-0.270000,0.000000,-0.640000,-2.000000
2021-07-07,1.795494,0.817546,0.566956,0.225068,-0.649152,-1.578648,0.117342,0.166954,0.857305,0.750110,1.321805,-0.584908,-1.564276,-0.798636,0.152730,0.816630,0.442564,-1.019347,0.576089,1.459157,-0.164373,-0.500879,0.100000,0.000000,-0.900000,0.080000
2021-07-08,-0.919954,-0.896678,0.942223,-1.130676,-1.380913,-2.302198,-1.725381,-1.412485,-0.194808,-0.014583,-1.527148,-0.880910,-0.446942,-2.440221,-0.254145,-0.349774,0.046745,-0.320609,-0.560054,0.610365,-0.085890,-0.011577,-0.860000,0.000000,0.150000,-0.790000
2021-07-09,1.305488,0.187498,-0.323470,0.379455,1.380033,0.741097,3.199933,0.786091,0.396295,0.036497,1.114467,0.742875,1.812436,3.249114,0.917202,0.609626,-0.253576,1.432742,-0.166464,1.282071,0.508643,2.453690,1.260000,0.000000,0.620000,1.570000
2021-07-12,-0.420365,-0.223063,-0.021235,1.160801,0.781908,2.305456,1.431604,-0.251597,-0.159092,0.080291,-0.108679,0.702502,-0.098013,1.473498,0.378707,0.036739,0.020083,0.201813,-0.564136,-1.088819,-0.178183,4.145967,0.230000,0.000000,-0.160000,0.560000
2021-07-13,0.788929,1.319734,-1.107695,0.288238,-0.302981,-1.279661,-1.487339,1.883398,-0.123901,-0.123987,-1.457690,2.170096,-0.474084,-1.895153,-0.276678,0.991197,2.307548,-0.335648,0.077359,-0.201052,0.378423,-0.395925,-0.550000,0.000000,-1.120000,-0.410000
2021-07-14,2.410062,0.544538,0.117477,0.703222,-1.266710,-2.017329,-0.340522,1.501948,0.679396,0.737392,0.684471,1.847747,-2.217472,-2.508780,0.756612,2.253703,1.032920,-1.885870,0.012879,0.709978,0.690025,-0.125234,-0.250000,0.000000,-1.160000,0.350000
2021-07-15,-0.449223,-0.523854,-1.371114,-0.960721,-0.911900,-4.411197,0.219168,1.040679,-1.202921,0.855214,1.093276,-0.145848,-0.974282,-0.077198,0.350450,0.319951,0.459444,-0.657057,0.360759,0.456149,0.077687,0.397997,-0.380000,0.000000,-0.350000,0.790000
2021-07-16,-1.407607,-0.099686,-1.585423,-0.027552,-0.958026,-4.245700,-2.283533,-0.173000,-0.160344,0.970106,-0.362575,-0.796972,-2.765061,-2.343544,0.648554,-0.070868,0.367153,-2.645593,0.154023,-0.352097,-0.070579,-2.628297,-0.760000,0.000000,-0.230000,-1.270000
2021-07-19,-2.691416,-1.332126,-0.672703,-1.883921,-1.234015,3.407018,-3.251936,-3.107374,-0.725782,-0.049823,-0.830380,-5.597737,-3.436855,-2.610763,-0.495688,-1.187951,-0.012852,-2.697233,-1.243258,0.921116,-0.233121,-3.546928,-1.420000,0.000000,0.320000,-1.770000
2021-07-20,2.597394,0.833897,0.664861,1.309640,1.397828,-0.893236,1.864346,0.952537,0.940800,-0.534056,2.032184,2.446316,1.102076,2.057919,2.241612,0.179451,0.012853,0.593997,-1.142141,0.504647,0.453158,2.197166,1.700000,0.000000,0.800000,0.140000
2021-07-21,-0.513170,0.744641,0.336111,1.061320,1.337598,4.287561,2.104054,0.395581,0.617404,-0.350777,0.310445,1.514429,3.216571,2.043007,-0.073106,1.289613,-0.372213,3.408266,0.288854,-0.295494,-0.493422,0.079200,0.950000,0.000000,0.630000,0.810000
2021-07-22,0.962858,1.684466,1.473564,0.684052,1.432576,0.947950,-1.262588,0.196979,0.289113,-0.383113,0.091932,0.552567,-1.125329,-1.300029,1.097032,-0.141461,-0.032227,-1.001807,0.183284,0.609612,0.070832,-0.994964,0.100000,0.000000,-1.330000,-1.020000
2021-07-23,1.198881,1.233645,0.511538,3.576912,5.296259,-0.183727,-0.192153,1.998858,1.064807,1.444099,1.891863,2.904540,-0.122585,-0.684972,0.506416,0.956268,1.282289,0.040491,1.319730,1.410647,0.821135,0.576719,0.990000,0.000000,-0.100000,-0.450000
2021-07-26,0.289485,-0.214030,1.180864,0.766822,0.722037,-1.349805,0.670486,0.493930,0.046576,0.350536,-0.498740,-0.116975,2.524562,1.140593,0.311875,0.087703,-0.069938,2.114094,-0.386947,-0.047234,0.140437,1.476096,0.180000,0.000000,-0.100000,1.330000
2021-07-27,-1.490051,-0.868375,-1.984688,-1.592886,-1.248450,-0.445737,-0.131860,0.271716,0.459674,0.406349,-1.183636,-0.644111,-1.111489,-0.393380,0.693610,0.350506,0.553859,-0.336790,0.789796,0.262273,0.007000,0.425204,-0.650000,0.000000,-0.650000,0.590000
2021-07-28,-1.219585,-0.111656,0.108374,3.179683,1.487186,1.535833,0.165043,-1.590077,-0.278040,-1.483864,-0.531699,-1.750046,0.674384,0.394933,3.206669,-0.908140,-0.918048,0.566516,0.616544,-0.499600,-0.406641,-0.222856,0.270000,0.000000,1.400000,-0.640000
2021-07-29,0.455229,0.097812,-0.837394,-0.232536,-4.007721,0.815227,0.857001,0.396842,0.000000,0.518894,0.586738,1.400478,1.219517,1.442433,-0.627021,0.546337,0.204454,1.373792,-1.787275,0.913570,0.126730,-0.418759,0.410000,0.000000,0.000000,0.940000
2021-07-30,0.151059,-0.554979,-7.564891,-0.774064,-0.563734,-0.829014,-0.797456,-0.617125,0.011663,1.971610,0.232128,-0.738163,-2.307825,-0.827281,0.046740,-0.035040,0.089282,-0.740954,-0.078017,1.044000,0.217960,-1.306414,-0.650000,0.000000,-0.070000,-0.180000
2021-08-02,-0.233082,-0.031551,0.116904,0.094998,-1.220882,1.287270,-0.401843,-2.682732,0.040624,-0.246114,-0.295571,-2.767250,0.017378,-1.042741,2.686264,-0.263010,-0.401364,-0.176791,-0.897613,-0.186158,-0.231519,-0.267013,-0.120000,0.000000,-0.130000,-0.450000
2021-08-03,1.264442,0.807533,1.043375,0.575081,-0.201741,0.329096,1.137762,-1.121868,1.230630,1.458979,1.442461,-2.041259,1.076753,1.554237,3.912658,0.070297,0.223870,0.954420,0.301914,1.433817,1.124992,-1.458282,0.730000,0.000000,-0.470000,0.930000
2021-08-04,-0.278299,-0.212472,-0.342224,-0.371980,2.186550,2.316425,-1.079181,-0.177142,-0.590637,-1.055896,-0.491070,0.111533,-2.336765,-0.726305,-1.072700,-1.440602,-1.672302,-2.241699,-1.217104,-0.006870,-0.681363,-0.236985,-0.390000,0.000000,-0.610000,-1.570000
2021-08-05,0.074894,1.050568,0.634036,0.833269,1.128367,1.790465,1.262885,1.495763,0.190370,0.049168,0.847715,1.067917,0.633327,1.959747,-0.287642,0.713009,0.168774,0.927238,0.145706,1.873377,1.855199,2.393080,0.740000,0.000000,1.130000,-0.120000
2021-08-06,-0.476739,-0.020725,-0.919733,-0.376494,0.148782,-1.313154,2.840363,0.495397,-0.333949,-0.764939,-0.981666,0.696350,1.153876,2.895926,0.022193,0.247776,0.012989,0.711226,-0.198412,-0.803265,-0.178714,0.237679,0.090000,0.000000,0.060000,1.880000
2021-08-09,-0.034184,-0.390366,-0.091773,0.865277,-0.522686,-0.348617,-0.107977,-0.579961,0.346608,0.544502,-0.327436,-1.027985,-1.140714,1.295145,2.019070,0.017674,0.012953,-1.667469,-0.159069,0.191083,0.240995,-0.231472,0.000000,0.000000,-0.360000,-0.270000
2021-08-10,-0.335392,-0.655508,-0.634082,-0.077400,-0.132738,-1.768935,1.226748,-0.804159,0.034511,0.063314,0.827358,-0.766148,1.713304,1.868716,4.806446,0.264782,0.051805,1.825439,-0.172617,0.581165,2.129435,0.198063,0.060000,0.000000,0.010000,1.820000
2021-08-11,0.178557,0.178071,-0.860364,-0.385975,-0.324000,-1.188802,1.193041,-1.264335,0.017305,0.245985,1.665271,-0.978680,0.292186,1.255131,-3.901232,-0.123245,0.394991,0.754304,0.026623,0.286664,0.894526,0.576037,0.200000,0.000000,-0.010000,1.440000
2021-08-12,2.077323,0.996676,0.345981,0.671418,0.747317,1.045734,0.390888,-1.256706,0.805508,0.231407,-0.884278,-0.620497,-0.226140,0.476778,2.008225,0.193888,0.019386,-0.204180,1.103549,0.238580,-0.267631,0.673801,0.240000,0.000000,-0.590000,-0.410000
2021-08-13,0.141069,1.048952,-0.288483,0.388867,0.146140,1.421750,-1.118727,0.371024,0.599319,0.482682,-0.808341,0.212736,-1.011350,-1.233721,2.624882,0.686146,0.935050,-0.662516,0.894277,0.552386,0.315313,0.998405,0.020000,0.000000,-0.840000,-0.270000
2021-08-16,1.354777,0.597575,0.152395,0.422559,0.930673,-1.178905,-0.656328,1.164826,0.902118,0.696192,1.125796,0.223314,-1.462021,-0.816702,0.886963,0.436847,0.977486,-1.019997,1.577165,1.125444,0.815854,-1.098970,-0.030000,0.000000,-0.850000,0.060000
2021-08-17,-0.615379,-0.515970,-1.728703,-1.191497,-2.212460,-2.466145,-1.208116,-0.352619,0.916568,0.165955,-4.267996,-0.090779,-0.679309,-0.484358,3.087292,-0.347953,-0.094894,-0.188265,1.154896,-0.114834,-0.033153,-1.820315,-0.790000,0.000000,-0.450000,-0.130000
2021-08-18,-2.550115,-0.611895,-1.256649,-0.887251,-0.836941,-2.148231,-0.910742,-1.236535,-1.270416,-1.090600,0.249400,-0.627708,-2.105822,-0.730136,-2.201497,-1.361734,-1.025947,-2.706516,-1.319310,-1.355166,-1.061675,-0.619911,-0.960000,0.000000,0.110000,-0.180000
2021-08-19,0.232301,2.077499,-0.420782,0.170547,-0.092838,3.981062,-0.835573,-0.025904,0.778852,1.179371,0.419839,-1.008472,-3.052058,-1.470927,-1.034282,0.637160,1.682859,-2.492256,0.861309,1.804090,0.677376,-0.852696,-0.130000,0.000000,-0.790000,-0.830000
2021-08-20,1.015650,2.557587,0.382715,1.289438,1.196782,5.141922,0.285190,-0.090678,0.487185,0.068978,1.963443,-0.649271,0.018979,0.447849,-0.163934,-0.386920,-0.352396,0.010606,0.280378,1.041266,0.892680,1.079359,0.920000,0.000000,1.000000,-0.500000
2021-08-23,1.025756,0.095230,2.060036,1.900613,1.107492,5.486208,1.279742,1.201574,-0.431669,-0.510046,-0.455608,1.695828,4.114507,1.337631,2.483589,-0.353098,-0.315759,2.576877,-0.381285,-0.884584,-0.660290,1.450438,1.070000,0.000000,0.930000,-0.830000
2021-08-24,-0.060135,-0.666371,1.222032,0.871176,0.594470,-0.751454,0.619004,0.042711,-1.249934,-0.810530,-0.866547,0.213281,0.819543,1.393294,-3.104364,-0.761861,-1.241684,1.147522,-0.842039,-0.690229,-1.030237,0.455911,0.400000,0.000000,0.360000,0.350000
2021-08-25,-0.842130,-0.201508,-0.199651,0.578697,0.787957,1.927245,2.061265,-0.704398,-0.661387,-0.356210,-0.313906,-0.740784,0.180631,1.615269,-1.798233,0.107118,-0.442642,0.684810,-0.836351,-0.123932,0.040277,-0.089638,0.270000,0.000000,-0.040000,0.360000
2021-08-26,-0.552736,-0.966863,0.509826,-0.449390,-1.088532,-0.652762,0.515788,-0.889983,-0.533765,-0.175195,-0.741013,-1.737678,-1.352323,-0.260979,-0.273647,-0.945236,-0.367248,-1.309497,-0.648780,-0.425505,-1.080812,-0.981434,-0.650000,0.000000,-0.390000,-0.330000
2021-08-27,0.718479,0.210642,1.014176,1.812419,2.264111,2.573862,0.803689,0.941363,-0.213512,-0.077256,0.590995,0.813368,1.937486,1.070398,-1.646284,0.198034,0.200472,1.460600,-0.352571,0.229253,-0.563277,2.027632,1.070000,0.000000,1.610000,0.310000
2021-08-30,3.041715,1.291202,2.147700,0.407272,2.154967,0.229700,-1.600729,-0.627457,0.422135,0.435679,1.150351,-0.753391,-1.093772,-1.953418,0.343368,0.952386,0.684144,-0.253467,0.262091,1.241288,0.805360,-0.088824,0.350000,0.000000,-0.330000,-1.390000
2021-08-31,-0.842472,-0.563285,1.438520,0.074003,-0.336271,-1.318098,-0.305420,-0.921146,-0.305184,-0.377803,-0.281265,-1.931734,-1.160257,0.216049,-1.475620,0.231400,0.249980,-1.646502,-0.274507,-0.096513,0.270812,0.733422,-0.130000,0.000000,0.440000,-0.040000
2021-09-01,0.447844,-0.016555,0.236541,0.358006,0.703777,0.250157,-0.143777,0.445214,0.352342,1.018312,-0.274223,0.964663,-1.375639,-1.341333,-0.065139,0.674842,0.971941,-1.095375,-0.144183,0.226114,-0.216063,1.202423,0.110000,0.000000,0.590000,-0.960000
2021-09-02,0.747512,-0.225297,-0.456448,-1.328024,-1.772011,-0.200524,0.463305,-2.581262,0.684924,0.076458,1.266832,-2.371459,2.436296,0.097636,1.737640,0.141119,0.073323,2.089633,1.233911,0.974767,0.527803,-0.882925,0.350000,0.000000,0.100000,-0.020000
2021-09-03,0.423045,-0.003302,0.431109,0.315800,0.261142,1.995923,-0.604488,0.414841,0.062876,0.069476,0.793294,-0.307678,-0.381285,0.073124,0.000000,-0.070464,0.089199,-0.225165,0.181560,0.342758,0.464461,-0.472898,-0.020000,0.000000,-0.380000,-0.280000
2021-09-07,1.548910,-0.318812,0.898202,0.376361,1.573379,-0.792391,-0.175579,0.515313,-1.553927,-0.374860,-0.420756,1.316746,-0.583178,0.657751,-0.192154,-1.868509,-1.629633,-0.441050,-1.656752,-0.637733,-1.326660,1.845303,-0.360000,0.000000,-0.130000,-0.080000
2021-09-08,-1.008342,0.010023,0.461917,-0.408581,-1.206244,-1.425304,-0.445943,1.246283,-0.243739,0.759508,0.799486,1.836337,-0.916616,-1.306896,-0.513369,1.347226,1.417224,-0.690294,-0.816014,1.327207,0.129031,0.439415,-0.330000,0.000000,-0.820000,0.070000
2021-09-09,-0.670487,-0.985983,-1.172600,-0.104393,0.113890,-0.725168,0.435331,-0.698390,-2.228033,-0.421817,0.057294,0.105396,0.074022,0.367846,-1.032036,-0.992546,-0.631712,-0.404610,-2.043514,0.051560,-0.705270,0.410474,-0.280000,0.000000,0.240000,0.090000
2021-09-10,-3.310208,-0.518107,-0.430800,-1.856594,0.182541,1.357247,-1.149575,-1.134117,-0.654497,0.097235,0.054277,-1.143957,-0.203358,-1.612520,-0.955888,-0.447545,-0.173365,0.072903,-0.501231,-0.167429,-0.361966,-0.962836,-0.760000,0.000000,-0.080000,0.020000
2021-09-13,0.389341,0.432889,-0.345329,1.033880,-0.575660,-1.450304,1.588727,-0.124505,-0.700718,1.075391,1.054370,0.123775,2.575021,1.663766,-2.215397,0.827188,0.192947,1.977732,-0.367583,-1.182381,-0.568914,0.467093,0.140000,0.000000,-0.070000,1.350000
2021-09-14,-0.956187,0.942790,-0.207398,0.148928,0.005294,0.406289,-1.745300,-0.712277,-0.603150,-0.171587,-0.694589,-0.580742,-1.426746,-2.686846,0.291600,0.071869,-0.391626,-1.806691,-0.579064,-0.271942,-0.523927,-1.394748,-0.660000,0.000000,-0.490000,-0.970000
2021-09-15,0.614359,1.677807,0.747539,1.322397,-0.693151,0.445095,0.693947,0.349712,0.376219,-0.213172,0.075051,-0.303665,3.371178,0.753007,0.134209,0.341183,0.560747,2.120602,0.970719,0.506090,0.173222,1.101968,0.880000,0.000000,0.020000,0.670000
2021-09-16,-0.161014,0.131263,0.358191,-0.567389,-0.230020,-0.443123,-0.044245,0.232361,-0.120903,-0.695982,0.905909,0.452498,-1.063449,0.772310,-0.670091,-0.948440,-0.294812,-0.936493,-1.153662,0.559999,0.332075,-0.580219,-0.050000,0.000000,0.040000,-0.580000
2021-09-17,-1.834818,-1.752839,-0.737332,-1.956693,-2.235555,-1.537629,-0.259347,-1.150100,-0.284462,0.159603,-0.214036,-0.944224,-1.182364,0.123580,-1.304239,-1.644110,-0.919265,-0.575411,-0.402956,-0.820187,-0.206844,0.070901,-0.740000,0.000000,0.980000,-0.050000
2021-09-20,-2.136105,-1.857481,-3.084174,-1.477628,-2.473130,-3.593614,-2.993390,-0.766646,-0.570569,-1.004585,-1.328683,-0.976570,-2.664992,-3.432074,0.706300,-0.698009,-0.337414,-2.046314,0.348763,-1.821509,-1.374973,-2.648935,-1.860000,0.000000,-0.570000,0.220000
2021-09-21,0.342794,0.169874,-0.360575,0.226005,0.500440,0.629969,0.013078,0.054556,0.439543,0.153992,0.908787,-0.680020,-0.093133,0.051141,-0.633473,-0.018492,-0.045535,0.073890,0.055629,0.214987,0.196149,-4.165495,0.030000,0.000000,0.460000,-0.680000
2021-09-22,1.687211,1.282242,1.089235,0.899405,-3.991861,3.271181,1.915278,1.171809,-0.364681,0.342374,0.511641,1.787302,2.926933,2.581127,0.068295,0.148009,0.306108,2.941463,0.097266,0.048693,-0.230735,1.448844,1.000000,0.000000,0.120000,0.610000
2021-09-23,0.671942,0.328217,1.063594,0.664754,0.801283,2.465717,3.380157,2.496066,0.567302,0.410875,-0.005954,3.104151,3.387066,3.861464,0.546064,-0.166242,0.077919,2.478486,1.401968,0.099474,0.056066,1.497262,1.280000,0.000000,0.360000,0.920000
2021-09-24,0.061293,-0.070093,0.278687,0.707418,2.023337,-1.783658,1.153998,1.436648,-0.303279,-0.443857,0.470334,1.155154,0.893474,1.079399,-0.565739,-0.277590,0.045393,0.539665,0.766579,3.306240,0.280180,-0.141835,0.090000,0.000000,-0.470000,0.710000
2021-09-27,-1.054998,-1.730410,-0.575684,-0.803717,0.175649,-1.906620,2.416582,-0.859260,-0.724013,-1.316621,1.161537,-0.388119,2.969296,2.657808,-0.842057,-0.519577,-0.959790,2.355883,-0.339595,-1.537146,-0.642582,1.284085,-0.110000,0.000000,1.260000,2.440000
2021-09-28,-2.380139,-3.620386,-2.637847,-3.715826,-3.656880,-4.436733,-0.538988,-1.759610,-0.220628,-0.755334,-2.228969,-1.566829,1.045516,-0.231156,-1.216411,-1.809362,-1.093480,0.378746,-0.054532,-2.868248,-1.230236,-2.098056,-2.170000,0.000000,-0.430000,1.760000
2021-09-29,0.648308,0.169307,-0.447535,-1.087035,-0.305286,-0.879287,-0.078289,0.496565,0.743199,1.017131,0.937657,0.572362,-0.066763,-0.208515,1.138464,0.607877,0.827531,-0.029018,2.414060,0.992487,-0.042720,-1.054322,0.040000,0.000000,-0.300000,0.810000
2021-09-30,-0.931167,-0.732399,-0.487108,-0.504293,-0.064773,0.969907,-1.361875,-1.733731,-1.536385,-1.563165,-2.573226,-1.560080,-1.770205,-1.439511,-1.194600,-0.925206,-1.240990,-1.819410,0.026632,-0.540040,-0.754758,-2.032654,-1.030000,0.000000,0.310000,-0.770000
2021-10-01,0.812716,2.546821,-0.054188,2.144756,1.066615,0.125528,2.101563,3.461287,-0.637783,-0.157346,0.487409,3.595268,3.587228,1.484110,-0.185981,1.048200,0.359029,2.838813,8.374410,-0.227010,-1.671691,4.043263,1.120000,0.000000,0.410000,0.510000
2021-10-04,-2.460575,-2.071926,-2.847168,-2.111778,-4.891979,-4.869358,-0.107709,-2.486346,-0.778961,-0.566012,-1.027702,-4.436662,1.296582,0.603518,-1.188013,-0.056579,-0.496815,0.373835,2.088436,-1.826759,-0.963142,-1.448774,-1.420000,0.000000,-0.020000,2.350000
2021-10-05,1.415852,1.995700,0.978754,1.768292,2.062947,3.643858,1.633019,-0.200222,0.226091,0.389116,0.921982,-0.287626,-0.162040,2.030451,-0.235704,0.169867,0.592503,1.088600,-1.805072,1.385916,0.655703,0.662973,1.060000,0.000000,-0.520000,-0.070000
2021-10-06,0.630713,1.506423,1.273202,1.133642,0.204250,1.217532,0.213443,0.994286,0.206816,1.334931,0.267099,1.596676,-1.833819,0.045222,-0.708884,1.186875,2.561396,-0.878495,-1.151926,0.694677,0.731973,0.498249,0.340000,0.000000,-0.860000,-0.500000
2021-10-07,0.908413,0.593624,1.239120,1.206714,-1.324792,1.811601,0.633054,1.783580,0.894241,0.800360,2.155215,1.625303,0.281050,-0.271246,1.713469,0.316520,0.922813,0.714759,1.586876,0.785598,1.177134,1.270802,1.010000,0.000000,0.530000,-0.180000
2021-10-08,-0.272153,0.000000,-0.418181,0.402577,0.252105,-1.157766,0.076448,-0.121453,-0.254097,-0.414577,-0.930426,0.296669,2.505753,0.498634,-0.678510,0.445435,-0.230200,2.242610,-1.598723,-0.225232,0.301649,-0.545830,-0.270000,0.000000,-0.600000,1.130000
2021-10-11,-0.062978,-0.210234,-1.286860,-0.623461,-1.393727,-0.652903,-2.103160,-2.240844,-0.422589,0.416302,0.786638,-2.200243,-0.997091,-1.262973,-0.918727,0.203247,0.134588,-0.851476,-0.868146,-0.475816,-0.093076,-1.821888,-0.720000,0.000000,0.320000,-0.280000
2021-10-12,-0.910303,-0.458843,0.031727,-1.774468,-0.516222,-0.115967,-0.768122,-0.470889,-1.597477,-0.147582,0.246303,-0.521380,-0.519831,-0.548202,-0.499298,0.000000,0.441658,0.018679,-0.425397,-0.629306,-0.107516,-0.224767,-0.070000,0.000000,0.630000,-0.430000
2021-10-13,-0.423992,1.171161,1.137860,0.830351,0.237843,1.296505,-2.636670,-0.709661,0.957558,0.232243,0.142092,-0.865816,-0.277594,-0.918696,-1.027479,0.018442,0.675450,0.597308,-0.804122,-0.351310,-0.724632,-0.098185,0.430000,0.000000,0.140000,-1.050000
2021-10-14,2.022561,2.173366,0.474376,2.594082,1.229420,3.854063,1.534154,1.222710,0.571606,1.130282,1.705682,0.651364,1.522843,4.473825,0.603561,0.682137,0.803847,0.946293,-0.785288,1.203651,1.084016,0.838345,1.650000,0.000000,-0.320000,-0.280000
2021-10-15,0.751264,0.482229,3.308024,0.153728,-1.147532,0.533430,1.920848,2.580139,0.743231,0.256864,1.848600,3.314213,0.951611,2.884409,-0.431965,-0.238042,-0.282570,0.735210,0.000000,0.383897,0.486180,1.175393,0.640000,0.000000,-1.190000,0.280000
2021-10-18,1.180596,1.012496,1.106477,0.997405,3.257781,1.646706,-0.036029,-0.147197,-0.731549,-1.440243,1.312747,0.685348,-0.047933,-0.194099,-0.409737,-0.991186,-0.453374,-0.045612,-1.506449,2.113225,0.803992,-3.014848,0.400000,0.000000,-0.230000,-0.010000
2021-10-19,1.508033,0.305897,-0.075144,0.321463,1.386673,0.306000,1.212863,1.244326,2.341991,-1.180264,0.839373,1.021090,1.502556,0.432143,1.863504,0.389326,1.271458,1.953267,3.033048,1.110493,2.124488,0.023353,0.700000,0.000000,-0.490000,-0.240000
2021-10-20,0.336122,-0.266044,-0.844620,-1.024862,0.232358,-0.838932,1.346615,-0.899282,-0.054916,0.390991,0.067063,-1.471959,0.551181,1.312409,1.686872,0.886413,0.755764,1.307088,1.987681,0.575921,0.905411,-0.368027,0.340000,0.000000,-0.020000,1.200000
2021-10-21,0.147353,1.089761,0.584176,0.082541,0.322779,2.664768,-0.784344,-0.509905,-0.232017,-0.719660,1.783743,-0.156975,-1.816752,-0.552152,0.140164,-0.512547,-1.320449,-1.254889,0.123371,1.588005,0.554793,0.463223,0.360000,0.000000,0.210000,-0.990000
2021-10-22,-0.528473,-0.514895,-2.895483,-3.044353,-5.051489,0.149831,1.345112,0.429990,0.195830,1.076567,0.375731,0.690628,0.685921,1.580204,0.699964,0.184018,0.496284,0.948634,-0.024637,0.997431,1.042164,-1.120578,-0.250000,0.000000,-0.230000,1.020000
2021-10-25,-0.033629,-0.333160,-0.455099,-0.086863,1.256898,1.936116,-0.488992,1.146051,0.219898,0.014216,1.439965,0.610559,1.948635,-0.126147,-0.023158,-0.404046,-0.468824,0.930853,0.628476,1.682614,1.159490,1.528736,0.560000,0.000000,0.490000,-0.130000
2021-10-26,0.457487,0.642585,1.677526,1.354337,-3.918581,6.695163,0.269107,-0.880795,1.017781,1.419954,-0.554882,-0.980952,2.315481,0.947181,0.950185,0.442553,1.224717,0.219589,0.722466,-0.932485,-0.872994,0.017442,0.050000,0.000000,-0.700000,-0.300000
2021-10-27,-0.314761,4.211421,0.486364,4.959478,-1.136768,-1.076187,-2.082821,-6.919164,-1.212634,-0.714025,0.845070,-6.045014,-2.597212,-1.918265,-1.354475,1.927663,-0.347465,-1.779133,-0.863209,0.737350,-0.820173,-1.447327,-0.760000,0.000000,-0.720000,-1.200000
2021-10-28,2.499161,0.365119,1.594115,-0.252011,1.505355,2.004014,1.507446,-2.752811,-0.543534,0.599277,-0.201430,-0.801275,0.280696,1.573122,0.488713,0.936601,0.628872,0.936917,6.144213,0.452585,0.623625,0.076658,1.110000,0.000000,0.880000,-0.500000
2021-10-29,-1.815563,2.241397,-2.151125,1.506359,2.098317,2.509924,-0.275869,0.919767,0.018388,0.217299,0.045754,0.747677,0.248780,0.000000,1.296907,0.588858,-0.012393,1.211104,1.733109,0.205898,0.653410,-0.359489,0.210000,0.000000,0.190000,-0.830000
2021-11-01,-0.560756,-0.678473,-1.610710,-3.072709,1.981049,1.016911,-0.053000,0.325809,0.085976,-0.244795,-1.414965,-0.438110,1.799301,0.146519,-0.228646,-0.354793,-0.210406,0.034932,-0.238503,0.067127,0.247618,0.662442,0.500000,0.000000,2.000000,0.440000
2021-11-02,0.711609,1.141593,-0.161541,1.348807,-0.575816,2.222492,0.394604,-1.562638,1.576487,0.995527,0.221022,-1.667427,-1.234199,0.062678,4.147581,-0.124610,0.917781,-0.611195,1.343353,1.040945,-0.046719,-0.211527,0.250000,0.000000,-0.290000,-0.550000
2021-11-03,0.979860,0.261141,2.150781,0.801412,1.079029,0.746185,0.035173,-0.497283,-0.320099,0.687197,0.457406,0.289208,-1.373033,1.023391,-1.386138,0.338674,0.958633,-0.720374,-0.381930,1.074452,0.307255,0.147206,0.790000,0.000000,1.450000,-0.160000
2021-11-04,-0.349857,0.730549,2.748232,1.138845,1.275553,12.042267,-1.313557,0.326769,-0.278670,0.186156,0.869981,1.821332,0.750826,-2.150092,-1.305430,0.550725,0.006053,0.442434,2.097436,2.645662,0.732430,0.117586,0.390000,0.000000,-0.020000,-1.380000
2021-11-05,0.358234,-0.112959,1.207643,0.394212,1.572113,-0.164425,-0.142615,3.779086,-0.710818,0.495440,-1.015636,3.982965,0.947067,-0.760612,10.855197,0.424014,1.028518,1.083604,-9.863037,-0.484831,-0.694069,3.141896,0.370000,0.000000,0.680000,1.220000
2021-11-08,-0.555264,0.276741,-0.852795,0.120246,-0.735778,3.535907,0.601029,1.763077,-0.342684,-0.746347,0.051567,0.252294,1.076598,0.787738,-0.575979,-0.897247,-2.150595,0.357319,1.311112,-1.814406,-0.639022,0.706021,0.160000,0.000000,0.020000,0.100000
2021-11-09,0.245957,-0.308616,2.500724,-0.075494,-0.959798,-0.477231,-0.757126,-3.220103,-0.221014,0.303552,0.558865,-1.435647,0.973825,-0.971703,-2.131205,0.284036,0.664910,0.738180,0.048375,0.972587,0.348351,-0.995085,-0.340000,0.000000,-0.180000,0.460000
2021-11-10,-1.916328,-1.532973,-2.633499,-2.031309,-2.304895,-3.907754,-0.095339,1.194748,1.083011,0.983555,-0.558475,3.856099,-1.970073,0.746585,3.636353,0.407167,0.324150,-1.594815,1.559440,-0.629027,-0.901252,-0.376910,-1.040000,0.000000,-0.660000,0.950000
2021-11-11,-0.033797,0.492740,-0.274260,-0.087062,0.030519,3.160348,-0.006003,-2.384503,-0.736562,-0.286079,-0.257730,-1.005792,0.186934,0.550515,2.366381,0.035257,-0.822988,0.008745,0.011907,1.319458,0.040418,-7.073655,0.170000,0.000000,0.530000,0.340000
2021-11-12,1.433698,1.290515,1.516203,1.997373,4.012335,0.000000,-0.447437,0.793648,1.195857,0.109271,1.360058,2.585120,-0.761937,-1.221317,-0.896762,-0.229106,-0.024591,0.061338,-0.023781,0.974247,-0.498320,-1.529827,0.740000,0.000000,-0.320000,-0.910000
2021-11-15,0.006654,-0.193055,0.582380,-0.151989,1.956645,-1.201082,-0.179822,0.099041,-0.902971,0.573173,-0.415971,-0.588737,0.861827,0.298436,-0.160867,0.017643,0.707058,2.267322,-0.369028,0.525957,-0.575277,-0.751750,-0.060000,0.000000,-0.520000,0.700000
2021-11-16,0.666672,1.023609,-0.140449,-0.388011,-1.323520,0.592843,-0.720441,1.356553,-0.519837,-0.142494,5.726522,2.269222,1.009772,0.063789,-0.100711,-0.706446,-0.299163,0.393792,0.501846,1.313734,-2.545750,0.252504,0.440000,0.000000,0.040000,-0.680000
2021-11-17,1.649003,0.067843,0.234413,0.115629,-0.638575,-3.118887,-0.538214,-4.703024,0.375009,-0.061111,0.642345,-2.811456,-1.091982,-1.210725,2.560494,-0.551410,0.036752,-0.448518,-1.795300,-0.081630,-0.859137,-0.944423,-0.410000,0.000000,-0.570000,-0.260000
2021-11-18,2.853627,0.634021,4.143701,1.210085,-0.610376,8.249880,-0.863403,-0.843664,-0.538962,0.013592,2.785869,-3.048685,-1.088476,-0.408518,1.061525,-0.894277,0.030587,-0.840397,0.544801,0.585231,0.859532,-1.112299,0.140000,0.000000,-0.560000,-0.060000
2021-11-19,1.697590,0.539137,-0.527311,-0.608636,1.951647,4.135764,-1.306347,-1.214774,0.301759,-0.203917,0.699754,-2.440976,-4.621909,-1.986174,-1.186546,-0.505340,0.238650,-2.219301,-2.829631,0.834954,-0.537837,-1.015559,-0.250000,0.000000,-0.170000,-1.310000
2021-11-22,0.292745,-0.955934,-2.828730,-1.762286,-1.242405,-3.119616,2.131515,-2.628703,-1.316198,0.667463,0.024478,-5.422116,1.384537,1.938320,0.787404,0.616711,0.207567,1.787139,1.164827,1.097818,1.678463,0.103911,-0.570000,0.000000,-0.540000,2.780000
2021-11-23,0.242192,-0.632668,0.209096,-0.355425,-1.102613,-0.657146,2.391238,1.487873,0.619911,1.109649,-0.102738,2.396487,2.633717,2.636124,-0.234382,0.739145,0.670156,2.098139,1.420865,1.039550,0.711438,-2.030366,-0.020000,0.000000,-0.520000,1.770000
2021-11-24,0.328370,0.068114,0.010332,0.231857,1.129735,2.923234,-0.784420,2.398104,-0.280060,-0.521965,0.915801,3.343479,0.554435,0.273697,-0.371955,-0.805310,-0.913780,0.765275,-0.628002,0.819804,0.500650,0.205229,0.300000,0.000000,0.030000,-0.870000
2021-11-26,-3.167849,-2.435586,-2.118470,-2.694379,-2.328044,-3.583905,-3.012709,-2.755219,-0.649023,-0.800477,-2.283347,-4.655888,-3.512934,-3.926123,6.111218,-3.066904,-1.587914,-2.286881,-3.791920,-0.654857,-1.119173,-2.134247,-2.230000,0.000000,-1.220000,-0.950000
2021-11-29,2.187380,2.108122,1.626743,2.354378,1.473952,5.945472,-0.432265,-0.688070,0.345481,1.051044,1.023105,-0.357831,0.555085,-0.371486,-2.962956,1.581969,1.861756,0.296909,-5.394171,1.602179,-1.566585,-0.202537,1.100000,0.000000,-1.020000,-0.780000
2021-11-30,3.157724,-1.794258,-1.530227,-2.496388,-4.014441,-2.097319,-1.488558,-1.283815,-2.391258,-2.979495,-1.526482,-2.504573,-2.841370,-2.456670,2.538153,-3.157314,-2.656284,-1.723978,0.026715,-2.793439,-1.402209,-1.968765,-1.950000,0.000000,0.530000,-1.130000
2021-12-01,-0.320605,-0.154269,-1.806349,-0.596194,-4.271702,-3.786126,-0.591843,-1.863051,1.378831,1.258839,0.365951,-2.743564,-0.083526,-1.416686,1.768087,-0.285983,0.237852,-0.682217,-0.627436,-1.768673,-2.481698,-1.897856,-1.590000,0.000000,-0.780000,1.090000
2021-12-02,-0.612997,-0.178737,-0.184689,1.357304,-0.067624,2.198175,2.102734,4.275350,-0.626264,0.587445,1.835563,4.544915,2.492045,2.887921,-2.999226,1.472279,0.964871,2.711884,-0.738833,-0.817220,-1.217741,3.552582,1.530000,0.000000,0.720000,1.240000
2021-12-03,-1.172433,-1.966681,-1.383908,-0.674643,-1.143706,-4.460535,-1.811317,-0.993493,1.457796,1.779176,0.009794,0.596447,-0.636441,-2.272240,2.318960,0.885618,2.546399,-0.634020,-0.744344,0.650778,1.505878,-0.665754,-1.180000,0.000000,-1.150000,1.080000
2021-12-06,2.150277,0.984483,1.108622,0.812336,3.594699,-2.137311,1.181379,3.239598,2.233640,1.514533,1.934759,3.483302,1.133206,0.638283,-5.140948,2.558830,1.038195,1.564555,0.109071,0.807306,1.083536,2.838179,1.200000,0.000000,0.760000,0.630000
2021-12-07,3.544635,2.676374,2.798650,2.874141,1.554089,7.956860,1.504785,2.314016,0.257755,-0.262894,0.115472,1.854030,1.120508,1.268373,0.466206,0.546357,-0.114180,1.480187,-1.552706,1.654161,-0.323726,0.292628,2.220000,0.000000,0.200000,-1.780000
2021-12-08,2.278314,0.014894,-0.003690,0.622659,2.400797,-1.853406,-1.144151,0.781202,0.599899,0.448084,-1.184599,0.833557,0.289043,-1.230145,-0.618720,-0.380367,0.174469,0.449456,1.286674,-2.197336,-1.010464,1.677594,0.460000,0.000000,0.670000,-0.850000
2021-12-09,-0.297004,-0.558243,-1.127964,-0.369801,-0.223858,-4.197816,-0.155539,1.148382,0.949257,0.583921,0.021894,0.636772,0.256216,0.747286,1.322974,-0.254562,-0.126133,-0.261702,-0.478085,-1.090359,1.390937,-0.260866,-1.040000,0.000000,-1.360000,1.550000
2021-12-10,2.801320,2.833977,-1.124756,0.245875,-0.021225,-0.957686,-0.398890,0.950830,-0.247137,1.395746,0.987012,1.567411,0.638885,0.067432,1.344079,2.588420,1.599401,0.169286,-0.329391,6.577913,1.826689,-0.150371,0.710000,0.000000,-0.830000,0.520000
2021-12-13,-2.067426,-0.916660,-1.535608,-1.469576,1.437453,-6.745485,-1.188828,-1.115257,1.788632,1.421598,-2.445843,-1.317458,-2.190149,-2.111392,4.585072,2.629703,0.497174,-2.078758,1.101610,-0.286299,1.801039,-1.493034,-1.040000,0.000000,-0.300000,-0.990000
2021-12-14,-0.802335,-3.258718,-0.280713,-1.316309,-0.224234,0.624983,0.766218,-0.492853,1.092285,0.367842,-0.750152,-1.378459,-0.146026,1.262022,0.615924,0.069258,-0.247368,0.293406,1.361227,-2.132007,0.954232,-0.884127,-0.760000,0.000000,-0.680000,1.650000
2021-12-15,2.850939,1.921791,2.497757,1.760882,2.373107,7.488442,-0.747811,1.109632,0.499184,0.385463,1.394790,1.703134,-0.438740,-0.430537,5.869642,0.449829,1.286989,-0.567896,2.129656,3.693095,0.572664,0.871902,1.620000,0.000000,0.380000,-1.910000
2021-12-16,-3.926377,-2.913481,-2.564117,-1.363000,-1.978567,-6.802601,1.563867,0.970275,1.092640,1.416323,-2.030344,1.896931,0.163211,2.412376,4.166679,1.016195,0.145724,0.934584,0.823470,-2.272399,-1.667018,-1.097090,-1.190000,0.000000,-1.600000,2.800000
2021-12-17,-0.650189,-0.338557,0.678920,-1.883094,-0.331449,-2.064311,-2.275400,-1.161535,-2.762800,-2.265520,-2.890874,-1.022932,-2.183476,-2.488887,-2.889809,-1.568649,-2.048648,-2.606313,-0.289780,-0.908377,-3.202174,0.006720,-0.660000,0.000000,1.890000,-2.340000
2021-12-20,-0.812210,-1.201363,-1.728356,-0.083251,-2.498575,-0.294945,-1.798899,-1.481965,-0.285346,0.254028,0.365979,-3.518347,-1.449269,-1.640837,2.589112,-0.329090,0.665451,0.044033,0.951234,0.173468,0.324332,-1.539377,-1.260000,0.000000,-0.160000,-0.410000
2021-12-21,1.908704,2.306902,1.997865,1.317376,2.688590,4.891939,1.396616,3.180983,-0.321910,-0.063330,0.274788,4.070961,2.265028,2.386453,-3.392328,0.399714,-0.295126,1.601410,-1.138611,-0.570559,0.301715,3.126920,2.060000,0.000000,0.820000,0.190000
2021-12-22,1.531880,1.805735,0.363811,2.050927,-1.122090,1.117792,0.390807,1.197886,0.430599,0.988864,1.324047,1.921666,0.809942,0.203669,1.017795,0.709724,0.621610,0.571568,0.820768,0.777330,0.128926,0.549483,0.970000,0.000000,0.260000,-0.350000
2021-12-23,0.364374,0.447198,0.018414,0.342510,1.449552,0.816339,0.357334,-0.614794,0.190529,0.489575,0.361444,0.867178,0.049184,0.316191,-1.410560,0.068728,-0.111785,0.241126,-0.564600,0.127368,-0.221759,1.152222,0.720000,0.000000,0.350000,-0.490000
2021-12-27,2.297470,2.318521,-0.817802,0.673865,3.263309,4.402833,0.572301,0.466268,0.844015,1.168013,1.767945,-0.074890,1.425755,0.495255,0.834602,0.738590,0.995402,2.044485,1.109200,2.380212,0.910461,-0.540255,1.230000,0.000000,-0.100000,0.310000
2021-12-28,-0.576724,-0.350404,0.584372,-0.824517,0.011568,-2.013241,0.303510,0.192974,0.400774,0.537121,0.527099,0.130451,-0.323159,0.134401,-2.010145,0.392149,0.519034,-0.193632,0.313449,0.207654,1.435078,1.570674,-0.260000,0.000000,-0.600000,0.820000
2021-12-29,0.050236,0.205114,-0.855492,-0.021816,-0.947364,-1.058644,-0.050437,0.055039,0.704436,0.829022,1.137324,0.141383,-0.875346,-0.156577,-0.741215,0.118886,0.353933,-0.514497,0.182247,0.554321,-0.049019,-0.212626,0.070000,0.000000,-0.060000,0.170000
2021-12-30,-0.657841,-0.769107,-0.328901,-0.309901,0.414055,-1.383286,-0.050441,-0.137501,0.443009,-0.864822,-0.219072,-0.083027,-0.588725,-0.224062,1.424098,-0.288397,-0.173442,-0.440867,0.246936,-0.679835,0.322317,0.684436,-0.170000,0.000000,0.100000,-0.410000
2021-12-31,-0.353539,-0.884124,-1.142940,-0.922354,-2.326054,-0.591508,-0.082006,-0.532427,-0.719624,0.497629,1.236793,-0.462643,0.658020,-0.089841,1.112994,0.731569,0.602309,-0.068139,-0.648194,0.672086,1.061666,-0.666963,-0.310000,0.000000,0.050000,0.520000
2022-01-03,2.500407,-0.466802,2.211832,0.096280,0.651106,2.414058,2.115558,2.178027,0.274711,-0.415720,-1.534897,3.236681,3.840496,3.798588,-4.064359,0.151986,-0.420253,1.627629,0.300120,-0.174386,-0.027631,1.207302,0.720000,0.000000,0.350000,0.770000
2022-01-04,-1.269144,-1.714707,-1.691559,-0.408286,-0.593718,-2.758876,3.790993,0.465135,-0.268127,0.349932,1.027795,1.196924,3.761410,3.919488,-3.742263,1.669477,0.144506,1.819536,0.182127,-0.437650,-1.832015,-0.657035,-0.270000,0.000000,-0.810000,3.640000
2022-01-05,-2.659991,-3.838791,-1.889309,-4.587657,-3.672788,-5.756219,-1.828256,-1.105814,0.666349,0.452683,-1.356463,-0.396914,1.243751,-1.687889,2.017243,0.829337,0.340620,0.650603,2.428249,-2.536151,1.352123,-0.346762,-2.260000,0.000000,-1.460000,2.580000
2022-01-06,-1.669326,-0.790210,-0.671098,-0.019933,2.557314,2.079400,1.062411,-0.113623,-0.342575,-0.840406,-0.363435,-0.913220,2.352045,2.013569,-1.420104,-0.526409,0.022992,0.850922,-0.063375,-0.021846,-0.277952,1.101873,0.000000,0.000000,0.210000,1.760000
2022-01-07,0.098819,0.050971,-0.428778,-0.530322,-0.201532,-3.303982,0.990817,-1.269617,1.351719,-0.055262,-2.994375,-0.094595,0.819665,2.181602,1.604672,-0.231506,0.126519,1.435973,1.864774,-2.477271,0.954573,0.592752,-0.490000,0.000000,-1.320000,2.020000
2022-01-10,0.011638,0.073262,-0.657018,1.206049,-1.121193,0.561525,0.095712,-2.299971,-0.494381,-1.364142,-1.562466,-1.552819,-0.595239,-0.508340,0.933238,0.165743,0.051721,0.063990,2.577811,-3.241448,-0.193239,-0.779323,-0.140000,0.000000,-0.240000,-0.260000
2022-01-11,1.678368,0.225912,2.400213,0.769115,1.920322,1.521894,0.101619,1.136950,-1.063024,-1.158735,-0.203895,0.654014,4.206212,0.572259,0.800125,0.033081,-0.045932,2.286002,-0.849830,0.622614,-0.283518,0.823751,1.080000,0.000000,-0.090000,-0.270000
2022-01-12,0.257041,1.044497,-0.093733,1.212628,-0.331974,0.654271,0.567191,0.620415,-0.852583,0.220585,0.706026,0.278456,-0.294295,-0.711247,-0.070559,0.148897,-0.109150,-0.500131,-0.575479,0.722172,-0.527033,-0.056996,0.130000,0.000000,-0.890000,0.520000
2022-01-13,-1.902814,-4.232227,-2.416966,-2.010517,-2.034446,-5.085894,-0.124654,-0.329173,-0.606607,-0.452774,-0.621459,0.601654,-0.716927,-0.204690,-1.959394,0.594653,0.161003,-0.416233,0.147804,-1.696467,1.415197,-1.495579,-1.550000,0.000000,0.320000,2.390000
2022-01-14,0.511055,1.771651,0.573149,0.644717,1.660145,1.381002,-6.146365,-0.153469,-0.545160,0.960247,-3.871010,0.709062,1.755635,-1.743204,-1.062256,0.804614,0.838239,1.703471,0.073766,-2.687275,-0.281817,-2.251677,0.080000,0.000000,0.180000,0.550000
2022-01-18,-1.889424,-2.433930,-1.986274,-2.496773,-4.142834,-3.856435,-4.192799,0.484473,-0.440902,-1.927283,-1.419327,-1.569318,1.683618,-3.443971,-1.528710,-0.798191,-0.956508,0.325687,0.196601,-2.966252,-1.750994,0.217209,-2.060000,0.000000,-1.040000,1.380000
2022-01-19,-2.102472,0.224684,-1.647710,-0.648178,0.452631,-3.227406,-1.546890,-0.477527,-0.311179,3.362489,-1.917023,-1.520604,0.041053,0.389102,-1.053399,0.164199,0.718560,-0.363278,-0.306593,0.428215,0.996333,-1.418534,-1.020000,0.000000,-0.320000,-0.670000
2022-01-20,-1.034695,-0.570315,-2.963231,-1.338836,-0.948100,-3.658221,-0.852743,-0.153713,-0.798401,0.539915,-2.810734,0.906517,0.218827,-1.485786,0.952544,-0.409828,-0.724829,-0.356828,-0.664281,-1.497483,-1.889667,-1.658782,-1.150000,0.000000,-0.860000,-0.230000
2022-01-21,-1.276538,-1.846839,-5.950181,-2.217425,-4.229835,-3.213235,-1.747271,-3.928148,-0.229980,0.382705,-0.137302,-2.450572,-1.501285,-1.814208,-2.331160,-0.493849,0.160956,-1.198925,-0.953556,-0.250605,-0.729365,-6.936734,-2.090000,0.000000,0.280000,0.470000
2022-01-24,-0.486430,0.114860,1.332698,0.347139,1.827355,-0.008552,-0.089585,-1.981250,-1.152395,-0.811690,4.213667,-1.594004,0.859068,-0.823685,-2.367878,-0.810582,-0.510852,0.212768,-1.437856,1.513679,0.007127,0.058230,0.530000,0.000000,1.810000,-0.250000
2022-01-25,-1.138452,-2.658834,-3.153375,-2.957857,-2.772818,-4.484007,1.090001,0.074305,2.859435,-1.091169,-1.327616,-3.050773,2.939931,1.975317,1.940252,-0.233490,-1.148096,4.253787,0.799150,-2.368586,-2.175465,-0.691124,-1.420000,0.000000,-0.610000,2.800000
2022-01-26,-0.056311,2.849299,-0.795433,1.810373,-1.839111,2.006807,0.948629,1.915840,0.447391,-0.871227,-0.473566,1.741647,-1.014236,1.034564,0.894542,-0.367760,-1.056386,0.075439,-0.402714,1.288443,-1.020755,-2.131712,-0.290000,0.000000,-1.070000,0.100000
2022-01-27,-0.294322,1.054923,0.550865,-0.176417,0.003424,-3.636038,-1.764461,0.136018,1.312472,0.619673,-0.237900,1.703123,1.280849,-0.936820,1.444616,0.083901,-0.094389,2.019735,1.819577,-0.196514,0.066287,1.362296,-0.760000,0.000000,-1.650000,0.830000
2022-01-28,6.977734,2.808148,3.108406,3.368853,2.399518,4.083116,0.894647,10.599070,0.703445,0.860921,2.836461,9.123338,0.212960,0.879709,1.798755,1.994961,1.948430,-3.516295,0.397105,2.053825,1.236739,2.370398,2.460000,0.000000,-0.150000,-2.080000
2022-01-31,2.612603,0.882380,3.886361,1.464180,3.828195,7.206647,1.357336,-0.802619,0.291068,-0.031161,0.120044,1.011742,0.903349,0.588630,-3.018603,0.279403,0.492261,0.551251,0.716984,2.579037,1.665201,3.130644,2.320000,0.000000,1.310000,-2.870000
2022-02-01,-0.097265,-0.713877,1.083076,1.729807,1.832336,0.620760,1.715992,2.736863,-0.818388,-0.442499,0.468698,1.470037,6.411251,1.733824,0.721211,-0.737560,-0.680021,2.634592,0.539983,0.649330,0.786782,1.063151,0.870000,0.000000,0.060000,0.650000
2022-02-02,0.704398,1.522241,-0.384272,7.523775,1.253924,2.451509,-0.800493,1.316928,1.106031,1.790420,1.364243,1.196267,-0.259807,-0.106527,1.488599,1.023770,1.816168,0.459982,0.109855,2.676987,-0.042588,-1.294211,0.510000,0.000000,-1.730000,0.700000
2022-02-03,-1.671952,-3.895246,-7.812763,-3.317577,-26.390103,-5.126374,-0.827021,-1.648119,-0.005780,0.947086,-2.386755,-1.683682,-1.165972,-0.981021,-0.891217,0.702842,-0.057010,-0.893587,-3.658100,0.103598,0.099416,-1.816004,-2.480000,0.000000,-0.060000,2.190000
2022-02-04,-0.167948,1.556832,13.535902,0.141871,-0.281776,1.549196,2.595838,-1.360446,-0.654069,-1.590106,-1.408941,-2.017575,2.171170,3.984494,-0.711880,-1.055018,-1.642262,1.251854,-0.569549,-0.383310,-1.177390,1.421112,0.890000,0.000000,-0.020000,-0.600000
2022-02-07,-0.423457,-1.631024,0.187774,-2.855687,-5.137301,1.681784,0.334306,-0.538572,-0.332117,-0.749081,-0.645034,-1.588197,1.203798,0.476419,0.396228,1.049867,-0.394198,1.964970,-1.247452,-0.746486,-0.983271,0.345024,-0.240000,0.000000,0.550000,0.200000
2022-02-08,1.846661,1.199544,2.202163,0.142243,-2.103066,1.536739,1.881460,0.343388,0.263042,-0.224549,1.144523,-0.467929,-2.585258,1.793440,-2.837791,0.649346,0.122219,-1.522895,-0.863589,1.019619,0.021745,-0.021042,1.020000,0.000000,0.670000,-0.290000
2022-02-09,0.829385,2.183434,-0.138773,1.573178,5.368336,6.360515,0.416826,1.285431,-0.011644,-0.225043,0.810644,1.869831,-0.478721,-0.202526,-0.444872,-1.548392,-0.046496,0.989434,-0.494095,1.473636,-0.217401,3.333792,1.600000,0.000000,0.240000,-1.960000
2022-02-10,-2.359879,-2.837280,-1.356171,-2.098995,-1.693959,-3.299024,-0.415096,-2.128040,-1.207060,-1.522557,-2.546847,-1.830241,-0.962048,-0.466709,-1.690324,0.557024,-2.076298,-1.270042,0.039175,-1.957144,-1.169282,3.348503,-1.690000,0.000000,-0.140000,1.230000
2022-02-11,-2.021838,-2.427427,-3.591111,-3.129056,-3.735695,-7.260665,-1.301686,-0.398972,-1.009327,-0.559905,-1.351746,-1.234033,2.517940,-2.303781,0.355749,-1.775832,0.124716,2.036144,0.104500,-1.699192,-0.551156,-1.767878,-1.910000,0.000000,0.610000,2.130000
2022-02-14,0.142327,-0.013532,1.222168,0.926056,-0.842643,1.327812,-0.929042,0.289303,-1.258123,0.287929,0.362525,1.187235,-1.533483,-1.043394,-1.929918,0.646880,-1.115194,-1.541664,-0.221826,-0.610208,-1.019735,0.923274,-0.350000,0.000000,0.220000,-0.620000
2022-02-15,2.315229,1.854220,0.865835,0.798726,1.515849,9.181207,1.462366,1.100548,1.032610,0.051021,0.483551,1.972404,-1.253504,0.780269,-0.020059,0.379037,-0.443883,-0.731973,1.752352,1.452938,0.313540,2.565462,1.850000,0.000000,1.310000,-1.400000
2022-02-16,-0.138882,-0.116697,1.015904,0.826814,-2.018102,0.060375,0.180991,0.438959,-0.059777,0.758833,-0.897336,0.364327,0.461601,-0.230192,-0.220923,-0.016414,0.204838,0.029803,-0.758271,-0.295771,-0.625130,1.053507,-0.020000,0.000000,-0.100000,0.320000
2022-02-17,-2.126911,-2.928235,-2.180890,-3.774572,-4.077768,-7.559112,-2.303235,-1.839887,-0.609994,1.145509,-0.614140,-2.410360,-0.153152,-3.376687,-1.570050,2.003277,0.270566,-0.513789,-1.113699,0.509388,4.006563,-2.174620,-2.290000,0.000000,-0.300000,1.150000
2022-02-18,-0.935597,-0.963092,-1.326196,-1.611585,-0.746234,-3.529613,0.468863,-0.854805,-1.071907,0.050049,-0.307512,-1.003447,-1.112089,-0.238759,-0.756661,0.676119,0.575737,-0.142195,0.013114,-0.454357,-0.640819,-1.039537,-0.850000,0.000000,-0.090000,0.950000
2022-02-22,-1.781220,-0.072959,-1.575349,-0.452051,-1.979039,-1.065916,-0.177453,-0.615205,-1.358956,-1.232006,-8.850581,-0.448748,-1.163416,-0.870331,-2.060563,-0.415743,0.381624,-0.764496,-0.549981,-2.046172,-1.116019,-2.160421,-1.170000,0.000000,-0.480000,0.090000
2022-02-23,-2.586403,-2.589309,-3.575625,-1.714403,-1.796316,-4.288143,-2.093919,-2.426373,0.049642,-1.247395,-2.441729,-1.916958,0.405463,-1.712029,-1.388606,-1.107893,-0.986047,2.379138,-0.144836,-1.377980,-1.026027,-1.499083,-1.950000,0.000000,-0.200000,1.250000
2022-02-24,1.668041,5.109380,4.509522,3.999589,4.610731,6.079414,-2.784310,0.625176,-1.910444,-2.692993,1.552945,2.256154,-1.263517,-2.635106,-1.941532,-1.753524,-1.739767,-0.516408,-3.072247,2.083756,-0.385043,2.419958,1.870000,0.000000,1.500000,-3.880000
2022-02-25,1.296550,0.923294,1.605793,1.332827,1.387275,1.722269,2.365956,0.906591,4.970294,4.269879,1.088591,-0.078484,2.691283,3.256900,3.829414,3.867112,2.802387,4.100847,3.822608,2.355703,1.375159,0.087008,2.240000,0.000000,-0.420000,1.190000
2022-02-28,0.163747,0.497803,-0.146626,0.444351,0.261321,0.943809,-4.169761,-1.436595,-0.861457,-1.485062,-0.258958,-2.240639,0.745122,-1.821409,-1.634546,-0.970568,-2.755668,2.578738,0.340672,0.340103,-0.894547,-0.715553,0.030000,0.000000,0.630000,-0.460000
2022-03-01,-1.162806,-1.285183,-1.576555,-0.737104,-3.572967,-3.723598,-3.772922,-3.308364,-0.346363,-1.655018,1.399488,-4.528592,0.956413,-3.914051,-2.535119,-0.433789,-0.897770,3.972188,-0.313385,0.708711,0.614075,-1.859099,-1.550000,0.000000,-0.110000,-0.850000
2022-03-02,2.058838,1.776577,0.602418,0.380418,2.270384,3.182393,2.074028,-0.234478,1.243907,0.313066,2.223257,-0.113206,1.717801,1.624694,4.262278,0.742287,1.386565,2.952186,0.432244,0.969532,0.124994,1.125588,1.820000,0.000000,0.460000,1.300000
2022-03-03,-0.198130,-1.422447,-2.731956,-0.499349,-2.469839,-2.089193,-0.710806,-0.599567,1.469550,0.370659,-0.919450,-0.900943,0.633308,-1.070999,0.272557,0.064084,-0.107044,1.349454,0.626069,0.956446,2.298781,-1.201283,-0.860000,0.000000,-0.570000,1.510000
2022-03-04,-1.840812,-2.047833,-1.526379,-1.488423,-1.433703,-3.280772,-2.812923,-3.348948,0.593540,0.505285,-0.030830,-3.000072,3.763561,-3.624406,1.714387,0.160065,1.518937,1.555503,0.881393,-1.416386,2.534272,-3.331723,-1.090000,0.000000,-0.670000,0.720000
2022-03-07,-2.371767,-3.777711,-5.622045,-4.190855,-6.293121,-6.906175,-3.861597,-4.788052,1.610813,-1.482510,-0.459491,-5.393643,3.603295,-6.373633,-1.377210,-2.381331,-1.990956,2.136759,-0.128472,0.574694,-0.805197,-5.130773,-3.140000,0.000000,0.580000,0.890000
2022-03-08,-1.167611,-1.097096,-1.046545,0.574463,1.504245,0.758726,-0.704278,0.529625,-2.026609,-3.958390,-1.868215,0.450611,0.757589,0.652066,-1.125436,-3.962010,-2.819335,5.239453,-1.003476,-0.976306,-2.068173,-1.310858,-0.530000,0.000000,1.030000,0.300000
2022-03-09,3.499731,4.585804,2.400120,4.968736,4.314467,6.972188,4.006231,4.199042,0.379344,1.348887,0.749599,4.390282,-5.684689,6.348804,2.761353,0.511400,-0.297703,-2.498090,1.091626,0.819714,0.518949,1.442107,2.790000,0.000000,0.360000,-2.170000
2022-03-10,-2.718622,-1.008644,5.412516,-0.742366,-1.657434,-1.546874,-1.184064,-0.896081,0.177122,-2.574472,0.233290,-1.078864,3.104253,-0.901578,0.923084,-1.831713,-1.836085,2.736510,0.128549,0.960853,2.273034,-0.007467,-0.470000,0.000000,0.110000,1.180000
2022-03-11,-2.390873,-1.932837,-0.880685,-1.932361,-3.893240,-2.462698,-2.252389,-0.636428,-0.182717,-1.186694,-0.361724,0.061638,-0.515466,-0.835989,2.174802,0.069077,-0.504825,0.046817,0.475034,-0.994911,-0.392618,-1.414244,-1.480000,0.000000,-0.440000,1.760000
2022-03-14,-2.656212,-1.296113,-2.522949,-3.018015,-0.522359,-3.484170,0.993101,1.840255,1.381773,1.277759,0.495629,1.169976,-3.579850,2.157223,3.938728,1.844129,1.405069,-2.445877,0.270704,-0.278679,1.393697,-2.064515,-1.040000,0.000000,-1.340000,1.790000
2022-03-15,2.967714,3.874248,3.886773,2.578004,2.893418,7.702759,1.774603,2.900218,2.591854,3.598769,3.197628,1.950763,-5.691253,0.728174,-0.076556,1.844897,1.994975,-5.062379,1.105703,3.112444,1.200975,4.006818,2.150000,0.000000,-0.150000,-2.370000
2022-03-16,2.901559,2.521369,3.893356,3.159884,6.040721,6.629551,4.468596,2.779653,-0.919709,-0.339380,0.721354,2.889551,-0.375541,3.132497,1.359882,-0.268373,0.440278,-0.360114,-0.661230,0.197320,-0.294984,2.935928,2.600000,0.000000,0.800000,-1.850000
2022-03-17,0.645389,0.281884,2.700775,0.419020,2.067489,1.102201,1.264464,0.745754,1.306422,0.313830,1.646984,0.510607,2.664761,0.537381,2.494339,1.059544,0.776435,1.731031,1.049672,1.729858,0.151956,0.962797,1.420000,0.000000,0.290000,-1.060000
2022-03-18,2.091879,1.764833,2.551215,1.708422,4.161837,6.811754,-0.035688,2.651659,-1.108586,-0.053266,1.302179,1.053593,-0.392504,-0.302107,0.497777,0.016633,1.149491,0.804013,0.215352,1.548488,0.296528,0.595106,1.320000,0.000000,0.280000,-1.870000
2022-03-21,0.853785,-0.422741,0.149455,-0.017642,-2.309558,1.062267,-0.321210,-0.944725,0.566216,0.379622,-3.336857,-1.288226,4.487071,-0.139872,-0.587037,0.798668,-0.141280,1.799299,-0.063233,-1.036770,-0.831966,-1.197441,-0.170000,0.000000,-1.120000,1.640000
2022-03-22,2.080035,1.637899,2.103830,2.767398,2.439819,-0.785521,2.126770,0.658867,-0.472029,0.769635,0.109309,1.142993,-0.437927,3.127931,-2.122152,0.363159,1.095000,-0.334067,0.303581,0.700238,-0.298123,1.074870,1.300000,0.000000,0.050000,-1.190000
2022-03-23,0.823394,-1.502980,-0.898182,-1.138556,-1.472414,-3.355464,-1.991338,-1.734793,-0.377148,-0.697909,-3.845576,-2.102840,1.576236,-2.467197,-1.602578,-0.657901,-0.523328,1.078673,0.542254,-0.965275,-1.286516,-1.762883,-1.250000,0.000000,-0.640000,0.400000
2022-03-24,2.267768,1.539292,0.147790,2.384014,2.862362,9.815095,0.651034,1.225079,0.516216,0.172393,-0.400539,2.095403,0.300741,-0.046392,0.766420,0.960260,0.605592,0.265297,0.852874,0.738216,0.619957,0.958999,1.420000,0.000000,-0.080000,-0.820000
2022-03-25,0.373420,-0.138127,0.686829,0.071343,1.024724,-1.627008,0.874305,0.515391,0.958698,1.158317,-1.615081,-0.094443,2.182757,1.532387,0.361309,0.901943,0.468161,1.809990,1.156586,-0.430016,0.434063,0.129544,0.280000,0.000000,-0.590000,2.190000
2022-03-28,0.503656,2.311647,2.559268,-0.153531,0.797948,1.903086,-0.739904,1.071297,0.514374,0.687036,1.158784,0.421150,-2.805150,-0.411631,0.947307,0.633831,0.296523,-1.748283,-0.159828,1.709511,1.777634,-0.301856,0.730000,0.000000,-0.560000,-1.720000
2022-03-29,1.913453,1.515941,0.192028,0.742297,2.804238,1.548599,0.220073,3.329234,-0.050630,1.026800,1.091338,4.867500,-0.531339,-0.252578,-1.013511,0.387596,1.484361,-1.220308,0.443300,0.843951,0.842451,2.638430,1.430000,0.000000,1.530000,-1.920000
2022-03-30,-0.664959,-0.491450,-1.780118,-0.397887,-0.874441,-3.371017,-0.453313,-1.827981,1.040855,-0.688325,-2.911426,-1.444707,1.711783,-1.012890,-0.568821,0.080450,-0.136734,0.705946,1.017518,1.138651,1.793124,-0.997342,-0.820000,0.000000,-1.290000,0.400000
2022-03-31,-1.777567,-1.768302,-1.986457,-2.022712,-2.409472,-1.459008,-3.002676,-0.973426,-1.314093,-1.029822,-2.959880,-1.341682,-1.420401,-4.139536,-1.277639,-0.337585,-0.345327,-1.601413,-0.424748,-0.107561,-0.633892,-2.695810,-1.540000,0.000000,0.720000,-0.450000
2022-04-01,-0.171826,0.360039,0.345097,0.778762,1.119799,-2.103640,-0.740920,2.069712,0.541659,1.498689,0.855250,1.843990,0.641746,-0.776307,-0.386328,1.403240,1.421882,0.853652,1.791568,-0.048609,1.403425,-0.116646,0.390000,0.000000,0.700000,-0.610000
2022-04-04,2.369350,1.793686,2.926448,2.012819,4.020455,2.425889,0.443418,0.609658,-0.965253,-0.651237,1.222271,0.807763,0.048128,-0.171139,-1.221646,-0.524890,-0.259152,0.091330,-0.035920,-0.076446,0.019885,1.153279,0.930000,0.000000,-0.060000,-1.860000
2022-04-05,-1.894205,-1.298509,-2.549209,-1.665011,-0.876482,-5.222973,-1.163734,-0.724521,0.646003,0.350453,-0.235605,-0.978459,-0.517090,-1.689958,0.588939,-0.111916,0.106289,-0.614451,0.275513,0.033032,0.284698,-2.135957,-1.530000,0.000000,-0.960000,0.820000
2022-04-06,-1.845081,-3.660583,-3.230012,-2.875706,-3.683584,-5.877130,-1.387416,-3.131495,2.601186,1.429294,-2.073063,-2.689086,1.112061,-1.096151,3.181106,1.008464,1.705034,0.887618,1.493065,1.646035,2.323883,-2.248909,-1.230000,0.000000,-0.660000,1.080000
2022-04-07,0.180407,0.624342,-0.611943,-0.482984,-0.156726,-0.815350,-0.304220,-1.305880,-0.257916,1.294424,1.410183,-0.994141,1.673636,-0.780874,4.331376,0.538830,0.092800,1.389471,2.153685,3.977503,1.000062,-0.528026,0.340000,0.000000,-0.610000,-0.120000
2022-04-08,-1.190874,-1.459974,-2.106674,-1.914082,-0.278090,-4.498505,1.830804,0.383992,0.198074,0.780550,2.761326,0.778139,2.104659,0.710852,0.018119,0.614748,0.336161,1.693595,1.013820,-1.317323,0.555786,0.000000,-0.380000,0.000000,-0.990000,2.270000
2022-04-11,-2.551604,-3.943192,-2.161395,-3.349139,-2.640227,-5.199180,-0.367078,-1.027752,-1.251914,-0.381020,-1.411047,-1.390990,-3.443110,-0.201662,-2.247604,-0.031316,-0.306163,-2.571647,-1.197530,-2.561508,-1.982096,-0.925167,-1.540000,0.000000,0.290000,1.050000
2022-04-12,1.152354,-1.121743,-0.221336,-0.860872,-1.071780,-1.884387,-1.097745,-1.559960,0.033331,-0.300956,-0.140183,-0.451979,2.087028,-1.060886,-1.520466,1.175351,0.405577,2.083835,-1.154331,-0.566117,-0.687005,0.145428,-0.290000,0.000000,0.540000,0.470000
2022-04-13,1.634236,1.971175,3.152446,1.706549,0.396938,3.250538,-3.223331,0.884607,0.422477,0.283004,1.348369,2.701004,1.413542,-0.893499,-0.018862,0.263326,-0.173121,1.573881,0.583911,1.673679,2.603919,1.154099,1.390000,0.000000,0.920000,-0.710000
2022-04-14,-2.998817,-2.708414,-2.465268,-2.435842,-2.237323,-4.256159,-0.926961,-0.225081,-0.420699,-0.558116,-1.900631,0.754608,1.175006,-3.220027,0.037687,0.448006,-0.635837,-0.046617,0.905608,-0.118448,-0.089059,-1.420482,-1.280000,0.000000,0.020000,1.430000
2022-04-18,-0.133086,0.246552,0.710916,0.746865,0.280725,2.469659,1.855371,0.178596,-1.245121,-0.952264,-1.415354,-0.285036,0.819761,3.406964,-2.409627,-0.892009,-0.860953,1.340386,-0.966518,-1.400777,-0.763918,-2.069452,-0.190000,0.000000,-0.810000,1.800000
2022-04-19,1.411513,1.703989,3.488883,1.826893,3.102892,1.905137,2.070681,1.186833,3.050770,1.496252,2.528236,1.981501,-0.892148,1.853303,-3.202179,0.977654,1.455190,-1.184655,-0.325324,2.092339,1.135481,3.232360,1.760000,0.000000,0.590000,-0.970000
2022-04-20,-0.101563,0.371540,-2.604104,-1.514527,-7.772298,-3.225490,0.350831,0.968945,0.442442,2.659788,2.384686,0.390251,0.227898,0.227421,-0.856917,1.367741,1.486442,0.407395,0.780989,1.553098,1.255933,-5.557223,-0.270000,0.000000,0.200000,1.260000
2022-04-21,-0.484372,-1.938128,-3.702643,-2.519128,-6.162063,-6.046954,-0.775180,-0.615293,-0.288232,-0.078035,-1.516842,-0.232710,-1.057296,-1.891059,-1.286436,0.379009,-0.359053,-4.607884,-0.266019,-1.953514,0.150360,-2.336036,-1.730000,0.000000,-0.730000,0.410000
2022-04-22,-2.782084,-2.414433,-2.660894,-4.149361,-2.105592,-3.309699,-2.872261,-3.825361,-0.992570,-0.836349,-3.302577,-3.638472,-2.183165,-3.469525,-1.995497,-1.449930,-1.538552,-2.205622,-1.901898,-3.386611,-1.882774,-2.786467,-2.740000,0.000000,0.330000,-0.180000
2022-04-25,0.673692,2.441349,1.194319,2.874149,1.564273,1.983093,-0.031543,0.855080,2.462280,0.806194,1.609414,0.973883,-3.371317,-0.718864,1.703712,1.057482,0.923617,-2.149723,1.004841,-0.610444,0.050984,1.420481,0.700000,0.000000,0.440000,-1.860000
2022-04-26,-3.732792,-3.740403,-4.575077,-3.594590,-3.230117,-5.597424,-2.958106,-4.215295,-0.715039,-1.697959,-1.633128,-2.958267,0.036466,-2.252618,0.163424,-1.349722,-0.253235,-0.609561,-1.123578,-2.543086,-1.044982,-3.484776,-2.990000,0.000000,-0.680000,1.800000
2022-04-27,-0.146688,4.810901,-0.878105,-3.670878,-3.315831,-1.985299,-1.300620,6.469440,-1.397008,-0.269073,0.546765,5.073965,2.855766,-0.548688,1.448120,0.784006,0.894377,-0.185270,-0.082864,0.057783,-0.682537,-0.483721,0.130000,0.000000,-0.610000,0.340000
2022-04-28,4.515533,2.263254,4.653419,3.699218,17.593593,7.423293,1.581296,3.059168,0.746861,2.541408,3.368690,4.773637,3.024588,1.544818,1.548025,0.960972,1.515588,3.552209,4.940167,1.594407,1.277223,0.069442,2.450000,0.000000,-0.190000,-0.420000
2022-04-29,-3.660495,-4.181214,-14.049438,-3.723342,-2.556762,-6.243059,-3.226859,-3.412494,-1.635238,-1.750192,-3.643841,-4.078356,-2.236242,-3.069832,-2.850922,-2.387094,-3.261963,-3.164587,0.124170,-5.387938,-2.061332,-3.174608,-3.540000,0.000000,0.740000,0.610000
2022-05-02,0.196683,2.504372,0.175809,2.167648,5.317527,5.316218,0.913227,-0.750713,-1.008539,-1.351618,2.187083,-1.194353,1.360701,1.289233,-1.487674,-1.810848,-2.300388,1.965907,-1.172595,-0.520898,-0.660165,1.675174,0.800000,0.000000,0.600000,-1.160000
2022-05-03,0.962249,-0.945627,-0.197990,0.644188,0.426277,0.353228,2.141952,-1.404054,-0.195931,-1.370105,-0.654778,-0.348116,2.059942,2.739361,1.965269,-0.567458,0.137094,1.715185,-0.627486,-0.164484,0.348712,0.044061,0.410000,0.000000,-0.170000,1.650000
2022-05-04,4.100828,2.910066,1.348047,4.199117,5.367160,3.734339,3.308138,2.857699,1.071275,0.736163,3.393883,2.998950,3.980031,4.012896,0.750645,3.091297,3.494275,3.138669,1.630272,3.096120,1.383521,2.324969,3.010000,0.000000,-0.450000,0.240000
2022-05-05,-5.571626,-4.355474,-7.561036,-4.707545,-6.772315,-7.327634,-2.501957,-4.325949,-1.908973,-1.842894,-5.137818,-4.111056,-1.515800,-2.796457,-2.436572,-0.799623,-1.995874,-0.793619,-0.576128,-4.979520,-0.856805,-3.081162,-3.800000,0.000000,-0.790000,2.370000
2022-05-06,0.472742,-0.944674,-1.404124,-0.651477,-2.165347,-0.896831,-0.161398,-1.179116,-0.220643,0.997005,-1.604742,-1.768684,1.528059,-0.239730,1.217736,0.356535,0.011753,2.664508,0.431771,-2.698535,-2.081975,-2.060210,-0.850000,0.000000,-1.340000,1.840000
2022-05-09,-3.318934,-3.694514,-5.213355,-2.795339,-3.710070,-9.236966,-1.503389,-4.841708,0.544320,-0.249976,0.924172,-5.511060,-7.885285,-2.883855,-0.815650,-0.200821,0.756970,-6.702226,-0.848512,-0.899949,1.170109,-3.001175,-3.520000,0.000000,-0.510000,1.330000
2022-05-10,1.611212,1.859510,0.064344,1.674500,0.733923,3.805331,-2.437219,0.300515,-0.135358,-0.526968,-1.976187,-0.811002,0.663063,-1.677189,1.747548,-0.928621,-0.122275,0.960778,0.193964,0.527238,-1.407718,0.654325,0.220000,0.000000,-0.220000,-1.220000
2022-05-11,-5.184140,-3.320940,-3.203226,-0.692768,-4.507983,-5.484518,-0.630842,1.622060,-0.542088,-1.408373,-2.816344,0.165984,2.081871,-0.531324,-0.080835,0.468666,-0.484018,1.480292,1.571583,-2.468799,-1.045713,-2.293839,-1.930000,0.000000,-1.130000,2.610000
2022-05-12,-2.689402,-1.995771,1.479040,-0.667671,1.324579,-2.736013,-0.084658,-1.209607,0.987906,-0.406232,2.378455,-1.420806,0.453949,-1.405673,2.731906,0.310993,-0.152341,0.949966,1.838769,-0.592928,-0.094832,-0.855434,0.150000,0.000000,1.290000,-1.230000
2022-05-13,3.191627,2.259631,5.727556,2.841525,3.859019,9.465234,0.889524,2.711755,-0.573450,1.072394,2.188538,3.598548,2.966390,0.285127,-0.932720,1.875674,1.948367,1.918521,-0.462398,2.281038,0.386501,2.895223,2.740000,0.000000,0.880000,-2.180000
2022-05-16,-1.067243,0.145508,-1.985316,-1.383449,0.714937,-2.496338,-0.696922,-0.712740,0.695496,0.976447,-0.013525,-0.922468,2.352019,-1.023605,1.502396,0.365192,1.007369,3.061915,2.112590,-0.551002,0.108067,-2.003174,-0.590000,0.000000,-0.200000,1.310000
2022-05-17,2.542274,2.034442,4.113327,1.772036,1.289747,5.288461,3.314701,3.129267,0.415564,-0.283640,1.675752,2.768929,1.275442,3.389825,1.322281,-0.272889,-0.575594,0.589535,0.736564,-0.820993,-11.375756,3.289607,2.130000,0.000000,0.960000,-0.050000
2022-05-18,-5.641905,-4.552959,-7.156197,-3.926668,-5.122891,-6.816313,-1.710579,-1.965699,-1.856613,-6.232200,-5.240100,-0.873511,-1.585068,-3.084179,-1.830913,-6.962611,-6.196281,-2.635989,-0.967734,-12.451329,-6.791013,-3.994841,-4.060000,0.000000,0.210000,1.540000
2022-05-19,-2.464137,-0.369951,0.192785,-1.354338,-0.494179,1.098153,-1.482210,-1.310054,-0.888898,-2.302832,0.904687,-1.095559,0.540543,-1.232786,0.496014,-1.960768,-1.497093,-0.714024,-0.010842,-1.506743,-2.744437,-1.112181,-0.340000,0.000000,0.490000,-0.800000
2022-05-20,0.174732,-0.229126,0.253453,-1.337147,1.176226,-2.511149,-0.819905,0.841070,1.747721,0.063486,-0.198064,1.191967,0.789986,-1.712636,3.593306,1.633313,0.626559,0.575334,1.585411,-1.536895,0.109191,-0.698084,-0.050000,0.000000,-0.110000,-0.190000
2022-05-23,4.011915,3.203175,-0.031605,2.368967,1.389884,1.222049,6.187165,4.285756,2.041519,2.299234,-0.403914,3.643892,2.209888,5.936189,0.781384,3.082996,2.089890,2.323892,0.299302,3.133793,2.852365,3.329427,1.750000,0.000000,-1.060000,1.310000
2022-05-24,-1.921619,-0.395154,-3.214110,-4.949414,-7.618609,-4.402905,1.412509,-2.375196,1.092276,1.778671,0.660780,-2.221417,0.543185,-0.613290,1.002275,1.845361,1.340592,0.535784,0.863255,1.916256,1.247954,-4.006426,-1.210000,0.000000,-0.920000,1.830000
2022-05-25,0.114005,1.117010,2.569648,-0.155707,1.406676,5.082330,0.696438,0.597149,-0.981269,-1.639226,1.962356,1.194656,2.012714,0.532940,0.561690,0.078106,0.685227,1.604480,-0.940404,0.548314,-0.612287,1.643877,1.210000,0.000000,0.790000,0.200000
2022-05-26,2.319955,1.287533,4.029499,1.878469,4.243046,5.160523,1.729006,2.310626,-0.089069,0.874604,3.147445,1.487982,0.353070,2.315853,0.521332,0.358990,0.674684,0.672727,-1.536026,5.653123,2.131808,2.275805,2.180000,0.000000,0.190000,-0.610000
2022-05-27,4.075669,2.760433,3.663208,4.196945,1.826436,5.377874,1.413788,2.076246,0.908269,1.529198,1.865873,2.254984,0.983004,0.954472,-0.148177,0.590982,0.975829,0.956992,0.834162,1.240887,1.968260,3.512909,2.580000,0.000000,0.360000,-1.280000
2022-05-31,-0.534612,-0.501371,4.397010,1.286992,-0.763583,-0.738944,0.731317,-0.333523,-0.861450,-0.564815,-1.851149,0.025170,-1.629247,0.486206,-1.613804,-2.009902,-2.340323,-2.030493,-1.128056,-0.964382,0.116753,1.024522,-0.710000,0.000000,-0.500000,0.460000
2022-06-01,-0.087345,0.202267,1.226604,0.114276,-2.582106,-1.885196,-1.754527,-1.055754,-1.013731,-1.514733,-1.216534,-0.226346,1.916641,-1.424727,-1.263179,-0.489121,-0.751114,0.950431,-0.967074,-1.979784,-2.472213,-1.131826,-0.740000,0.000000,0.200000,0.800000
2022-06-02,1.681148,0.792891,3.145034,3.275465,5.417712,6.943250,1.608808,2.438917,-0.315121,1.077988,2.920665,1.686012,-0.173734,0.658239,0.591917,1.046452,0.810440,-0.181499,-1.250818,6.700372,1.642078,1.538598,2.080000,0.000000,0.840000,-2.080000
2022-06-03,-3.855584,-1.660696,-2.518507,-2.619825,-4.063154,-4.450793,-1.393935,-1.116020,-0.412070,-0.896677,-0.258284,-1.448741,1.453858,-1.389621,0.987093,-1.192530,-1.097911,0.909083,-0.100030,-2.329714,-1.717504,-1.984306,-1.630000,0.000000,0.850000,0.550000
2022-06-06,0.522777,-0.470354,1.994281,1.990141,1.818831,0.352553,-0.330354,0.136364,-0.011350,-0.390693,-0.390057,0.648377,-0.252281,-0.110539,0.112783,-0.158802,0.418567,-0.433584,-0.077821,-0.793699,-0.359080,-0.772994,0.330000,0.000000,-0.020000,0.660000
2022-06-07,1.758575,1.395373,-1.434411,0.281614,0.720729,0.745237,0.262078,0.732591,1.099768,1.114771,-0.697612,1.077367,4.583154,0.553246,1.314294,0.604425,0.616163,1.905818,0.712369,-0.146031,-1.201259,-0.037094,1.000000,0.000000,0.330000,-0.150000
2022-06-08,-0.504336,-0.766994,-1.479675,0.037993,0.505994,-1.448038,-1.591453,-0.466192,-0.594380,-1.245415,-1.405025,-0.464262,1.180249,-1.265459,-0.908068,-0.569169,-0.498324,0.516084,-1.105213,-0.803366,-0.867303,-0.417476,-1.020000,0.000000,-0.090000,-0.520000
2022-06-09,-3.595574,-2.078301,-4.150849,-2.012486,-6.427976,-3.217498,-2.101563,-3.461367,-2.013757,-1.805506,0.783085,-3.678975,-2.160821,-3.845106,-3.160670,-1.733202,-1.780002,-1.993019,-1.654013,0.867532,-1.046598,-3.763737,-2.430000,0.000000,0.320000,0.260000
2022-06-10,-3.862858,-4.456379,-5.596212,-3.199352,-4.581524,-5.950799,-4.596602,-3.202156,-0.667760,-0.378990,-3.541655,-4.083082,-1.827410,-3.882916,-3.495536,-0.631062,-0.159712,-1.194263,-0.931812,-1.851478,0.561880,-3.775413,-3.000000,0.000000,0.090000,0.660000
2022-06-13,-3.828485,-4.241274,-5.453719,-4.290165,-6.441886,-7.817849,-2.977846,-3.633903,-1.008408,-2.677009,-2.102039,-4.483943,-4.588908,-3.467003,-4.122478,-0.114004,-1.710570,-4.600926,-2.500559,-2.387173,-1.881676,-3.712274,-4.120000,0.000000,-0.650000,0.600000
2022-06-14,0.667252,0.920514,-1.311856,0.303599,-0.322644,1.207902,-1.663905,0.655346,-1.533857,-3.119788,-1.585691,0.750622,0.260817,-1.748901,0.020878,-2.742191,-2.266170,0.131515,0.225340,0.563857,0.041877,-1.556786,-0.260000,0.000000,0.220000,0.110000
2022-06-15,2.011140,2.973527,5.238980,2.857125,3.432485,4.363463,1.183578,1.364207,1.070205,-0.993733,0.380373,1.008872,-1.259101,1.875387,1.231217,0.742865,1.069693,-1.963619,0.153836,0.877306,-0.066965,1.761830,1.550000,0.000000,0.280000,-1.670000
2022-06-16,-3.965143,-2.697010,-3.724338,-3.399096,-5.007381,-5.602932,-1.715629,-3.624598,0.052947,0.611282,-2.241442,-5.104648,-3.688466,-0.624007,-2.123290,-1.005506,-0.481652,-5.345161,0.307240,-1.532289,1.038728,-1.668751,-3.520000,0.000000,-1.180000,0.000000
2022-06-17,1.153335,1.094017,2.469610,1.046844,1.784051,1.788342,-0.352664,0.507796,-0.364537,-0.720068,-0.998314,0.618561,-5.766507,0.219788,-2.000829,0.609449,0.019123,-4.566502,-0.318057,-1.122281,-1.931708,0.063645,0.450000,0.000000,1.110000,-2.680000
2022-06-21,3.276075,2.459112,2.315947,4.107106,-4.085755,4.319901,2.477229,2.305171,2.094868,3.029609,-0.565144,2.159732,6.223882,2.913508,3.395663,2.136957,2.323935,4.185178,4.029759,3.675920,3.280062,-1.112986,2.380000,0.000000,-0.760000,0.240000
2022-06-22,-0.382732,-0.240405,0.248433,-0.050647,-0.764089,-1.243501,-0.561161,-0.293241,1.577950,1.561958,-0.081717,-0.393844,-3.957142,-0.761033,1.995418,0.741348,0.821349,-4.346986,1.283671,-0.680181,-1.211416,0.225098,-0.190000,0.000000,0.200000,-1.820000
2022-06-23,2.157369,2.263645,3.203309,0.676749,1.860778,-0.825193,-1.093921,1.454964,2.230585,2.743661,2.394239,0.192950,-3.016170,-1.595074,2.078675,1.193776,1.277543,-3.678909,3.185272,3.269849,2.427682,0.855614,1.120000,0.000000,0.800000,-3.890000
2022-06-24,2.451729,3.414974,3.575237,5.107720,7.187397,5.553150,2.984536,4.510770,1.463863,1.440621,2.752155,4.337677,1.983342,0.716942,2.994593,1.874626,1.237054,1.642927,1.228259,1.972626,0.080902,3.690349,3.130000,0.000000,-0.390000,-0.010000
2022-06-27,0.000000,-1.049676,-2.782069,-1.815210,-0.393754,-1.500647,-0.801228,-0.948858,-0.093266,-0.762030,-0.109515,-0.505333,2.451084,0.123800,0.562135,-0.206225,0.132425,1.934103,1.374436,-0.540880,0.323335,-1.196564,-0.270000,0.000000,0.560000,1.250000
2022-06-28,-2.978950,-3.174889,-5.140434,-3.303018,-5.197951,-5.258150,-0.481174,-2.672418,-2.844257,-1.626530,-4.435973,-3.205284,2.774334,-0.278195,-2.351587,-1.001446,-1.406685,1.606002,-2.669205,-2.727575,-1.409928,-0.714213,-2.090000,0.000000,-0.360000,2.400000
2022-06-29,1.302365,1.473797,1.415267,-0.273201,2.028889,-2.753113,-0.448979,0.696539,0.028253,0.908329,1.377003,1.350969,-3.693963,-1.239929,0.552710,0.722541,1.658443,-1.974124,0.674715,0.262475,-0.367746,-0.281491,-0.190000,0.000000,-0.440000,-1.330000
2022-06-30,-1.802775,-1.317923,-2.488064,-2.451635,-1.640852,-2.464281,-2.333044,-1.308282,0.293786,1.118115,0.146052,-2.204018,-2.814363,-2.291280,2.924998,0.286962,-0.041980,-1.496795,-1.448516,2.009198,-0.278881,-1.306836,-0.960000,0.000000,0.410000,-0.140000
2022-07-01,1.616441,1.070751,3.154127,-0.206941,-0.756586,-4.195533,1.278743,1.163097,1.132344,1.613475,1.753743,0.874846,2.230270,1.381318,-0.228861,2.336665,1.638065,1.194918,1.371065,1.352026,0.863660,1.843212,1.150000,0.000000,0.030000,0.120000
2022-07-05,1.893057,1.259721,3.596205,4.161858,5.099046,3.036561,-0.380371,0.682796,-0.768729,-0.965032,1.666192,0.320516,-3.129634,-1.013954,-1.280825,-1.708624,-0.224370,-2.627792,0.238087,0.514665,1.321038,1.081759,0.480000,0.000000,1.830000,-3.340000
2022-07-06,0.960729,1.278295,0.731279,1.155718,0.939426,1.109323,-0.648191,0.289213,0.089847,0.932970,-0.052871,0.285030,-1.804021,-0.832267,2.149478,0.205450,0.999959,-1.317829,0.528897,0.899098,0.708246,-1.131912,0.170000,0.000000,-0.750000,-0.760000
2022-07-07,2.399945,0.822666,1.749322,3.675420,1.425447,4.811639,2.529289,0.835335,0.112141,-0.034226,1.096700,1.373251,3.194023,2.840548,1.270160,-0.788508,-0.199176,1.946293,-0.128845,0.466872,0.151829,1.405070,1.760000,0.000000,0.980000,-0.950000
2022-07-08,0.471464,-0.275698,-0.679103,0.480284,-0.760790,-0.126108,-0.313823,0.379686,-0.123253,-0.671248,-0.076743,-0.311668,0.162898,-0.219700,-0.467999,0.365583,0.892238,-0.522574,-0.247290,1.331441,0.063843,-1.611418,-0.070000,0.000000,0.120000,-0.080000
2022-07-11,-1.475779,-1.176886,-3.280250,-3.080764,-4.681651,-4.331369,-1.311635,0.731932,0.039273,0.703359,-0.027929,0.349787,-0.511147,-1.038077,-0.526618,-0.316767,-0.820325,-0.882532,1.638282,-0.526376,0.039867,-2.315869,-1.380000,0.000000,-1.320000,1.610000
2022-07-12,0.683366,-4.098131,-2.263981,-1.431572,0.239440,-0.461976,0.097451,-0.117053,-1.401725,-0.883324,-0.443450,-0.410266,-1.331157,-0.317868,-1.607077,-0.428973,-0.569042,-1.830257,-0.742306,-1.669676,-0.302893,-0.042723,-0.890000,0.000000,0.740000,0.520000
2022-07-13,-0.253678,-0.374494,1.080388,-2.339070,0.134759,0.543700,-0.938296,-0.327098,-0.233179,0.656302,0.722506,0.157960,0.402385,-1.658138,-0.480418,-0.462734,0.353986,-0.669464,0.181619,0.336344,0.239852,-0.705127,-0.390000,0.000000,0.440000,-0.410000
2022-07-14,2.048257,0.538132,0.208329,-0.885457,-3.327431,1.371654,-3.493877,0.862095,0.136835,-0.295129,0.800915,0.513359,-2.003769,-2.302231,-0.772349,-0.320612,0.517349,-1.485611,0.117320,4.006339,1.954228,-1.183559,-0.410000,0.000000,-0.260000,-1.010000
2022-07-15,1.145009,1.039053,2.639434,1.277546,4.207520,2.537095,4.583325,2.005727,1.451484,-0.137672,1.012134,2.319772,1.683893,7.036173,0.700505,0.514632,0.081862,1.257895,1.150382,2.150644,0.977927,3.658542,1.960000,0.000000,-0.060000,0.500000
2022-07-18,-2.064306,-0.962140,0.184940,-2.458006,1.536126,2.150747,-1.027005,-1.347347,-2.244313,-1.213229,0.218836,-0.469062,1.845285,0.031024,-1.932360,-1.359991,-1.671320,1.402121,-2.759048,-1.271634,-0.232428,0.525200,-0.710000,0.000000,0.220000,1.010000
2022-07-19,2.672179,2.076692,3.911741,4.384119,5.112730,5.533791,2.477887,3.112779,-1.457827,0.509413,2.313634,2.830739,2.520313,3.378795,1.221669,1.427409,1.069775,3.603674,0.021675,0.761175,0.613505,4.085682,2.810000,0.000000,0.890000,-0.540000
2022-07-20,1.351001,1.055761,3.857540,0.079081,4.158599,4.796394,-0.017487,-0.135741,-0.570791,-1.728677,0.823796,0.261452,1.098905,0.029994,-1.070643,-1.647218,-1.058452,1.320811,-2.934176,0.763152,0.833585,3.754653,0.890000,0.000000,1.500000,-1.320000
2022-07-21,1.509382,0.979899,1.515029,0.386284,0.043702,1.364628,0.681001,1.321668,0.351482,0.094558,0.893155,1.655595,-1.669657,0.869314,0.590297,-0.227628,0.148555,-0.764426,0.546565,1.003410,1.462020,0.803106,0.970000,0.000000,0.010000,-1.610000
2022-07-22,-0.811053,-1.691592,-1.773248,-5.632310,-7.588584,-4.049873,-0.485613,-1.151768,0.472823,1.598325,0.521321,-0.876281,-0.763526,-0.653821,0.215196,0.374818,0.652796,-0.832159,-0.033258,0.049106,-0.256489,-1.401426,-1.180000,0.000000,-1.090000,1.390000
2022-07-25,-0.739825,-0.587655,-1.045580,-0.361453,-1.547829,-1.703315,0.400852,0.266722,0.197524,0.678235,-0.143535,0.095947,3.330292,0.897416,1.054071,0.974202,0.141505,2.975234,0.466074,-0.109493,-0.143735,-0.029208,0.120000,0.000000,-0.300000,1.650000
2022-07-26,-0.882667,-2.677422,-5.225361,-2.316064,-4.500433,-2.884165,-1.562238,-0.830722,0.707412,0.194462,-2.603285,-0.851210,-0.388994,-2.016019,1.023765,1.640131,1.165716,-0.781250,0.839495,-3.252441,-7.604894,-2.833779,-1.320000,0.000000,0.090000,1.070000
2022-07-27,3.423498,6.685169,5.365390,7.655689,6.553573,7.602994,1.604665,-0.950641,-0.276375,0.949618,0.244801,0.583106,2.164443,1.633908,-0.669236,-0.316409,-0.139667,1.316830,-0.065707,2.027627,3.779319,3.728205,2.720000,0.000000,0.490000,-1.270000
2022-07-28,0.357165,2.854092,1.082911,1.026003,-5.224683,1.090473,-0.373157,0.418126,0.577375,1.661624,0.240889,2.674279,1.168516,-0.803833,-1.610087,1.666410,1.894046,0.757104,-1.414011,2.832679,2.496233,1.352658,1.190000,0.000000,0.110000,-0.910000
2022-07-29,3.279320,1.566522,10.361464,1.838558,-1.007967,0.995342,0.479068,0.359601,0.183690,-6.179911,0.437211,0.380177,4.630826,1.470599,-0.414033,0.171715,0.068651,8.903490,-0.667129,0.954916,1.772640,1.143949,1.450000,0.000000,-0.940000,0.450000
2022-08-01,-0.615332,-0.972444,0.326049,-1.255168,0.521662,1.530595,-0.996903,-0.353626,-0.349526,2.872335,1.621590,-0.918615,-2.527575,-0.295768,0.197978,0.545396,1.137387,-1.996589,-0.906655,1.017905,0.371092,0.113095,-0.200000,0.010000,0.320000,-0.240000
2022-08-02,-0.928733,-1.147450,-0.908483,0.235087,0.162593,0.460910,-1.558513,-2.412915,-0.569271,-0.664798,-1.670917,-0.436469,-0.433972,-1.987541,-1.817820,-1.363895,-0.825088,-0.853510,-1.039176,-0.612623,0.105603,-1.421570,-0.500000,0.010000,0.910000,-1.410000
2022-08-03,3.824764,2.783642,3.995230,2.562315,5.374864,1.981004,1.049536,1.076298,0.965761,2.064133,1.882207,1.466987,-3.242263,1.815967,0.342127,0.439968,0.763585,-2.375260,0.011403,0.653235,-1.643051,4.116124,1.670000,0.010000,0.750000,-1.950000
2022-08-04,-0.192651,0.417745,2.186069,0.093159,1.048583,1.704350,-1.100264,2.393509,-1.603753,-0.158769,0.261150,0.547829,-4.207874,-0.713419,0.000000,-0.391122,-0.542879,-2.716301,-0.913022,-0.681895,-3.777768,-0.825531,-0.050000,0.010000,0.840000,-1.650000
2022-08-05,-0.138898,-0.260875,-1.241498,-0.609187,-2.028493,-1.176187,3.026015,1.124288,-0.395817,0.048391,0.820364,0.404413,1.445133,1.676640,-1.183318,-0.455459,-0.750569,1.654110,0.679567,-0.480448,0.804321,-1.378106,-0.040000,0.010000,0.870000,-0.050000
2022-08-08,-0.290298,-0.915502,-0.987215,-0.144714,1.879004,-6.298372,-1.218053,-1.181248,-0.531817,0.380064,0.736206,-1.496446,0.565276,-1.383992,0.608902,-0.646898,-0.401037,-0.149700,1.235552,0.227514,0.813724,2.325801,0.000000,0.010000,0.930000,-0.090000
2022-08-09,0.030348,0.706334,-1.133349,-0.571196,-1.010277,-3.973492,0.900752,-1.434483,-0.011745,-0.234072,-2.166873,-1.595882,1.843750,1.283972,0.423648,0.127041,0.373891,1.303707,1.163986,-1.121965,0.987392,-0.898182,-0.670000,0.010000,-1.800000,2.100000
2022-08-10,2.619445,2.430035,3.526083,2.632266,5.820901,5.917163,2.608768,0.875108,0.287923,0.945305,2.087084,1.973797,0.949318,3.390351,0.341499,0.951643,0.825236,0.263843,-0.368632,0.746522,0.209498,3.976707,2.350000,0.010000,1.140000,-1.620000
2022-08-11,-0.443166,-0.740077,-1.436683,-0.718463,-0.476593,-0.856515,1.478175,-0.304640,-2.068324,-0.710874,-0.285619,-0.792347,2.892810,2.395173,-3.323331,-0.675568,-0.511558,2.438688,-0.291522,-1.411583,0.964384,4.678471,-0.070000,0.010000,-0.250000,1.670000
2022-08-12,2.142576,1.703748,2.069115,2.389761,1.695858,4.274854,1.656375,0.118444,-1.100868,0.970681,1.351805,1.052538,0.869188,1.086061,3.768881,0.759236,1.308293,0.144091,2.350145,0.941355,1.848706,3.296792,1.760000,0.010000,0.650000,-0.790000
2022-08-15,0.633313,0.534405,-0.257757,0.328731,0.216058,1.726473,0.270218,2.408545,0.477900,1.288602,-0.088935,1.603309,-1.787234,-0.137731,-0.718420,1.255887,1.099621,-1.901803,-0.461405,1.589706,0.287402,2.212720,0.380000,0.010000,0.140000,-0.610000
2022-08-16,-0.092356,-0.258988,1.117479,-0.311277,-0.784995,-0.803917,0.955415,0.332681,0.891118,0.922195,4.059046,-0.194469,-0.931546,1.075839,0.221122,0.821713,0.580091,-0.255061,-0.011074,1.332117,5.105582,0.563332,0.190000,0.010000,-0.340000,0.700000
2022-08-17,0.878450,-0.263618,-1.851079,-1.766622,-2.574248,-2.881503,-0.841221,-1.206574,0.005965,-0.460219,-0.494852,-1.091171,0.809077,-0.627722,-1.183318,-0.230675,-0.055450,0.824750,0.496764,0.596722,0.107626,-1.720556,-0.920000,0.010000,-1.170000,1.040000
2022-08-18,-0.229144,-0.394763,0.140744,0.518602,-0.108666,2.388881,-0.774942,0.340282,-0.483357,0.355130,-0.168842,0.571301,2.364434,-0.357022,-1.400430,0.524061,0.099888,1.753248,0.395426,0.834065,-0.322530,-0.113992,0.270000,0.010000,0.190000,0.450000
2022-08-19,-1.510198,-1.385365,-2.860160,-2.463185,-3.836013,-4.921973,-2.474519,-1.128916,1.523039,-0.026729,-1.196169,-0.861868,-0.317871,-2.205078,1.173309,-0.076674,-0.127515,-0.836372,0.743979,-1.146256,-1.474089,-2.062447,-1.490000,0.010000,-1.170000,0.980000
2022-08-22,-2.302924,-2.935556,-3.624390,-2.533902,-2.923331,-4.566079,-1.652198,-1.978197,-0.350798,-0.267126,-2.835165,-2.475426,-0.074393,-2.142053,-0.508651,-1.488401,-0.954639,-0.500987,-0.999131,-1.633825,-1.788039,-3.495924,-2.130000,0.010000,-0.180000,0.340000
2022-08-23,-0.202954,-0.471628,0.300251,-0.332633,-1.189820,0.862996,-0.985688,-0.867659,-0.871152,-1.928617,-1.700768,-1.337169,4.244233,-0.892853,-1.820039,0.109018,-0.044838,3.244131,-1.053078,-0.623332,-0.423580,-0.931517,-0.110000,0.010000,0.020000,0.310000
2022-08-24,0.179436,-0.235142,0.134716,-0.149302,1.334499,0.238610,0.242404,-0.062851,-0.331080,-0.430198,0.394254,-0.346158,0.591824,0.319663,-1.208077,0.140036,0.498981,0.740785,-0.210653,0.212144,0.723855,1.349473,0.390000,0.010000,0.650000,-0.620000
2022-08-25,1.492279,1.109573,2.600894,2.603559,3.381092,4.012343,2.374773,1.524174,0.936079,-0.082290,0.542027,1.460055,0.517345,1.796047,0.990932,0.481684,0.005561,0.876260,0.288876,1.389900,0.666841,0.901977,1.450000,0.010000,0.170000,-0.010000
2022-08-26,-3.769933,-3.858716,-4.756701,-5.409340,-4.147384,-9.227934,-3.272878,-3.302818,-1.711214,-2.340415,-3.770436,-3.687579,-1.231203,-3.158761,-2.254700,-2.412262,-2.359564,-0.735017,-1.118890,-3.440657,-3.142713,-2.886089,-3.370000,0.010000,-0.550000,1.660000
2022-08-29,-1.369041,-1.066817,-0.734231,-0.833781,-1.613320,-2.822911,-0.244179,-0.276033,-0.773123,-0.421669,-0.597102,-0.786209,2.298983,-0.382041,-1.260141,-0.602125,-0.314207,0.746603,-1.870944,-0.142910,0.972638,-0.473391,-0.710000,0.010000,-0.580000,0.440000
2022-08-30,-1.530537,-0.852091,-0.816702,-0.438671,-1.262794,-2.107450,0.017484,-0.469522,-0.349713,-1.065724,-1.086667,-0.467621,-3.805443,0.560496,-0.821998,-0.924589,-0.859653,-2.435799,-0.810567,-1.303045,-0.301016,-0.968900,-1.110000,0.010000,-0.250000,-0.220000
2022-08-31,-1.063522,-0.570421,-1.522566,-0.660912,3.671404,-2.417892,-0.594355,-1.325853,-0.671037,-1.597919,-0.954650,-1.049370,-0.747586,-1.408045,-1.352210,-0.707990,-0.416210,-1.593797,-1.749547,-0.389210,0.052822,-0.311307,-0.750000,0.010000,0.290000,-0.460000
2022-09-01,0.470706,-0.409218,0.828274,1.404530,1.491453,-7.665306,0.685821,0.714596,2.479235,1.232390,1.716218,0.271287,-1.799350,0.239579,3.095265,0.469960,1.010990,-1.594338,2.097008,1.354152,1.456071,0.401489,0.000000,0.010000,-1.110000,-0.280000
2022-09-02,-1.361115,-1.666671,-0.242527,-1.722250,-3.047881,-2.080788,-0.698623,-1.184232,-1.572513,-1.775980,-0.501078,-0.827041,1.832320,-0.119494,-1.994391,-1.370966,-1.267015,1.485134,-1.055651,-1.901104,-1.100530,-1.181908,-0.990000,0.010000,-0.060000,1.030000
2022-09-06,-0.821500,-1.097392,-1.097954,-0.964306,-1.110301,-1.333611,0.026398,0.445005,0.270350,-1.115491,-0.808454,0.471215,-0.669538,-1.106802,0.131279,0.049051,-0.673823,-0.462442,0.220322,-0.040444,-0.496259,-0.998205,-0.510000,0.010000,-0.450000,-0.540000
2022-09-07,0.925391,1.911146,2.672266,2.471682,1.166902,1.879501,1.899071,0.896065,0.545430,1.511468,2.738803,1.400899,-0.853068,1.542671,0.808587,1.846999,2.206326,-1.279274,0.520714,2.069775,2.569165,2.361722,1.920000,0.010000,0.710000,-1.530000
2022-09-08,-0.961783,0.166629,0.262598,-0.977620,1.041213,2.012521,2.329576,0.144719,0.804517,0.130763,0.816875,0.441252,0.817929,3.217135,2.059363,-0.304904,-0.334762,0.541557,0.633126,-0.098191,0.508293,-0.319465,0.780000,0.010000,-0.080000,-0.180000
2022-09-09,1.883973,2.297664,2.657523,2.094486,4.374920,2.837765,0.480601,2.237049,0.193483,1.523261,-0.043345,1.751107,1.675284,0.836947,1.614285,0.321954,0.318513,2.577742,-0.091520,1.409890,0.300544,2.537163,1.670000,0.010000,0.520000,-0.510000
2022-09-12,3.850781,0.828137,2.386128,0.189784,-0.112318,0.820172,1.183200,0.696892,-0.042245,0.814505,-0.743910,0.765264,1.150262,0.944485,-0.167242,0.288830,0.392572,1.581522,0.938865,0.547926,0.898842,1.050528,1.070000,0.010000,0.280000,-0.170000
2022-09-13,-5.867953,-5.497856,-7.057528,-5.899325,-9.369081,-9.472612,-3.474870,-3.368342,-2.602010,-2.069457,-6.590682,-3.835497,-2.335839,-3.600807,-3.287251,-3.248000,-3.732028,-1.901526,-2.132480,-5.415937,-2.064159,-3.978006,-4.290000,0.010000,-0.170000,1.410000
2022-09-14,0.955565,0.091270,1.364141,0.651838,-1.084049,-0.022828,-0.231979,-0.130213,2.064107,0.238840,-0.572091,0.125972,2.454634,-0.382343,-0.086608,0.529192,0.758623,2.421426,1.588954,-0.450716,-0.221858,0.662135,0.440000,0.010000,-0.020000,-0.320000
2022-09-15,-1.893000,-2.711897,-1.765853,-1.990477,-1.267584,-1.515856,1.507057,-2.025987,0.255036,-0.772519,-1.736994,-2.728231,-2.907744,1.889563,-0.455053,-1.358747,-1.659954,-1.623096,-0.230001,-0.885823,-1.074702,-1.537774,-1.040000,0.010000,0.340000,0.610000
2022-09-16,-1.096023,-0.260829,-2.177700,-0.106884,-2.179854,2.080598,-0.670217,-1.059531,1.526538,0.611188,1.631434,-0.577354,-1.708331,-1.130096,0.195926,0.016811,0.657111,-2.596167,1.118167,0.127109,-0.209792,-2.274984,-0.980000,0.010000,-0.840000,0.860000
2022-09-19,2.508270,-0.089893,0.914762,0.262636,1.182556,1.394163,0.922433,-0.087934,-0.787602,-0.209735,1.612486,-0.349062,-0.010728,1.670574,-1.281768,0.755789,1.054085,0.287614,-1.231197,0.482013,0.855919,0.849878,0.720000,0.010000,-0.160000,0.680000
2022-09-20,1.566572,-0.846566,-1.981390,-1.872504,-1.303871,-1.539397,-1.971913,-0.548847,-0.787833,-0.355090,-2.228802,-0.242037,-0.815449,-1.499012,-1.474455,-0.150028,0.112597,-0.395138,-0.738684,-1.391731,-0.580673,-1.465596,-1.150000,0.010000,-0.210000,0.030000
2022-09-21,-2.026753,-1.443592,-2.987152,-1.839039,-2.717513,0.645111,-2.883548,-2.629261,-1.024420,-1.287283,-0.948334,-2.799523,-1.611855,-2.985061,-1.898591,-0.834713,-0.284162,-0.812672,-1.709311,-1.291228,0.913538,-2.863262,-1.680000,0.010000,0.370000,0.060000
2022-09-22,-0.637554,0.849548,-1.037627,0.866230,0.492574,-5.278638,-1.137873,-0.657682,1.776092,0.353685,-0.894751,-2.016391,-0.417816,-1.960783,1.479925,-0.235709,0.095001,-0.077389,3.525379,-1.196583,-1.023974,-2.229861,-1.140000,0.010000,-1.340000,0.440000
2022-09-23,-1.512364,-1.269826,-3.009120,-1.398046,-1.687471,-0.358236,-1.861339,-0.984980,0.324965,-0.462540,0.668783,-1.602102,-5.321860,-2.369231,-1.099382,-1.113734,-0.047465,-6.533689,-0.834173,-4.263404,-2.496435,-2.603767,-1.850000,0.010000,-0.250000,-0.800000
2022-09-26,0.226027,-0.197533,1.204080,-0.577261,-2.877257,-2.301059,-2.153186,-1.831940,-0.611811,0.095874,-1.609223,-1.181948,-2.064117,-2.206110,-0.567155,-1.245730,-0.041530,-2.631738,-0.691421,2.980280,0.961085,-1.386944,-1.020000,0.010000,0.180000,-0.750000
2022-09-27,0.656620,-0.437982,-0.642638,-0.682479,-1.444637,1.512925,-0.880234,-1.506169,-0.458662,-2.748505,0.791513,-1.251251,2.095723,-1.482442,0.593215,-2.574747,-1.448492,0.042564,-0.394524,-0.416408,-0.274155,-2.313495,-0.040000,0.010000,0.650000,-0.970000
2022-09-28,-1.265155,1.971138,3.146577,2.615378,5.364603,2.602115,2.021724,0.736493,0.860917,0.000000,5.024367,1.291541,3.638899,1.635585,0.771151,1.064220,1.602294,3.375384,1.095080,2.088646,1.649496,3.703712,2.140000,0.010000,0.900000,-0.360000
2022-09-29,-4.911907,-1.480876,-2.720108,-2.628704,-3.672049,-4.051510,-1.694604,0.491150,-1.100010,-2.485223,-1.367888,-1.175136,-0.202559,-1.319589,-0.607711,-0.719543,-1.221309,-0.692825,-0.161345,-1.906648,-0.646110,-1.961772,-2.160000,0.010000,-0.500000,0.920000
2022-09-30,-3.003932,-1.936867,-1.567947,-1.816862,-0.535154,-0.662844,-1.563672,-1.338463,-0.711137,-1.903662,-0.858674,-0.847362,-1.544874,-1.500325,-0.905776,-0.972266,-2.010676,-0.759809,-0.600180,-1.400894,-1.928140,-3.201635,-1.430000,0.010000,0.500000,0.270000
2022-10-03,3.075276,3.366273,2.548670,3.125982,2.159489,3.072736,3.090914,2.251621,-0.097933,1.790109,2.812180,2.159377,5.280035,2.947029,0.868363,1.124607,1.218912,5.610077,1.660476,1.156118,2.181938,2.968296,2.560000,0.010000,-0.300000,0.700000
2022-10-04,2.562290,3.381228,4.496030,3.041365,1.204820,5.234976,4.678354,2.202048,1.482833,1.237261,2.065597,3.714548,3.644465,4.149247,0.724958,0.229485,1.125563,3.888488,0.959420,1.758301,1.297822,4.437361,3.290000,0.010000,0.800000,-0.090000
2022-10-05,0.205323,0.128584,-0.115616,-0.206615,-0.926735,0.318976,-1.234677,1.088070,-0.307927,-0.691787,0.100131,0.972554,4.041165,-1.420648,-0.764713,-0.951052,-0.664239,0.570945,0.000000,-1.195130,-0.990703,-0.630922,-0.210000,0.010000,-0.350000,0.040000
2022-10-06,-0.662569,-0.967101,-0.537407,-0.009852,0.064765,-0.598084,-2.038227,-1.108340,-1.938109,-2.105259,0.186309,-1.475101,2.966082,-1.441115,-2.334557,-2.151495,-1.927705,1.822990,-1.074747,0.451760,-0.932869,-0.753962,-0.850000,0.010000,0.520000,0.120000
2022-10-07,-3.671845,-5.085283,-4.771409,-2.701649,-4.041136,-8.027406,-1.997403,-0.948313,-1.056138,-1.747310,-2.090297,-1.423639,-1.009191,-2.256817,-1.786937,-0.944932,-0.730949,-0.861089,0.182969,-2.972081,-2.369389,-2.878846,-2.900000,0.010000,-0.620000,1.680000
2022-10-10,0.235549,-2.130303,-0.776885,-0.830961,0.254780,-3.362038,-0.934144,-0.897594,0.131105,-0.410401,-0.654188,-1.081472,-2.167689,-0.292683,-1.346898,-0.220143,0.129929,-1.805902,3.287683,-0.393032,0.591160,-2.058463,-0.800000,0.010000,0.050000,0.760000
2022-10-11,-1.025489,-1.675020,-1.284419,-0.694891,-3.924061,-0.719819,-2.885997,-1.668665,1.446278,0.379773,0.152248,-1.963819,-0.849845,-2.902793,0.407181,0.165475,0.475855,0.019088,0.629951,1.224510,2.590478,-2.164791,-0.700000,0.010000,0.550000,0.330000
2022-10-12,-0.460490,0.150827,0.614921,0.391050,-0.809072,-0.742263,1.618300,-0.502398,-0.024591,0.160992,-0.837776,-0.933406,0.438769,0.302303,0.262413,1.211443,4.182296,0.299061,-0.691900,-1.194864,-1.130645,0.332988,-0.270000,0.010000,0.070000,0.040000
2022-10-13,3.361273,3.760810,-0.327726,1.537512,2.188244,3.999990,5.559306,3.601891,1.512089,1.510878,0.823450,3.733508,3.494867,6.128594,2.260286,1.323891,3.081617,4.846457,2.289295,0.345198,0.846253,3.457865,2.410000,0.010000,-0.620000,1.570000
2022-10-14,-3.224011,-2.424883,-5.003108,-2.523739,-2.709349,-6.128743,1.664072,-1.104744,-0.417801,-0.973783,-2.262836,-1.792772,-2.630794,0.031570,-0.279207,-1.592974,-2.531332,-3.109879,-0.335179,-2.850489,-1.398532,-2.266139,-2.450000,0.010000,-0.450000,1.230000
2022-10-17,2.912280,3.924580,6.445275,3.531510,5.743116,5.887575,4.200009,1.440158,1.295140,1.806826,1.747301,2.199614,1.441669,6.056782,1.843222,1.291385,1.492433,0.730613,2.104600,2.093936,0.720682,3.049238,2.740000,0.010000,0.690000,-1.410000
2022-10-18,0.940923,0.408382,2.258546,0.800224,-0.925064,0.664560,2.572080,1.036419,-0.348146,0.808853,1.351027,1.809930,0.178893,3.747782,1.008017,1.346749,1.348922,0.874102,0.520606,1.960486,2.108531,1.181541,1.180000,0.010000,-0.100000,-0.020000
2022-10-19,0.076528,-0.846970,-1.108629,-1.131295,0.323783,0.701914,-1.960635,-0.406042,-0.795156,0.927030,-3.357170,-0.872238,2.966266,-2.752317,-2.222721,-0.850474,-0.971090,3.244846,-1.426901,-0.388793,-0.283271,0.517874,-0.870000,0.010000,-1.330000,1.190000
2022-10-20,-0.326700,-0.139550,0.156427,0.341285,-1.275992,1.186616,-0.326144,0.434547,0.255041,-1.288013,-2.188833,-0.497051,0.134883,-0.648587,-0.463935,-1.572559,-1.095974,0.571421,-0.343147,-1.444534,0.246711,-0.404085,-0.800000,0.010000,-0.280000,-0.450000
2022-10-21,2.705908,2.528052,3.531453,1.160323,-1.155629,2.230612,5.252743,1.682501,2.180373,1.252058,2.252652,2.055503,1.857019,3.709199,4.754124,1.597683,0.933155,2.503544,2.937389,2.918514,2.021025,3.499346,2.300000,0.010000,-0.190000,0.090000
2022-10-24,1.480288,2.118779,0.419041,1.374479,-0.223054,1.066910,0.122717,0.178608,1.345511,0.614401,2.805499,1.068237,0.699036,0.343349,1.312575,2.877050,2.669584,-0.034638,1.776927,3.929486,1.907884,-0.313595,1.040000,0.010000,-0.710000,0.470000
2022-10-25,1.933746,1.379194,0.650975,1.911835,6.005238,5.254368,0.261473,1.924381,-0.157916,1.151730,2.471218,1.901163,-0.675406,0.912457,0.109792,2.397077,0.332086,1.039639,0.349202,0.420547,0.473433,2.595346,1.780000,0.010000,1.350000,-1.530000
2022-10-26,-1.962700,-7.715634,-4.096181,-9.140528,-5.592312,-2.752418,1.149149,4.604378,0.878671,0.703032,-0.037867,2.601076,1.190008,0.875967,1.030967,0.746399,0.448744,1.234802,0.716406,0.078149,0.763893,0.258726,-0.660000,0.010000,0.420000,0.890000
2022-10-27,-3.046520,-1.975640,-4.063639,-2.854724,-24.557079,2.171203,0.394812,0.472138,0.058044,0.075906,0.313601,-0.043826,0.382695,0.476183,-0.694768,0.235741,-0.106114,0.457413,1.351472,-0.403169,-0.290480,-0.181587,-0.540000,0.010000,0.330000,1.080000
2022-10-28,7.555221,4.022073,-6.804250,4.413358,1.286480,4.993940,1.187807,2.471964,1.485720,2.532590,2.607730,3.162469,2.928869,0.864222,3.694784,2.066177,1.872776,1.169200,1.032691,2.885953,1.264850,1.445783,2.330000,0.010000,-0.030000,-0.340000
2022-10-31,-1.541044,-1.585633,-0.938015,-1.848585,-6.088690,-2.436039,-0.158637,-1.041351,-0.514665,-0.406737,-0.843805,-0.391532,0.099356,-0.386940,-1.855364,-1.497692,-0.356690,0.511152,0.426721,-1.834112,-0.126334,0.556879,-0.680000,0.010000,0.380000,0.730000
2022-11-01,-1.754261,-1.705923,-5.515425,-4.274662,2.189765,0.340835,1.803314,-0.111053,-0.505817,0.155933,-0.023633,1.526624,0.992686,0.443972,3.136406,-0.350880,-0.451603,0.729701,-1.422922,-0.307081,-0.449660,-0.506841,-0.350000,0.010000,0.160000,0.800000
2022-11-02,-3.730502,-3.536854,-4.824877,-3.868698,-4.894945,-2.392382,-0.920813,-2.889847,-1.536802,-1.438306,-2.475840,-4.012738,-2.055219,-0.303880,-1.957941,-1.391675,-1.394092,-2.041512,-0.360874,-3.290247,-0.663410,-3.943399,-2.670000,0.010000,-1.200000,1.600000
2022-11-03,-4.240500,-2.657892,-3.061224,-4.070357,-1.800328,1.528089,0.181146,-3.085345,0.170156,-0.684526,-2.504082,-3.329996,1.359356,-0.554171,-0.214246,-0.051015,-0.258086,1.473411,-0.653906,0.574953,-0.021301,-2.524071,-1.030000,0.010000,0.280000,0.280000
2022-11-04,-0.194741,3.332559,1.881299,3.775607,2.114509,5.476499,2.735855,1.145056,0.445165,1.825340,0.898744,2.975704,1.089124,2.507647,1.395750,0.816603,0.562484,1.264278,0.455676,0.024665,0.177661,0.332497,1.160000,0.010000,-0.620000,1.280000
2022-11-07,0.390231,2.926973,-0.494619,2.206040,6.531540,1.024305,0.527997,1.583938,0.874746,1.532294,2.196951,2.123322,1.184211,0.597990,-0.275319,0.388128,0.799864,1.193980,0.877016,0.439959,1.049863,0.853594,0.870000,0.010000,-0.500000,0.600000
2022-11-08,0.417507,0.438843,-0.607528,0.463347,-0.258471,2.104748,0.060912,0.839558,0.497155,0.227094,0.299739,0.190693,0.316801,0.270203,0.552139,0.184906,0.277464,-0.145459,1.429018,0.861751,0.238684,-0.527732,0.510000,0.010000,-0.470000,-0.400000
2022-11-09,-3.318990,-1.905013,-4.267619,-1.777276,5.182966,-5.656769,-1.300881,-3.675561,-0.799562,-0.241198,-1.507872,-3.103601,-4.473683,-1.589874,-1.330508,-1.392616,-1.195287,-3.998069,0.088659,-0.566209,-2.325093,-13.163162,-2.240000,0.010000,-0.630000,0.550000
2022-11-10,8.897460,8.226796,12.177848,7.581310,10.249336,14.329268,4.115916,6.002189,1.171363,3.443715,8.700967,6.852721,1.469241,4.408531,1.412648,3.590265,1.764201,1.894027,0.295291,4.726811,2.072134,4.276647,5.680000,0.010000,1.610000,-3.090000
2022-11-11,1.926878,1.699733,4.305085,2.629329,1.027978,3.663505,0.162872,-0.277289,-2.991934,-0.148726,1.039451,0.598927,3.122161,0.734357,0.464343,0.722729,-2.008786,2.846111,-3.857099,0.456023,0.154521,5.029853,1.060000,0.010000,0.280000,-1.050000
2022-11-14,-0.948581,-2.250001,-2.281975,-0.736444,1.061761,-0.195992,-1.027323,0.907305,1.571640,0.007090,-2.546495,0.023574,0.291933,-1.692288,3.445390,-0.962179,-0.741377,0.048240,2.439788,-1.123245,-2.938715,-0.768347,-0.950000,0.010000,-0.360000,0.350000
2022-11-15,1.186945,0.173878,0.456904,2.863127,2.503939,2.276759,-0.724386,1.513110,0.279246,-0.347585,1.632333,1.219915,0.670364,-0.158902,-1.360694,-0.164651,0.260301,0.804092,-0.747393,3.294243,6.539507,1.304639,1.030000,0.010000,0.690000,-0.730000
2022-11-16,-0.833100,0.182344,-1.839498,0.416489,-3.288350,-4.536169,0.135403,0.071440,0.620671,0.889739,0.955327,-0.218324,-1.068939,-0.901843,-1.070619,-0.181415,0.643363,-1.627237,0.331331,-0.448278,0.718938,-1.633354,-1.020000,0.010000,-1.230000,0.580000
2022-11-17,1.297128,-0.020691,-2.337319,-0.495702,-1.572031,-1.464498,-0.435703,0.404488,0.807096,-0.613790,-1.101891,-0.434712,0.132839,-0.508560,0.582751,0.313923,0.953283,0.283258,2.381663,-0.532334,-0.336706,-2.660983,-0.420000,0.010000,-0.530000,0.560000
2022-11-18,0.378196,-0.190324,-0.748549,-0.945493,0.538366,-1.709509,0.980832,-0.090055,0.766325,1.206778,0.558685,0.709122,-0.866795,0.053786,-0.206945,0.708290,0.722098,-0.597510,1.876637,0.450764,1.506769,0.382734,0.400000,0.010000,-0.160000,0.110000
2022-11-21,-2.168028,0.344092,-1.784576,-1.878291,-1.954487,-0.597050,-0.590229,-2.125244,0.514082,1.269567,1.149506,-1.582841,-0.990367,0.322697,-0.103658,1.537461,1.924675,-0.956356,1.324021,-0.057263,0.612385,6.296290,-0.520000,0.010000,-0.370000,0.990000
2022-11-22,1.466111,1.231140,0.800344,1.516749,1.438192,4.707174,1.495651,1.943587,0.483033,0.858833,2.556976,1.983744,2.892666,0.482421,1.867995,0.434918,0.010818,2.565658,1.221462,1.639371,0.357258,-1.403983,1.360000,0.010000,-0.520000,0.440000
2022-11-23,0.592648,1.040684,0.997854,1.452855,0.717867,2.999124,1.066361,0.665626,0.107442,0.569979,-1.037284,1.066816,-0.499205,0.320092,-0.468621,0.449079,0.129830,-0.887619,-0.074823,0.477490,0.481246,2.775176,0.630000,0.010000,0.020000,-0.930000
2022-11-25,-1.959368,-0.036349,-0.764893,-1.015644,-0.739475,-1.507381,0.190523,0.972941,0.129951,0.184370,1.514704,0.760080,-0.352083,0.239287,0.736950,0.095794,-0.524089,-0.293081,0.636578,-0.155301,0.426473,-0.010109,-0.030000,0.010000,0.220000,0.430000
2022-11-28,-2.626432,-2.315243,0.578089,-1.446735,-2.360655,-2.722764,-1.747867,-1.183411,0.050773,-0.081785,-2.285659,-1.907259,-3.003276,-2.228099,0.731559,0.015964,-0.119485,-2.906912,0.883716,-0.513447,0.287443,-3.216335,-1.550000,0.010000,-0.420000,-0.190000
2022-11-29,-2.114824,-0.591491,-1.628525,-0.895376,0.625122,-1.187843,1.644948,-1.041356,-0.699262,-0.763975,-0.928165,-0.423687,0.664803,0.379790,-0.161373,-0.350879,-0.706941,1.496967,0.359606,-0.369149,-0.351789,-1.045055,-0.180000,0.010000,0.100000,1.040000
2022-11-30,4.859375,6.162349,4.457913,6.093078,7.893285,8.237926,1.186299,3.797938,1.084661,2.529533,3.161845,3.867337,0.723707,2.297320,1.293177,2.530617,1.599188,1.259456,1.176062,1.945323,-0.359540,3.358334,3.120000,0.010000,0.350000,-2.080000
2022-12-01,0.189167,-0.176374,-1.077275,0.000000,1.981376,1.252745,-1.403949,0.000000,0.415752,0.060344,0.950647,1.234581,-0.484980,-2.870052,1.895080,0.282983,0.835347,-0.447329,-0.290602,-6.562816,0.623295,0.735665,-0.020000,0.020000,0.240000,-0.690000
2022-12-02,-0.337144,0.129583,-1.434558,-0.544611,2.532389,-1.511543,-0.792746,0.304161,0.078318,0.911230,0.281273,-0.205132,-0.848379,-1.285918,-0.332842,0.877869,-0.112965,-0.800041,0.218556,-1.851705,-0.097817,0.852019,-0.080000,0.020000,0.910000,-0.560000
2022-12-05,-0.798323,-1.890048,-3.314560,-0.955797,-0.858372,-1.576185,-2.804082,-1.828552,-0.055888,-1.009243,-2.411669,-1.102583,-2.739846,-4.462296,-0.353538,-1.367526,-1.384036,-2.469201,-0.027234,-1.186993,-1.024674,-3.520063,-2.020000,0.020000,-0.600000,-0.540000
2022-12-06,-2.536986,-2.030379,-3.032636,-2.513069,-6.787556,-3.750774,0.167471,-2.152753,-1.499066,0.127449,-0.821650,-2.403881,-2.779606,-4.264584,-2.010651,-0.047268,-0.813668,-2.577032,-0.981757,-1.534814,-1.160560,-3.794432,-1.510000,0.020000,-0.250000,1.140000
2022-12-07,-1.378487,-0.305973,0.237959,-2.103526,-0.166486,0.831940,-0.068399,-0.607436,0.607611,0.643083,0.850526,-0.031631,-0.221412,-0.787875,1.066170,0.157654,0.302804,0.296513,1.064904,0.168359,-0.520386,-0.151697,-0.240000,0.020000,-0.140000,-0.320000
2022-12-08,1.213295,1.239926,2.136558,-1.295555,1.228818,6.507451,1.049454,0.620782,0.016950,0.718843,1.230656,1.079378,0.742882,-0.916316,3.065293,0.424916,0.878259,0.591223,0.690356,-0.114129,0.154821,0.434070,0.760000,0.020000,0.200000,-1.200000
2022-12-09,-0.343511,-0.800319,-1.394579,-0.939060,0.494239,-0.978502,-0.541844,-0.191305,-0.823943,-0.264330,-1.113890,-0.666345,-0.842750,-0.184948,-0.115860,-1.049986,-0.370005,-3.192344,-1.867386,0.332356,-2.332281,0.896806,-0.800000,0.020000,-0.540000,0.340000
2022-12-12,1.638989,2.888913,1.638800,0.517067,-1.026746,3.140972,1.551147,2.822242,1.194943,1.027028,2.340246,2.677534,2.462823,1.080903,0.850721,1.314541,0.475146,1.041647,0.174671,0.964760,1.864967,1.370751,1.410000,0.020000,-0.310000,-0.160000
2022-12-13,0.678262,1.746457,2.142457,2.486349,4.742402,3.062437,-0.096882,-0.722320,0.770367,-0.150846,1.497054,-0.284830,1.093405,0.061107,1.744655,0.031259,-0.054354,2.226822,1.780293,0.106643,-0.358066,0.042246,0.660000,0.020000,0.170000,-0.770000
2022-12-14,-1.553598,0.116780,-0.983886,-0.585609,1.198482,-2.202274,-0.499688,0.131452,0.306879,0.394109,0.162192,0.100818,-0.736603,-1.435118,2.656854,0.000000,-0.277373,-0.691552,1.243428,-0.958639,-0.555973,-0.580773,-0.560000,0.020000,0.020000,-0.450000
2022-12-15,-4.685416,-3.191814,-3.417782,-4.428310,-4.474042,-4.085129,-2.481078,-2.536111,-1.262771,-1.131886,-1.748482,-3.149561,-0.958099,-1.579925,-1.596919,-1.375199,-1.696120,-0.748548,-1.721201,-4.055685,-0.893154,-3.887412,-2.570000,0.020000,-0.380000,1.390000
2022-12-16,-1.457906,-1.734858,-0.667039,-0.660360,2.823937,-2.247510,-0.622599,-0.490602,-1.025413,-0.443392,-1.300368,-0.118408,-0.701820,-0.220331,-4.122373,-0.570457,0.049931,-1.356388,-0.392242,-0.530261,-1.795532,-0.453088,-1.020000,0.020000,0.520000,0.170000
2022-12-19,-1.590931,-1.732816,-3.346235,-2.016384,-4.144690,-1.912979,0.595566,-1.000525,-0.108146,-0.026610,-1.858715,-1.324308,0.448904,1.135656,-0.077823,0.143438,0.554521,0.687535,0.219799,-0.611133,0.035005,-4.773541,-1.000000,0.020000,-0.780000,1.250000
2022-12-20,-0.052869,0.561441,0.317951,0.655807,2.279879,-1.039753,0.484408,0.263643,0.108263,0.039920,-0.784687,0.495232,1.445272,0.405478,-0.077875,-0.079563,-0.060673,1.642320,0.246712,-0.176602,0.875369,1.445560,0.130000,0.020000,0.200000,0.250000
2022-12-21,2.380950,1.087665,1.854671,0.629075,2.280302,2.586274,1.124790,0.706082,1.144192,0.917177,1.435666,0.798948,1.284089,1.522223,0.662518,1.608527,0.700781,1.175649,1.276082,0.926131,0.784439,-0.114910,1.530000,0.020000,0.130000,-0.120000
2022-12-22,-2.377280,-2.552885,-3.434362,-2.031716,-2.204417,-7.042004,-1.134991,-0.846178,-0.365815,0.230510,-1.014554,-1.206301,-2.017393,-0.887391,-0.038725,-0.721000,-0.772611,-1.499696,0.117000,-0.725012,-1.170957,-0.287620,-1.520000,0.020000,0.080000,0.380000
2022-12-23,-0.279820,0.226714,1.742450,1.675045,0.785530,-0.867061,0.474503,0.375496,0.254176,0.282533,0.825660,0.609055,2.644506,0.246995,0.367946,0.757812,0.646085,3.091566,0.557354,0.858920,0.202124,1.546090,0.520000,0.020000,-0.610000,1.160000
2022-12-27,-1.387830,-0.741423,-2.592374,-2.062108,-0.982726,-7.135343,0.350417,0.223476,-0.028160,0.871461,0.257279,0.745057,1.389404,0.184758,-1.350586,0.611093,0.444425,1.257060,0.232430,-0.897000,0.027832,-1.863412,-0.500000,0.020000,-0.730000,1.420000
2022-12-28,-3.068528,-1.025472,-1.469173,-1.567688,-1.078030,-0.601940,0.546514,-0.630193,-0.433975,-1.292642,-1.195427,-1.216211,-1.642617,0.737795,-0.645408,-0.996715,-0.721044,-1.475281,-0.927565,-1.201735,-1.752320,-2.547190,-1.240000,0.020000,-0.240000,-0.280000
2022-12-29,2.832442,2.762950,2.884381,2.824915,4.013149,4.039593,0.573762,1.497647,0.509446,0.414590,1.482268,1.830663,0.756601,1.129078,1.043311,0.597745,0.126533,0.757184,-0.234077,0.781470,0.608665,3.576090,1.870000,0.020000,1.260000,-1.060000
2022-12-30,0.246870,-0.493747,-0.213828,-0.248715,0.066515,0.075339,0.660551,-0.144183,-0.512504,-0.675008,-1.420063,-0.137831,1.007332,-0.060339,-0.175327,-0.531663,-0.725334,0.656117,0.117313,-0.006563,-0.253260,-0.344116,-0.220000,0.020000,0.130000,-0.040000
2023-01-03,-3.740452,-0.100066,2.166666,1.008737,3.656306,-2.045979,0.760637,-0.178093,0.871763,0.006595,0.015830,-0.267458,-3.436088,1.177509,0.039015,-1.037566,-0.691918,-3.064240,0.171244,-0.705378,1.276552,2.405628,-0.470000,0.020000,0.080000,-0.100000
2023-01-04,1.031408,-4.374328,-0.792356,-1.166962,2.108396,3.031783,0.932493,2.517002,1.088740,0.435419,1.209211,2.407737,0.291060,1.880049,-2.204438,-0.047658,-0.245226,-1.063284,0.845782,0.723616,0.111410,3.383157,0.810000,0.020000,0.540000,0.050000
2023-01-05,-1.060447,-2.963772,-2.372559,-2.134428,-0.337604,-3.281567,-0.022149,-0.705522,-0.738351,-1.241533,-1.332376,-0.951718,2.237397,-0.205024,-0.937573,-1.144313,-1.044885,1.800865,1.391866,-1.395214,-0.340826,-0.065237,-1.140000,0.020000,-0.180000,1.200000
2023-01-06,3.679398,1.178541,3.561115,1.322504,2.426341,4.164020,1.913562,3.145276,0.810940,2.381277,0.652976,4.689641,1.208661,0.997947,2.537263,1.929247,2.258613,0.753242,1.055965,7.259146,2.449907,2.175808,2.210000,0.020000,-0.050000,0.030000
2023-01-09,0.408889,0.973641,1.486987,0.778563,-0.422998,5.175309,-0.413223,0.390352,-2.590829,-1.221428,0.088183,0.897548,-1.863728,-1.511200,-4.968575,-1.246037,-0.977353,-0.781614,-3.883679,-0.853234,-1.246776,0.905026,0.030000,0.020000,0.550000,-1.230000
2023-01-10,0.445652,0.761693,2.873171,0.454451,2.718758,1.798066,0.895402,1.139071,-0.239220,-0.098646,0.887340,0.010776,1.493492,0.678686,-1.591265,-0.766662,-0.825290,0.490926,0.389554,0.553528,-0.062071,0.833593,0.790000,0.020000,0.910000,-0.560000
2023-01-11,2.111215,3.023831,5.808383,3.505990,-0.075164,0.578287,0.743126,0.456828,-0.159837,-0.809777,2.610479,1.846324,1.162694,0.761995,-0.356988,-0.193129,0.112440,-0.477150,0.234655,0.604485,0.876691,0.805790,1.250000,0.020000,0.170000,-0.830000
2023-01-12,-0.059928,1.162141,0.189295,-0.426144,2.874543,3.187289,-0.100287,0.684369,-0.503186,-0.564180,0.264435,0.516056,1.661124,0.261791,0.547950,-1.290115,-1.274921,1.073039,0.630225,-0.388174,-0.903300,3.612573,0.450000,0.020000,1.430000,-0.270000
2023-01-13,1.011892,0.301886,2.991504,1.086364,0.197476,2.349968,2.523504,-0.250403,-0.327599,0.714212,0.406216,-1.129514,-0.061827,2.204799,0.293457,0.359409,-0.307196,0.271077,0.429451,0.584530,0.331479,-0.410780,0.460000,0.020000,0.300000,-0.300000
2023-01-17,0.875666,0.468155,-2.109661,-0.900990,-1.182647,4.751755,-1.545348,-0.026903,-0.616984,-0.291611,-1.111058,-0.138477,-0.194423,-2.015321,-3.699073,0.406966,0.467932,1.650149,-1.603547,0.313250,-0.605695,0.513081,-0.180000,0.020000,0.200000,-0.550000
2023-01-18,-0.536999,-1.888911,-0.614268,-0.186223,-1.728733,-1.835951,-3.004256,-1.587458,-1.508455,-2.678790,-1.172395,-1.621322,-2.054381,-2.317519,-2.343741,-3.031771,-2.521876,-1.806194,-1.502938,-1.499683,-2.472139,-0.870784,-1.550000,0.020000,0.030000,-0.710000
2023-01-19,0.044374,-1.645382,-1.864654,2.118092,2.353024,-3.521896,-1.332641,0.432877,-0.135500,-2.114838,-3.957507,-0.265651,0.641888,-1.453123,-0.088901,-0.150495,-1.159538,0.998690,1.020302,-2.081462,-1.427133,0.040394,-0.860000,0.020000,-0.280000,0.840000
2023-01-20,1.922067,3.574348,3.810845,5.341198,2.365064,6.406206,0.244876,1.769436,-0.465974,0.386167,1.325244,2.266678,1.823569,1.865765,0.333633,0.602832,0.147388,1.061459,0.036400,2.262029,1.231730,4.440840,1.940000,0.020000,0.140000,-0.680000
2023-01-23,2.350047,0.982423,0.277632,1.805764,2.798314,7.590104,1.621277,-0.057962,-0.254832,-1.342933,0.152404,0.608585,-0.520498,1.388500,-0.288187,0.249668,-0.447376,-0.132672,-0.054587,2.603576,1.494224,2.135690,1.280000,0.020000,0.170000,-0.990000
2023-01-24,1.006292,-0.222605,-1.230514,-2.094399,-0.090756,0.375117,0.859624,-0.129357,0.000000,0.545922,0.700533,0.380390,0.931180,0.728441,-0.600257,0.531293,0.928312,0.094093,-1.237702,-0.101510,0.266391,0.293315,-0.160000,0.020000,-0.220000,0.180000
2023-01-25,-0.470097,-0.590807,0.892858,-2.538375,-1.145730,0.301087,0.483930,0.451129,0.712963,-0.070517,-0.135364,0.626294,-0.527200,0.867810,0.805199,0.627580,0.726478,-0.967761,0.064490,-0.249940,-0.475435,1.999996,0.000000,0.020000,-0.050000,0.690000
2023-01-26,1.480372,3.071374,2.099198,2.415447,4.098939,2.478909,0.618152,-0.084499,-0.365750,-0.402220,-1.087455,-1.346801,4.019100,1.347872,-0.918047,-0.196947,-0.994592,4.863769,-1.583924,1.511573,-0.091338,1.461325,1.080000,0.020000,-0.580000,0.010000
2023-01-27,1.368411,0.064512,3.043738,1.897059,3.014265,2.843138,0.242890,2.994971,-0.390785,-0.410893,0.917753,-0.850914,-1.825766,0.311251,-1.039551,-0.526225,-0.352479,-4.441149,-1.394219,1.001387,0.766476,-0.145838,0.340000,0.020000,0.630000,-1.130000
2023-01-30,-2.007803,-2.196172,-1.652968,-2.445413,-3.084230,-5.907189,-0.848056,-1.011038,-3.703294,0.312992,-0.773647,-0.778006,-1.773194,-0.423145,-0.548079,0.247969,-0.082552,-2.925580,0.673740,-0.001968,-0.802522,-1.780172,-1.380000,0.020000,-0.120000,0.740000
2023-01-31,0.902086,2.101288,2.565882,1.959956,1.298778,1.957001,0.596591,0.484498,0.876563,0.971560,3.160055,-0.140119,2.157450,0.509902,1.400680,1.121380,0.908679,-0.103351,1.244235,1.561756,1.209983,0.836504,1.580000,0.020000,1.020000,-0.060000
2023-02-01,0.790077,1.993456,1.958697,1.608675,2.785810,7.196603,-0.264396,0.299718,0.917884,0.568925,1.209238,0.939011,-1.094745,1.240160,-0.430248,0.016308,0.315746,-1.528566,-0.400325,1.324483,0.556064,0.829572,1.190000,0.020000,1.000000,-1.650000
2023-02-02,3.706252,4.688407,7.379935,7.278700,23.282387,3.657544,-0.465657,-0.580345,0.375940,-0.712327,3.566078,0.229904,-3.128814,0.584638,0.841476,-1.712056,-0.926790,-1.371387,-3.290348,1.241757,-0.725800,3.492091,1.540000,0.020000,1.630000,-2.070000
2023-02-03,2.440015,-2.362029,-8.431498,-2.747356,-1.186633,-2.805290,1.547478,0.248311,-0.561808,0.309446,-2.439734,-0.274719,0.692770,0.830317,-0.631447,-0.746512,-0.500080,0.260360,-0.502595,-1.648747,-1.329897,-2.208286,-1.080000,0.020000,0.080000,0.980000
2023-02-06,-1.792895,-0.611599,-1.170325,-1.794225,-0.251978,-0.052123,0.588257,-0.299835,-0.759360,-0.848488,-0.672701,-0.251390,-0.169764,-0.164680,-0.680908,0.568260,1.596497,0.112096,1.058871,0.153484,-0.726825,-0.758730,-0.730000,0.020000,-0.820000,0.430000
2023-02-07,1.924473,4.202219,-0.068506,4.606395,2.988301,5.140110,1.218990,0.819398,0.024473,-0.975905,-1.236063,0.560372,2.855081,1.099795,-0.388495,-0.166187,-0.151326,2.623224,1.586071,0.182303,0.213258,1.601885,1.250000,0.020000,-0.510000,-0.040000
2023-02-08,-1.765282,-0.310212,-2.017430,-7.682998,-4.274079,0.144315,-0.703097,-0.484196,0.128536,-1.035569,-1.356080,-1.255808,-0.870163,-0.734269,0.894718,-0.582665,-0.233154,-2.349357,0.908407,-2.462599,-0.539089,0.134376,-1.180000,0.020000,-0.680000,0.710000
2023-02-09,-0.691146,-1.165971,-1.809101,-4.387669,-3.003856,0.594452,-1.556364,-0.174117,-1.350782,-1.096923,-1.633481,0.018899,0.377457,-2.137005,-1.455218,-0.167425,0.946473,-0.917638,0.075017,-0.631184,0.927112,-1.270359,-0.940000,0.020000,-0.630000,0.210000
2023-02-10,0.245639,-0.197259,-0.641284,-0.463102,-2.118956,-4.799202,0.441527,-0.937410,0.464676,0.882868,0.313754,-0.969164,4.215147,-0.391945,1.245968,0.000000,1.979408,2.095709,1.733514,-0.127855,1.554546,-2.084084,0.120000,0.020000,-0.690000,1.500000
2023-02-13,1.880646,3.124295,1.977257,0.042306,3.031880,2.459435,1.084792,0.739424,0.370040,1.309153,2.208233,1.090411,-0.388987,0.196749,0.250665,1.643725,0.891059,-0.558254,0.902633,1.292044,1.523798,-0.370154,1.140000,0.020000,0.190000,-0.730000
2023-02-14,-0.422489,0.313301,0.160735,0.074006,0.027864,5.429605,0.441926,0.222831,-0.436257,-0.564007,-1.576358,-0.234620,-1.171490,-0.084147,-0.613763,-1.666657,-1.125074,0.766048,-0.739385,-0.637785,-0.287861,0.000000,0.120000,0.020000,0.160000,-0.680000
2023-02-15,1.390347,-0.799298,1.464400,2.386975,-1.292626,-0.901134,0.418961,-0.204888,-1.647751,-0.229766,0.709735,-0.086474,-0.300621,-0.168460,-0.914916,0.000000,0.136544,-1.053821,-0.974806,1.601693,0.742329,1.467568,0.500000,0.020000,1.040000,-0.910000
2023-02-16,-1.042939,-2.662280,-2.975486,-1.475143,-2.664255,-3.347388,-1.376913,-1.349809,-0.709039,-1.309730,0.171484,-0.565412,-0.292937,-0.787382,-0.854113,-0.620901,-0.284071,-1.443660,-1.086537,-1.404309,-1.569212,-3.121566,-1.370000,0.020000,-0.040000,0.970000
2023-02-17,-0.754656,-1.560180,-0.967911,-1.214539,0.255167,-2.790651,0.296156,-1.005181,2.087711,2.092761,-1.024120,-1.746719,-3.845153,0.198387,0.605367,1.519748,0.438710,-2.233327,2.826019,0.670493,1.504113,-0.576386,-0.280000,0.020000,0.680000,-0.140000
2023-02-21,-2.667992,-2.088655,-2.695468,-2.713295,-0.462753,-3.427164,-1.834930,-1.315094,-1.490116,-0.071416,-7.060886,-1.431610,-0.098850,-2.347937,-1.180299,-0.532258,-0.056725,-1.136033,-0.410891,-1.131080,0.607778,-2.974717,-2.160000,0.020000,-1.250000,0.880000
2023-02-22,0.289622,-0.459096,1.279339,-0.152525,-0.557883,0.479314,-0.766312,-0.271948,-0.139235,0.421705,0.270727,-0.278128,-1.295314,-0.666270,-0.749394,0.300999,-0.034066,-0.403704,0.082503,-0.866982,-2.097324,-0.401613,-0.040000,0.020000,0.520000,-0.460000
2023-02-23,0.329036,1.296166,0.031317,-0.829240,0.537629,14.021385,0.801108,0.504486,-0.031682,-0.320300,1.015865,0.157781,0.920440,-0.087473,-0.188793,0.183400,0.107879,0.985341,1.310009,-0.854454,-1.490596,0.049175,0.470000,0.020000,0.220000,-0.230000
2023-02-24,-1.800522,-2.178440,-2.421206,-1.936409,-0.959067,-1.597380,0.902097,-0.714502,-1.115836,-0.564052,-0.885357,-0.677870,0.009042,-0.145976,-1.300217,-0.416049,-0.198510,0.296441,-0.632960,-0.918608,0.267464,-1.405677,-1.080000,0.020000,-0.500000,1.260000
2023-02-27,0.824733,0.377185,0.278077,0.830264,-0.498857,0.923301,0.872813,0.364383,-0.217983,-0.086185,-0.219117,0.668340,-0.180578,0.000000,-2.323351,-0.033431,-0.028390,0.252448,-0.482314,-0.323370,-0.722973,0.149540,0.310000,0.020000,0.160000,-0.300000
2023-02-28,-0.344780,-0.295812,0.501281,0.211395,3.185090,-1.212694,0.837056,-0.186071,-1.522858,-1.135547,0.179050,-0.053461,-0.578921,0.263092,-0.514967,-0.518217,-1.352986,-1.259053,-2.852954,-0.585182,0.487852,-0.836242,-0.260000,0.020000,0.620000,-0.690000
2023-03-01,-1.424585,-1.262932,-2.186146,0.333118,-0.868877,-2.231229,-0.558077,-0.718382,-0.450207,0.072694,-1.939016,-0.503825,0.891624,-0.466482,-0.961298,-1.092267,-1.267774,0.796138,0.385931,-1.137996,-1.393115,-1.074179,-0.410000,0.020000,0.200000,0.620000
2023-03-02,0.412920,1.965340,-0.043399,1.814962,0.640060,2.713896,-1.038220,0.320576,-0.078662,1.648958,0.766866,0.585587,0.459913,-1.267677,1.095083,1.461091,1.845095,0.314738,0.337549,1.466559,0.249761,0.385619,0.670000,0.020000,-0.370000,-0.440000
2023-03-03,3.508984,1.664596,3.006626,1.793495,6.142214,2.470606,1.835955,2.150095,1.029857,0.728970,1.853126,1.667758,1.265713,2.000599,1.304763,-0.468848,-0.098083,1.476365,-0.121482,-2.147455,0.120972,2.244245,1.610000,0.020000,0.000000,-0.540000
2023-03-06,1.853964,0.618901,-1.211803,1.580324,-0.188934,-1.406438,-0.584679,1.331731,0.999870,-0.425699,-0.080444,1.502068,0.886441,-0.204947,-0.097223,1.547786,0.202121,0.733508,3.948335,1.645402,-0.014223,-0.474582,-0.130000,0.020000,-1.620000,-0.080000
2023-03-07,-1.449669,-1.058907,-0.213330,-1.334992,-0.210916,-1.112519,-2.940774,-1.578846,-0.944988,-1.987872,-2.518349,-1.905005,-1.933049,-3.197411,-1.872998,-0.579866,-0.495677,-1.287832,0.153032,0.428510,-0.995376,-1.589523,-1.450000,0.020000,0.740000,-0.670000
2023-03-08,0.837729,-0.177049,0.395505,0.415504,0.249302,3.834592,-0.591576,-0.439131,-0.733339,0.014532,0.997887,-0.252824,-1.460446,-1.333321,-0.545370,0.050007,0.272241,-0.634045,-2.687165,0.183443,-0.825829,0.242289,0.080000,0.020000,0.170000,-0.390000
2023-03-09,-1.491450,-0.543947,-1.778107,-2.047751,-1.773249,-3.080915,-5.413612,-0.981141,-1.124464,-0.734111,-1.197299,-1.278441,-0.772861,-6.203936,-1.645070,-0.966018,-0.756728,-1.521577,-0.627991,-1.341461,-0.673431,-3.182283,-2.020000,0.020000,-0.680000,-0.760000
2023-03-10,-1.387872,-1.478299,-1.647693,-1.830582,-1.199854,-2.009751,2.539498,-1.759007,0.244647,0.453971,-0.586799,-2.068065,-1.237051,-0.884071,-0.177390,-0.420471,0.133877,-0.523307,0.083638,-1.747584,-0.145813,-2.673178,-1.680000,0.020000,-1.530000,0.720000
2023-03-13,1.326586,2.144112,1.873688,0.529619,0.774341,0.004348,-1.795735,-0.772653,0.956414,0.692462,0.073342,-0.691419,-1.150510,-5.814343,1.193184,1.013360,0.976576,-0.601241,-1.820049,0.182563,0.292034,-1.036660,-0.340000,0.020000,-0.630000,-3.600000
2023-03-14,1.408916,2.705567,2.650651,3.139062,7.252613,4.776642,2.567608,1.953673,0.561865,1.237877,-0.331547,2.352721,0.375459,0.876885,0.100358,0.367822,-0.103626,1.291669,1.876196,2.101692,0.531427,0.820736,1.720000,0.020000,0.150000,-0.360000
2023-03-15,0.262140,1.783047,1.391231,2.277332,1.922491,0.685708,-4.724398,-1.047300,0.279357,1.415815,0.840409,-1.343477,-4.974749,-0.938809,0.952381,0.666341,1.786446,-4.329431,0.617008,0.776065,1.115115,-0.278503,-0.790000,0.020000,-0.080000,-1.840000
2023-03-16,1.869420,4.053647,3.991688,4.380383,3.630834,5.419331,1.941380,0.499145,-0.207332,0.747369,-0.430609,-0.022968,-0.580603,1.684797,0.223446,0.550263,-0.067961,0.318588,-0.269457,0.329438,-0.568070,1.278204,1.760000,0.020000,0.180000,-0.160000
2023-03-17,-0.545405,1.169452,-1.089568,1.295870,-4.547890,0.720420,-3.778219,-0.027593,-1.071190,0.027979,0.578951,0.477005,-1.177873,-3.969629,-0.668811,-0.464319,-0.781809,-1.263838,-3.018441,-0.043105,0.809972,-1.156005,-1.210000,0.020000,-0.830000,-1.630000
2023-03-20,1.548374,-2.576690,-1.253156,-0.393623,1.124675,0.680270,1.057161,0.349608,0.990922,1.539224,0.301672,-0.097242,2.614188,-0.251624,1.770570,0.966317,1.404657,1.470364,1.681061,0.459918,1.076030,1.094417,0.840000,0.020000,-0.610000,0.780000
2023-03-21,1.194417,0.569367,2.967968,3.655404,2.199097,1.154459,2.682082,1.741906,0.000000,-0.723474,0.058778,1.502924,4.480251,3.027047,-0.367589,-0.462027,0.236503,3.059917,-0.292865,0.318828,-0.340649,2.462325,1.480000,0.020000,0.450000,0.730000
2023-03-22,-0.910335,-0.544235,-1.898423,-1.477322,-1.162465,1.026737,-2.581400,-0.860542,-1.845477,-0.062471,-2.356377,-0.998370,-2.288887,-3.322846,-1.598609,-0.447622,-0.842655,-2.033766,-1.080145,-0.678413,-0.640948,-1.698782,-1.740000,0.020000,-0.800000,-0.530000
2023-03-23,0.696951,1.972181,0.010134,2.157295,2.237149,2.731608,-0.267330,1.158879,0.052965,-0.138908,0.460021,0.951464,-1.128199,-2.424011,0.424907,-0.216492,-0.487215,-0.993147,-0.162834,0.049230,0.809905,0.979984,0.210000,0.020000,-0.190000,-1.540000
2023-03-24,0.830553,1.048056,-0.587582,-0.151503,0.846873,-1.515203,-1.521596,-0.696345,1.005742,2.037698,-0.313493,-0.773194,0.116031,0.630332,0.522646,1.635515,1.958439,0.996640,0.546848,1.539686,0.817649,-1.826145,0.460000,0.020000,0.130000,0.710000
2023-03-27,-1.229317,-1.493392,-0.091711,-2.826253,-1.538764,-0.926103,2.866068,0.348347,0.425829,-0.524813,-0.618327,0.850313,2.192619,4.974196,-0.420898,0.738911,0.223341,1.018832,2.032452,-0.413907,1.671376,1.636907,0.270000,0.020000,0.220000,1.030000
2023-03-28,-0.398048,-0.416100,-0.815997,-1.395678,-1.064882,-0.456065,0.303524,-0.667232,-0.965406,0.280924,-0.159973,-0.081776,1.247634,-1.298709,-0.571834,0.114105,-0.033439,1.167153,-1.309261,-1.307742,-0.388461,-0.836653,-0.170000,0.020000,-0.180000,0.750000
2023-03-29,1.979073,1.918401,3.095436,0.356321,2.327095,2.173411,0.201722,1.347976,0.981389,0.307464,0.904491,1.467583,1.717698,1.955912,0.650141,0.716389,0.691110,0.858968,-0.578050,0.842276,0.431732,2.161995,1.390000,0.020000,-0.300000,-0.540000
2023-03-30,0.988998,1.261974,1.745636,-0.493132,1.212564,1.478655,-0.301990,-0.420959,0.078271,0.435928,0.705794,-0.075130,0.486407,-1.290556,0.322988,-0.016178,0.088551,0.951145,0.953110,0.124285,0.998419,1.269732,0.510000,0.020000,-0.550000,-0.600000
2023-03-31,1.564412,1.496191,1.264707,2.814946,1.972668,1.438850,1.211651,1.394130,1.023279,0.840958,3.420267,1.155158,0.155275,1.060087,1.040115,0.291026,0.812923,0.474170,0.443740,1.096686,1.221929,2.069322,1.530000,0.020000,0.670000,-0.760000
2023-04-03,0.770162,-0.371091,-0.851968,0.607350,0.533169,0.676819,-0.115117,1.570135,1.193563,0.551484,0.884377,0.842028,5.900039,-0.034971,1.348041,0.596490,0.109718,4.161562,2.331048,0.032196,0.840968,-0.369513,0.280000,0.020000,-0.470000,0.790000
2023-04-04,-0.324949,-0.017435,1.503753,0.344966,0.774390,-1.830866,-1.336806,-0.585141,1.045591,0.481591,-0.930381,-0.701292,-0.955820,-2.133601,-1.088255,-0.304485,-0.356186,-0.535464,-0.036744,0.140842,-0.981904,-0.190467,-0.720000,0.020000,-0.960000,-0.720000
2023-04-05,-1.129039,-0.988935,-2.741701,-0.238736,-1.508947,-2.083565,0.149117,0.224004,4.492376,0.685602,-2.132487,0.126614,1.712745,-1.215173,1.589217,0.948400,0.984317,0.496942,2.830116,-0.120554,1.657254,0.341475,-0.390000,0.020000,-1.390000,1.400000
2023-04-06,0.549584,2.553280,0.949554,3.780979,2.184620,0.580339,-0.109717,-0.955420,-0.277753,0.634660,-0.020800,-0.637732,-1.658256,0.723603,-0.120329,0.063703,0.392092,-1.312696,0.375297,-2.242860,0.755012,0.060059,0.340000,0.020000,0.060000,-0.510000
2023-04-10,-1.597228,-0.757888,0.107780,-1.826230,-0.624720,2.004662,0.329480,0.194682,-0.502588,-0.827732,0.887023,-0.367944,-0.443283,0.359184,0.554229,-0.238724,-0.629230,0.381738,0.249270,1.615281,-0.192313,0.840242,0.200000,0.020000,0.790000,0.260000
2023-04-11,-0.759108,-2.266846,-2.202212,-1.024049,-0.419098,-1.486639,0.492623,0.892116,-0.030431,-0.198730,0.892927,1.107900,0.707169,2.755904,0.143770,-0.175454,-0.152816,0.552615,-0.106571,0.976050,-0.292327,-0.386859,0.060000,0.020000,0.460000,0.550000
2023-04-12,-0.435342,0.233372,-2.091670,-0.673949,0.070144,-2.480772,-0.015560,-0.280146,-0.213043,0.272142,-1.133537,-0.645351,-0.104020,-0.801110,-1.005043,0.175762,-0.196799,0.354588,1.120094,-1.865028,-0.486449,-2.469629,-0.510000,0.020000,-0.550000,0.370000
2023-04-13,3.410391,2.239959,4.671368,2.666290,2.967288,-0.120789,0.381315,2.142129,1.336014,0.463359,0.588794,2.175330,0.468608,0.280897,0.241739,0.733783,0.996923,1.336705,1.608797,1.745156,0.100448,2.960993,1.390000,0.020000,0.350000,-1.190000
2023-04-14,-0.211413,-1.276590,0.107422,1.340404,0.517371,1.114777,7.550969,0.571588,-0.162550,-0.507361,0.013690,0.752079,0.241882,3.361342,-0.675180,-0.158355,-0.471858,0.203356,-0.233614,-1.323578,-0.675647,-0.932162,-0.230000,0.020000,-0.950000,0.200000
2023-04-17,0.012087,0.929610,0.224364,-2.663728,-1.187422,0.911883,0.792907,-0.230756,-0.102480,0.033109,1.098602,0.088601,-1.163308,2.879414,-0.024285,0.650284,0.512239,-0.881445,-0.260156,0.537345,0.700460,0.400404,0.330000,0.020000,0.800000,-0.200000
2023-04-18,0.750477,-0.148900,-0.428260,-1.387182,-0.443206,2.462772,1.122803,0.051398,-2.812847,0.105947,1.201754,-0.118028,1.952932,0.625610,-1.529896,0.157575,0.206032,-0.234031,-0.156524,0.599280,0.220699,0.628112,0.040000,0.020000,-0.440000,-0.310000
2023-04-19,0.696839,0.027766,1.955034,-0.306218,-1.005092,0.954208,-0.127285,-0.440927,0.944027,0.019816,-0.682377,0.128904,-0.316402,-1.636126,-0.764459,0.188804,-0.059520,0.093826,-0.609590,-0.175088,0.106763,-2.159914,-0.040000,0.020000,0.290000,0.420000
2023-04-20,-0.584638,-0.811251,-0.469804,1.065469,-1.219282,-2.960863,-0.290355,0.872859,0.646064,0.366609,0.559089,0.590126,-0.797807,-0.532265,-0.969181,0.439693,0.330235,-0.486290,0.035050,1.925263,0.639948,-0.688613,-0.610000,0.020000,0.090000,-0.280000
2023-04-21,-0.978087,-0.122325,3.034391,0.113973,-0.084482,0.055333,-0.191739,-0.234444,-0.544080,3.460387,0.492321,0.064008,0.319966,-0.100331,0.903395,0.140716,0.043172,-0.429792,1.051066,0.152323,0.503425,1.529516,0.080000,0.020000,0.260000,-0.940000
2023-04-24,0.187865,-1.396280,-0.701197,0.531247,-0.046983,-0.283938,0.135202,-0.551167,0.608519,0.179395,0.533300,-0.135913,1.887745,-0.368271,-0.746103,-0.156130,0.048534,1.395476,0.494067,1.001274,0.678820,0.110481,0.000000,0.020000,-0.390000,0.460000
2023-04-25,-0.943575,-2.253588,-3.427172,-2.000567,-2.462509,-2.962058,-2.174393,-1.361936,0.916406,0.025589,-1.760402,-1.654528,-1.421314,-3.091393,-1.453249,-0.156374,2.269538,-1.452063,0.508864,-1.613165,-0.778995,-1.675352,-1.760000,0.020000,-0.980000,0.090000
2023-04-26,-0.006116,7.243489,2.349618,-0.134805,0.891355,2.724749,-1.772353,-0.627183,-1.549824,-1.157354,-2.787421,-0.480295,-0.918298,-1.386967,-1.779812,-0.469857,-0.616745,-1.781176,-2.660249,-1.691274,-0.435436,-1.428434,-0.410000,0.020000,0.140000,-0.740000
2023-04-27,2.839535,3.202751,4.610398,3.741205,13.925495,1.001635,1.345878,0.376933,0.233683,1.222660,2.034230,1.884085,1.195336,1.582285,0.284756,0.204575,0.609970,0.584396,1.525173,1.336275,0.311444,3.436497,1.850000,0.020000,-0.560000,0.000000
2023-04-28,0.754110,0.797174,-3.979241,-0.232375,0.737765,1.920957,0.868289,1.624384,0.429457,-0.057501,2.248827,1.702046,1.292476,1.349946,0.387183,0.738065,0.632599,0.976356,0.269195,0.389004,-0.270849,2.571802,0.780000,0.020000,0.130000,0.190000
2023-05-01,-0.053050,-0.553288,-3.224271,-0.130422,1.190064,4.183941,2.141204,-0.094522,-0.061083,0.121495,-0.944968,-0.044763,-3.101234,-0.819673,0.822822,0.233823,0.413852,-0.794873,0.753442,-1.913679,0.410676,-0.282924,-0.020000,0.020000,0.290000,-0.820000
2023-05-02,-0.619139,-0.049085,1.548255,-1.753735,-1.620191,-2.421307,-1.614736,-2.378398,0.874071,-0.089427,-1.148815,-1.008251,-3.985356,-3.030317,-0.382554,-0.451004,0.297368,-4.305214,1.332303,0.247180,-0.270450,-1.575183,-1.270000,0.020000,-0.560000,-1.460000
2023-05-03,-0.646729,-0.330713,0.019304,0.085470,-0.923753,-1.446307,-2.116328,-0.440569,-1.308870,-0.127850,-0.407762,-0.300512,-1.970934,-1.065306,-1.561713,-0.562417,-0.036401,-2.005718,0.279910,-0.959959,-0.370433,0.258429,-0.570000,0.020000,1.070000,-1.030000
2023-05-04,-0.991348,0.331810,0.337673,-0.683045,-1.480837,-0.863235,-1.367873,-0.168152,-0.454325,-0.460849,-2.501022,0.325419,-1.751139,-3.122779,-0.572154,0.109975,0.624412,-0.388975,-0.719000,0.265824,0.279923,-3.380916,-0.780000,0.020000,-0.340000,-1.040000
2023-05-05,4.692702,1.715705,1.596157,0.840571,-0.316889,4.056312,1.953484,2.739360,0.339224,0.334365,1.354323,2.270541,2.489637,2.667659,0.680083,0.470802,0.460243,2.554104,0.264134,1.778347,0.863959,3.150326,1.910000,0.020000,0.420000,0.690000
2023-05-08,-0.040338,-0.643793,0.160892,2.083921,0.210515,1.642244,0.241374,0.194149,-0.227443,-0.467839,-0.583528,0.220993,0.395652,-0.072174,0.467652,-0.156203,-0.473595,-0.393237,0.594827,0.000000,0.625942,2.437341,0.070000,0.020000,-0.310000,-0.300000
2023-05-09,-0.997098,-0.534612,0.746481,-0.389712,0.042852,-1.989640,-0.481521,0.443528,-0.776289,-1.023826,0.920364,-0.666650,0.027492,-0.108346,-0.491355,-0.829141,0.408595,-0.288267,-0.802498,0.346670,0.170229,-0.767210,-0.430000,0.020000,0.120000,-0.020000
2023-05-10,1.042062,1.729665,3.348340,4.098733,-0.124250,1.099018,0.051299,-0.853126,0.372548,0.208178,-0.533420,-0.104460,-1.282748,-1.229194,-0.467750,0.173510,0.066980,-1.275787,0.400239,-0.225651,-0.281073,-1.017822,0.430000,0.020000,0.460000,-1.320000
2023-05-11,0.109472,-0.704420,1.805970,4.313197,1.162693,-1.062842,-0.315056,0.082322,-0.408293,0.233721,-0.463618,0.222194,-1.809911,0.256207,-0.818130,0.566934,0.550768,-0.553802,-0.296876,0.446305,0.373646,-8.730476,-0.200000,0.020000,-0.490000,-0.090000
2023-05-12,-0.541755,-0.367628,-1.711533,0.806398,-0.839737,-0.832801,-1.433303,0.160165,-0.130441,1.016914,0.966305,-0.383420,-0.009457,-1.095299,-0.612055,0.391486,0.399307,0.256041,-0.348774,0.434362,-0.032633,-0.346666,-0.220000,0.020000,-0.190000,0.340000
2023-05-15,-0.289740,0.158593,0.852526,-0.851007,2.159874,2.163019,0.842652,0.618029,-0.765028,0.032056,-0.664436,0.390141,0.190692,2.067207,-0.508699,-0.265170,-0.943292,0.370338,-0.657336,-0.402720,-0.777436,0.945772,0.460000,0.020000,0.840000,0.010000
2023-05-16,0.000000,0.736781,1.978421,2.574902,-0.016746,0.898018,-0.672912,-1.005099,-0.131628,-0.173074,-2.152212,-0.826795,-2.426943,-1.048827,-0.403658,-1.126060,-0.432410,-2.347347,-0.249198,-1.173229,-1.382675,-2.024554,-0.720000,0.020000,-0.330000,-0.480000
2023-05-17,0.360332,0.945166,1.851850,1.112866,1.536713,3.303308,3.074741,0.945883,-0.219645,-0.423806,3.563226,1.777814,2.243472,4.422497,-0.702509,-0.110723,-0.708254,1.433167,-1.137156,-0.231776,-0.166905,1.967458,1.310000,0.020000,0.890000,1.220000
2023-05-18,1.366600,1.439478,2.294374,1.646811,1.798024,4.970506,0.758400,0.408337,-0.320759,-1.644297,0.947372,1.297180,0.906315,-0.350013,-0.734721,-0.554236,-0.260343,-0.123233,-0.662245,0.626259,1.297400,1.067166,0.990000,0.020000,-0.070000,-0.380000
2023-05-19,0.062832,-0.056517,-1.608127,-0.056990,-0.490182,-1.306887,-0.229425,-0.124137,0.271309,0.419589,-1.450085,-1.645336,0.463288,-1.264491,0.794977,0.047767,0.146164,0.792155,1.307004,-0.317205,-1.029912,-2.570402,-0.260000,0.020000,-0.450000,-0.320000
2023-05-22,-0.548062,0.892128,-1.066665,1.865426,1.091034,-0.281477,-0.826229,-0.870093,-0.538923,-2.618004,-0.075641,-0.269731,-1.214021,0.818209,5.384835,-2.100902,-2.710598,-1.797358,-0.865857,-0.936520,-0.880538,0.514509,0.170000,0.020000,1.270000,-0.200000
2023-05-23,-1.515497,-1.843202,-0.017394,-1.991204,-0.636278,-1.565311,-1.043261,-2.896916,-0.038246,-1.079360,1.472536,-2.803427,1.362287,0.846868,2.296751,-0.178820,-0.305362,2.892958,-1.065609,-1.423129,-0.188415,-2.178169,-1.100000,0.020000,0.390000,1.090000
2023-05-24,0.163208,-0.447223,1.530570,-1.354439,1.001057,-0.488786,-0.915142,-1.037514,-0.095668,-0.826860,-1.301968,-1.404663,1.118433,-1.679499,-2.547908,-0.846919,-0.634200,0.267788,0.291342,-0.435178,-0.458514,-0.835018,-0.720000,0.020000,-0.310000,-0.200000
2023-05-25,0.669237,3.845769,-1.498929,2.134003,1.396410,24.369636,0.243829,0.508462,-1.436233,-0.642373,-1.494340,0.417894,-1.793860,0.249102,-2.070948,-0.772010,-0.589531,-1.723165,-1.144349,0.785067,-0.995723,-1.044110,0.650000,0.020000,-0.710000,-1.080000
2023-05-26,1.410483,2.138542,4.443479,0.915120,3.700171,2.543463,0.936099,0.729690,-0.038855,0.006868,2.120325,1.170136,-0.653029,0.496988,-0.607986,-0.248306,-0.119698,-0.310551,-1.095297,4.256503,0.177861,0.170180,1.320000,0.020000,0.030000,-0.850000
2023-05-30,1.065958,-0.504659,1.290486,-0.754349,0.183188,2.991305,0.379724,-1.497724,0.012950,-1.526833,-0.146835,-1.835076,-0.885979,-0.176618,-1.569135,-0.796553,-1.073087,-0.623047,-1.710620,0.151790,-0.245846,-0.532341,-0.010000,0.020000,-0.150000,-0.420000
2023-05-31,-0.028223,-0.851411,-0.887721,-0.646889,0.838040,-5.676747,-1.273101,-0.275209,0.446991,-0.474909,-2.363008,-0.674828,-1.787757,-1.663117,2.728985,-0.200722,0.407463,-1.632712,1.135840,0.694852,0.554577,0.159427,-0.600000,0.020000,-0.110000,-1.160000
2023-06-01,1.602256,1.275904,1.816217,0.691795,2.980491,5.117091,1.377945,2.474781,-0.335364,1.024553,1.742812,1.605401,1.154827,0.761697,0.000000,0.569890,0.610195,1.022418,0.470963,0.203291,0.367655,0.716230,1.020000,0.020000,0.150000,-0.060000
2023-06-02,0.477557,0.847932,1.205509,0.767859,0.000000,-1.113895,2.100614,1.011015,1.572436,1.778290,2.617965,0.768428,2.321978,3.347716,0.894274,1.933320,1.026407,2.694548,1.433341,-0.001937,0.956516,2.460758,1.620000,0.020000,1.560000,1.660000
2023-06-05,-0.757119,0.160982,0.845073,1.074833,-0.447518,-0.396700,-0.982453,-0.882885,0.860038,-0.395873,-0.959633,-0.858914,-0.444401,-0.592124,0.755992,-0.670352,0.070641,-0.479967,0.524346,1.104188,0.658524,0.253405,-0.260000,0.020000,-1.010000,-0.750000
2023-06-06,-0.206044,-0.672724,1.045489,1.031665,-0.099482,-1.319839,0.179744,0.639407,-0.088448,-0.993539,0.989415,2.547773,0.816788,2.417663,-0.724470,-0.724290,-1.427884,0.180060,-2.740691,-0.383983,-0.013361,1.274722,0.460000,0.020000,2.130000,1.350000
2023-06-07,-0.775632,-3.086807,-4.249267,-3.778178,-2.773683,-3.040117,0.968857,-1.292595,0.214951,0.214551,1.925678,-2.255491,2.242110,0.855289,1.355243,-0.149218,-0.798617,2.593240,-1.272620,-0.974308,0.146884,0.390623,-0.360000,0.020000,1.360000,2.280000
2023-06-08,1.546516,0.581376,2.491130,-0.293870,0.371780,2.761851,0.028440,-0.985497,1.097656,1.132594,-0.202185,-1.023175,-0.313272,-0.848036,0.514280,0.249076,1.104865,-0.369149,1.574454,1.733084,1.446667,0.010821,0.590000,0.020000,-0.490000,-1.160000
2023-06-09,0.216001,0.470390,-0.659960,0.073687,0.139847,0.675157,0.198942,0.228643,-0.155990,0.081930,-1.242128,0.443416,-0.739462,0.136850,-0.306994,0.165647,0.137287,-0.238644,0.353490,-0.540312,0.604605,-0.648457,0.030000,0.020000,-0.710000,-0.410000
2023-06-12,1.563854,1.548391,2.543952,1.153553,2.302304,1.836464,-0.007068,1.167479,-0.068761,-0.784650,1.180404,1.649432,-0.903238,-0.478319,2.386463,-0.429976,-0.246771,-0.963122,-0.767743,0.713343,0.659728,1.316217,0.940000,0.020000,0.040000,-1.410000
2023-06-13,-0.261160,0.735272,0.071110,0.153675,0.099619,3.900527,0.723375,-1.224761,0.525341,-0.240708,-0.259292,-1.047130,0.018790,0.926906,0.952365,0.398611,-0.197922,0.750020,0.118313,0.201556,0.778703,0.762302,0.740000,0.020000,0.590000,0.060000
2023-06-14,0.349142,0.912365,-0.189488,-0.129206,0.748204,4.814480,-0.373148,0.017908,0.510130,0.937565,-0.123279,0.910113,-1.202547,-0.952387,-2.284001,0.678260,0.897867,-0.895848,-0.549128,0.992298,1.010964,-1.491735,-0.030000,0.020000,-0.900000,-0.920000
2023-06-15,1.119883,3.189689,0.545802,1.148207,3.102238,-0.800055,1.130807,1.221820,1.343165,1.386425,0.770740,1.142055,0.694172,0.858520,0.990849,1.374161,1.386701,0.757555,0.681018,0.375551,0.548221,0.530011,1.220000,0.020000,-0.370000,0.090000
2023-06-16,-0.586010,-1.657604,-1.274489,-1.247101,-0.294496,0.091412,0.118794,1.211480,0.305378,0.734234,-0.542996,-0.662182,-0.717716,-0.612887,0.779882,0.718596,0.177692,-0.644441,-0.073140,-1.044997,-1.394788,-1.743058,-0.450000,0.020000,-0.550000,0.220000
2023-06-20,0.048678,-1.250237,0.231095,-0.348081,1.185034,2.614090,-0.509555,-1.065929,-0.060894,-0.922832,0.342887,-0.507285,-2.292399,-1.096255,-1.797306,-0.664818,-0.392379,-2.276480,0.832436,-0.754323,-0.880870,-1.719225,-0.480000,0.020000,0.430000,-0.690000
2023-06-21,-0.567537,-1.328207,-0.755285,-2.071481,-0.946067,-1.741685,-0.147333,0.344424,-0.152312,0.863951,-0.235538,0.405753,1.119552,-1.039142,-1.118460,0.277504,0.064736,0.780850,0.843683,-0.015392,0.194606,-1.236773,-0.560000,0.020000,0.020000,0.530000
2023-06-22,1.652533,1.843770,4.261790,2.156764,1.150409,-0.046465,-1.925221,0.501656,1.061745,0.341264,0.159631,0.441338,-0.548784,-2.135117,-0.437016,0.683698,1.035454,-1.446293,2.302986,0.881414,0.835177,-0.169229,0.320000,0.020000,-0.670000,-1.260000
2023-06-23,-0.171126,-1.380609,-0.630036,-0.657734,1.351441,-1.896577,-0.523025,0.507896,-0.084540,-0.993683,-0.122862,0.532010,-0.871229,-0.751065,-1.110257,-1.050917,-0.683210,-0.845135,0.773832,0.045793,-0.186201,-0.440728,-0.840000,0.020000,-0.630000,0.070000
2023-06-26,-0.755310,-1.916294,-1.546432,-3.269575,-3.553494,-3.736159,0.244867,-1.415818,-1.117948,0.101049,2.353657,-0.629249,1.845700,1.225215,-3.681444,0.032674,-0.634188,1.757534,-1.326352,-0.194512,-0.263722,0.681046,-0.480000,0.020000,-0.340000,1.290000
2023-06-27,1.505913,1.816788,1.452910,-0.008437,3.081118,3.061613,0.007172,0.459558,-0.207812,0.948799,1.900025,1.157855,0.249314,0.534006,-1.274082,-0.212345,0.719360,-0.311682,0.212243,1.320174,-0.361198,0.405860,1.210000,0.020000,0.480000,-0.510000
2023-06-28,0.632781,0.382578,-0.108375,1.563414,-0.613138,-1.812495,-0.438196,0.272729,-0.202068,-0.020002,-2.304482,-0.408603,0.813010,-0.601978,-0.356939,-0.933040,-1.353257,0.905384,-0.776571,0.465740,0.543741,-0.258244,0.030000,0.020000,0.550000,-0.430000
2023-06-29,0.179661,-0.238211,-0.883441,-0.898643,-1.317943,-0.717464,3.492304,2.789968,0.699551,-0.406699,0.427400,1.956713,1.233377,2.101896,-0.468465,-0.826184,0.097996,0.852043,0.978300,-0.208320,-0.675993,0.135083,0.440000,0.020000,0.530000,0.780000
2023-06-30,2.310257,1.638573,1.923377,0.503775,1.935839,3.625505,1.401382,1.348581,0.865326,1.579862,0.916131,1.452252,0.515464,0.104657,1.550412,0.333225,0.728727,0.710439,1.629394,1.258238,1.879700,0.370981,1.140000,0.020000,-0.640000,-0.780000
2023-07-03,-0.778494,-0.748813,-0.107394,0.167087,-0.334514,0.262379,0.804473,0.206334,-1.311030,0.500874,-0.199596,0.167816,0.195802,1.777630,-0.081770,0.597798,0.205173,-0.088961,-0.918635,0.494060,0.648936,1.366499,0.150000,0.020000,0.010000,1.060000
2023-07-05,-0.587134,0.047341,0.122872,1.542949,2.919394,-0.226317,-0.666197,0.621916,-0.330581,-0.170498,0.251588,0.195460,-0.511811,-0.410963,-0.518433,0.742831,0.528007,-0.572512,-0.551039,0.016650,-0.056881,-0.784513,-0.290000,0.020000,-0.950000,-0.260000
2023-07-06,0.250876,0.922664,-1.549321,-1.347029,-0.808531,-0.505707,-0.988637,-0.238032,-0.743190,-0.164220,-2.824968,-0.258775,-3.732119,-2.751025,-2.276475,-0.770119,0.010711,-2.194332,-1.715027,-0.694851,-0.632475,-1.169411,-0.940000,0.020000,-0.510000,-0.690000
2023-07-07,-0.589124,-1.186765,1.106262,-0.524516,-0.500009,0.950027,0.789049,-1.017241,-1.454203,-2.098837,0.261575,-1.134463,0.233204,0.884027,-0.280661,-1.321016,-1.886389,0.876487,-2.460862,-2.292637,-2.304108,-0.112683,-0.130000,0.020000,1.060000,1.210000
2023-07-10,-1.085570,-1.598338,-2.041918,-2.535998,1.228779,-0.759925,0.561156,0.723188,0.163281,0.040332,2.466928,0.895336,1.483131,0.455659,0.422189,-0.752996,0.666387,0.667859,0.880742,0.373283,0.905594,-0.609211,0.360000,0.020000,1.280000,-0.010000
2023-07-11,-0.281008,0.192859,1.297885,0.592533,1.424697,0.533425,1.563914,1.003532,-0.551698,-0.523981,1.089324,1.438194,1.222665,1.256091,0.952916,0.354065,-0.173620,1.848658,-1.145869,0.499056,-0.148531,1.577750,0.760000,0.020000,0.030000,0.480000
2023-07-12,0.898560,1.422713,1.568570,1.528095,3.704448,3.530226,0.495200,0.690080,-0.346733,0.520019,1.230611,0.726502,0.490707,1.171611,-0.083299,0.537636,-0.440277,0.961282,-1.131567,1.578455,0.252214,0.737520,0.740000,0.020000,0.310000,0.460000
2023-07-13,0.405739,1.619186,2.675841,4.717058,1.315711,4.726472,0.485980,0.454141,0.461800,0.067164,-0.919620,-0.032455,-1.831168,1.055860,0.194498,0.852267,2.380303,-1.334238,-1.070065,0.083647,-0.586951,0.354964,0.900000,0.020000,0.050000,-0.100000
2023-07-14,0.078704,0.752931,0.282941,0.706595,-1.448588,-1.104907,0.604543,-0.061647,0.667487,0.738495,0.603935,0.486841,-3.443653,-1.887433,0.721017,0.911353,0.362609,-2.495081,0.959377,1.532152,0.343859,-2.044875,-0.250000,0.020000,-0.300000,-1.520000
2023-07-17,1.730572,0.141938,-0.831597,-0.613930,0.566576,2.181700,2.410379,0.341349,-0.500435,-0.706428,-0.142173,-0.077023,0.435886,0.996235,-1.266501,-0.147771,-1.370804,-0.091167,-1.648964,1.145060,0.122860,-3.452950,0.480000,0.020000,0.760000,-0.270000
2023-07-18,-0.134017,3.979979,-0.546568,-0.714006,0.460376,2.223360,0.182548,-1.319734,-0.006288,0.187931,0.224669,-1.004474,-0.453727,4.421767,1.059684,-0.394684,-0.635683,0.202045,0.359947,0.113931,-0.180821,0.455830,0.780000,0.020000,0.210000,1.080000
2023-07-19,0.707173,-1.226734,1.904689,-1.397862,1.269028,-0.878008,0.383988,0.269972,-0.201175,0.683317,0.858691,0.027606,0.693628,2.703579,0.551874,1.766552,0.981290,0.611396,0.000000,0.093920,0.032342,1.268175,0.250000,0.020000,-0.070000,1.320000
2023-07-20,-1.009736,-2.312137,-3.989357,-2.319101,-4.268858,-3.307353,1.231758,-0.745592,6.072825,0.810849,-0.122085,-0.052713,1.761455,0.507435,0.905581,1.216748,1.632147,1.105395,2.369043,0.514357,1.849685,-0.953587,-0.810000,0.020000,-0.580000,0.650000
2023-07-21,-0.616169,-0.893727,0.030774,0.687913,-2.730396,-2.660366,-0.768501,-0.154410,1.074942,1.574143,0.432479,-0.143192,0.464156,0.915115,1.713357,0.080140,0.454307,1.464236,1.779454,0.161588,0.565162,1.125154,-0.050000,0.020000,-0.330000,-0.360000
2023-07-24,0.421987,0.389795,-0.923075,1.258122,-0.900563,0.683838,1.968350,0.622782,0.522973,0.320400,1.447896,1.836516,1.568980,2.095061,0.294110,0.032025,0.399659,1.972385,-1.449405,1.088061,0.587247,-0.665293,0.310000,0.020000,-0.280000,0.760000
2023-07-25,0.451387,1.700933,0.256213,0.559549,0.980764,2.391740,-0.746809,-0.851529,0.765700,0.234655,0.006112,-0.867120,0.151625,-1.531387,-1.199656,-0.336215,0.230469,0.457294,-1.158193,0.223464,-0.081625,-1.120078,0.250000,0.020000,-0.050000,-0.780000
2023-07-26,0.454493,-3.763767,-0.758934,5.776929,1.392335,-0.496953,0.599402,-0.666145,0.191430,0.104030,1.371756,0.281590,-0.558298,0.808713,0.404710,1.285145,0.125404,-0.750501,-0.362696,0.173378,0.358114,0.268598,0.010000,0.020000,0.680000,1.020000
2023-07-27,-0.658093,-2.087215,0.078038,0.100567,4.400978,0.985657,-1.102936,-1.121899,0.561602,-1.188766,0.036422,-1.965657,0.314041,-1.419311,-1.630421,-0.967485,-1.602278,-1.041278,-1.745375,-0.766541,-0.363093,-0.582351,-0.740000,0.020000,-0.910000,0.280000
2023-07-28,1.350779,2.313132,3.087725,2.457483,4.417557,1.851857,0.570442,0.558782,0.454829,2.826921,0.503480,-0.390355,-1.195230,-0.156512,-0.359124,0.064057,0.944126,-0.494794,1.016442,0.265196,0.471234,0.902067,1.130000,0.020000,0.550000,-0.340000
2023-07-31,0.316621,-0.724043,1.111857,0.105610,-2.113797,-0.044930,0.669162,0.839876,-3.983265,-0.070340,0.745371,0.335918,2.956974,0.313482,-0.027716,-0.880278,-1.497544,3.015036,0.291518,-0.470441,-0.031277,3.204435,0.250000,0.020000,1.080000,-0.090000
2023-08-01,-0.427596,0.125025,-1.488622,-0.881560,1.290011,-0.475067,-0.493787,0.862324,0.811787,-0.031994,-0.530175,0.707620,-0.578119,-1.187489,-1.247908,-0.258364,-0.341414,-0.830977,-1.284588,-0.927463,-0.469156,0.157517,-0.340000,0.020000,-0.170000,0.310000
2023-08-02,-1.549015,-2.628298,-2.642566,-2.409723,-2.602937,-4.812178,-1.132474,-0.925848,0.603940,0.217599,-1.075066,-1.775526,-1.247423,-1.359898,-0.730129,0.307592,0.797563,-1.583481,0.398943,-0.561692,0.069135,-3.066384,-1.490000,0.020000,-0.180000,0.570000
2023-08-03,-0.732162,-0.256497,0.545977,0.054515,-0.356342,0.555684,0.611332,0.505138,0.429657,0.261829,0.410957,0.766632,1.738041,0.705341,-0.990098,-0.516457,-0.631933,-0.037583,0.028375,0.966804,0.025112,-0.938581,-0.190000,0.020000,-0.040000,0.080000
2023-08-04,-4.801997,0.342878,8.269338,-0.264687,-0.785479,0.370679,-0.211056,0.096340,-0.937670,-1.095551,-1.036852,-0.422360,0.280069,-0.350210,0.057133,-1.508768,-1.346730,-0.225472,-0.690437,-1.013125,-0.577660,0.947473,-0.480000,0.020000,0.030000,0.760000
2023-08-07,-1.725387,0.710822,1.898684,2.669589,1.876228,1.649505,0.474290,1.054418,2.401812,1.056163,0.839402,1.410492,-0.204819,1.853048,1.884637,0.790654,1.240522,0.364076,1.038093,1.153921,1.357836,0.614138,0.770000,0.020000,-1.160000,0.600000
2023-08-08,0.531197,-1.229889,-1.603149,-0.098839,-1.238318,-1.657984,-0.561352,-0.919210,0.046217,0.108345,-0.413169,-0.927249,0.494422,-1.913428,-0.112113,-0.441251,-1.310933,-0.150094,0.301641,-0.410108,0.099690,1.497167,-0.470000,0.020000,0.040000,0.150000
2023-08-09,-0.895439,-1.171587,-1.493495,-1.324202,-2.376511,-4.724164,-1.340786,0.196400,-0.063494,-0.127324,0.122013,0.122075,1.698683,-1.311159,0.561169,0.229830,-0.249401,0.131535,-0.291334,0.643760,0.161841,-0.726191,-0.780000,0.020000,-0.070000,-0.040000
2023-08-10,-0.123501,0.217237,0.515046,0.023138,0.173633,-0.390075,-0.149542,0.355196,-0.520021,-0.497160,0.362577,0.881450,0.511153,0.259223,-0.334825,-0.229303,-0.125012,0.606766,-0.499519,0.319815,-0.049887,4.880561,0.010000,0.020000,-0.320000,-0.670000
2023-08-11,0.033771,-0.594552,-0.108252,-0.100265,-1.340992,-3.616599,0.579559,-0.049959,0.975765,0.582895,0.519124,-0.543888,1.552842,1.131247,0.895861,0.410376,0.157816,2.064283,1.771339,0.261797,0.586551,-2.986056,-0.110000,0.020000,0.120000,0.450000
2023-08-14,0.939316,0.943894,1.560583,1.366188,1.508405,7.093380,0.207191,1.191470,-0.235831,-0.783326,-0.350320,0.911420,0.080468,-1.150540,0.083229,-0.474079,-0.228207,-0.073089,1.368199,-0.264686,-0.744431,-0.235904,0.510000,0.020000,-0.660000,-0.770000
2023-08-15,-1.120023,-0.672774,-2.063036,-1.180243,-1.384756,0.427394,-2.545709,-1.263896,-0.288281,-0.641880,0.663729,-1.036155,-2.567321,-3.200780,-1.885207,-0.673466,-1.236240,-2.920180,-0.229539,-0.527172,-0.512499,-1.970494,-1.180000,0.020000,0.240000,-1.030000
2023-08-16,-0.495909,-0.242832,-1.888568,-0.832169,-2.536849,-1.033224,-0.424318,-0.225156,-0.318042,-1.020736,0.267945,-0.020294,-1.682698,-2.171015,0.254293,0.016548,-0.077216,-0.383058,0.064417,0.096682,0.050251,-0.815538,-0.810000,0.020000,-0.400000,-0.140000
2023-08-17,-1.455509,-1.098633,-0.806998,0.947935,-3.126155,-0.326539,-1.038687,-0.802381,0.939717,-0.717968,-1.726565,-0.443749,1.937186,-0.034121,2.903040,0.214943,-1.523109,1.673847,0.174743,-2.135769,-2.241603,-0.497962,-0.870000,0.020000,-0.320000,0.490000
2023-08-18,0.281603,-0.126220,-0.567245,-1.893473,-0.645414,-0.103827,0.228766,0.337031,-0.873478,0.282674,0.027512,-0.114605,1.512907,-0.580610,0.410857,0.560960,-0.151285,0.719872,0.257054,-0.396640,1.438755,0.046553,0.040000,0.020000,0.410000,-0.220000
2023-08-21,0.773668,1.706256,1.095925,0.713963,2.347744,8.471335,0.342344,0.541627,-2.979900,-0.504779,-1.011102,0.262626,-1.208650,0.137414,0.954718,-0.853163,-0.634193,-0.335586,0.402950,-0.317442,-0.265930,-0.093062,0.640000,0.020000,-0.680000,-0.590000
2023-08-22,0.790511,0.180194,-0.319270,0.553075,-0.793382,-2.765779,-2.073857,0.463546,-0.794730,0.039563,0.129628,1.180055,-0.561132,-2.435676,-0.459330,-0.612266,-0.762492,-0.823156,-2.198107,-0.891035,-0.317452,-0.104806,-0.320000,0.020000,0.230000,-1.040000
2023-08-23,2.194889,1.407925,0.945999,2.548807,2.308769,3.170727,0.676317,0.719126,-0.897502,0.935237,0.496174,0.809377,-0.878803,0.035156,-0.488604,0.349643,1.377343,0.132043,3.795591,0.462526,0.694231,0.046641,1.080000,0.020000,-0.100000,-0.120000
2023-08-24,-2.617047,-2.149844,-2.715472,-1.956638,-2.545538,0.099736,-0.095013,-1.167971,0.340358,-0.463312,-1.073343,-0.845249,-0.746632,0.597556,-1.363870,-0.265487,-0.527731,-0.822598,-1.662186,-1.505985,-0.765335,-3.914721,-1.420000,0.020000,-0.190000,0.610000
2023-08-25,1.264295,0.940704,1.077062,0.077067,-0.435919,-2.427739,-0.122238,1.294518,1.433813,0.655566,0.083685,1.312643,1.786551,-0.419306,0.608386,0.465820,1.264255,0.747091,0.694381,0.432568,0.592756,1.079169,0.650000,0.020000,-0.070000,-0.570000
2023-08-28,0.884631,0.222920,-0.090046,0.870026,1.667248,1.775389,0.346836,0.519437,-1.178956,0.156332,0.944719,1.129357,0.840665,0.912292,-0.467278,0.281508,0.462597,0.685045,-1.161422,0.408213,0.570285,0.959692,0.630000,0.020000,-0.020000,0.410000
2023-08-29,2.181005,1.455058,1.329431,2.717330,2.663136,4.161413,0.813216,0.619286,0.012189,0.058510,1.064689,1.033255,0.595439,1.425574,-0.165714,-0.099071,0.377245,-0.156058,0.973114,1.227216,0.837933,0.285176,1.500000,0.020000,0.010000,-0.120000
2023-08-30,1.917251,0.115717,0.118600,0.973489,-0.969840,0.983923,-0.403323,0.362760,-0.353006,0.110493,1.020530,0.549015,0.974419,-0.445662,-0.691555,-0.049592,0.082909,0.137520,0.200009,-0.093990,0.718546,-0.142182,0.410000,0.020000,0.240000,-0.460000
2023-08-31,0.117240,-0.313267,2.176640,0.213416,0.267704,0.184731,-1.235152,-0.223364,-1.252048,0.194762,-0.099843,-0.306829,0.279575,-0.451383,-1.448455,-1.058380,-1.053856,0.574360,-1.116049,1.294585,0.874684,-0.711914,-0.080000,0.020000,-0.230000,0.220000
2023-09-01,0.846320,0.274572,0.079705,-0.374516,0.165609,-1.714123,0.334869,0.989084,-0.742216,0.110125,0.841676,0.710071,2.095517,1.081265,1.130572,-0.869120,-1.461318,1.986356,0.789132,-0.915746,-0.639566,-2.437850,0.260000,0.020000,0.670000,0.580000
2023-09-05,0.126689,1.487861,-0.615400,0.081053,1.272021,0.080400,-1.103421,-1.116436,0.124636,-1.339689,-1.591204,-0.979374,0.008805,-1.138717,-1.117933,-0.826174,-0.661668,1.314659,-2.121265,0.088185,-0.804600,-0.551197,-0.540000,0.020000,-1.360000,-0.870000
2023-09-06,-3.579354,-0.200860,-1.391421,-0.964829,-0.326507,-3.054961,-0.165262,0.334233,-1.661709,-0.196806,-0.543060,0.408258,0.863221,-0.907493,-2.854744,-0.068006,0.327292,0.102137,-0.948750,0.359833,0.748729,-0.258654,-0.710000,0.020000,-0.010000,-0.180000
2023-09-07,-2.924927,-0.892203,1.839543,0.594972,-0.167125,-1.742412,-0.855429,0.398101,1.278405,0.953060,0.742332,0.348514,-0.489050,-0.915818,-0.261839,-0.765550,0.955758,0.005986,1.361642,0.353019,1.238625,-0.506306,-0.400000,0.020000,-0.630000,0.020000
2023-09-08,0.349172,1.321567,0.275654,0.828039,-0.261178,-1.446770,0.076561,0.060697,0.331206,-0.429707,0.088323,0.053058,1.456786,0.817626,-0.087515,0.000000,-0.073694,0.342066,1.028337,0.468447,0.183513,1.253579,0.120000,0.020000,-0.620000,0.400000
2023-09-11,0.662246,1.097910,3.523121,0.395926,3.246172,-0.864570,0.437996,-0.028290,1.307916,1.190074,-0.103470,0.445964,-1.254215,0.423137,-0.905116,0.942914,1.509056,-2.063257,-0.412655,1.377032,0.348057,1.152224,0.660000,0.020000,-0.260000,-0.520000
2023-09-12,-1.706048,-1.825776,-1.306786,-1.153958,-1.918316,-0.681757,1.301384,0.032355,0.565607,-1.757673,-0.636463,-0.100803,2.916954,1.720509,0.618745,-0.985062,-0.368850,1.862473,0.386747,0.001779,0.109532,1.405726,-0.590000,0.020000,-0.250000,1.010000
2023-09-13,-1.185474,1.293081,2.563202,1.012284,1.127079,1.370627,0.047846,0.214305,0.250629,0.697239,-0.122604,0.007197,-0.893695,-0.310677,-0.204971,0.240137,0.790919,-0.365698,-1.109903,0.173594,0.024310,-0.238994,0.030000,0.020000,-0.790000,-0.200000
2023-09-14,0.878228,0.785562,-0.089751,1.016770,2.183201,0.211082,1.939770,-2.554148,-0.152456,1.097402,1.150760,-0.711010,1.786324,1.108038,0.205392,0.827854,0.862639,0.619729,1.083312,0.895015,0.419298,1.197888,0.830000,0.020000,0.220000,0.860000
2023-09-15,-0.415386,-2.503685,-2.991986,-0.506933,-3.660349,-3.687972,-0.294810,-0.178077,-1.398545,-0.839964,-2.496761,0.234671,-1.535604,-1.232893,-0.234265,-0.889478,-0.766968,-0.436520,-0.665194,-1.489106,-0.369135,1.302083,-1.210000,0.020000,0.150000,0.250000
2023-09-18,1.691319,-0.351286,-0.292046,0.589564,0.745898,0.150364,0.208316,1.489193,0.631779,0.377922,-1.288113,0.680648,0.805483,-0.277380,-1.262105,0.621309,-0.255790,0.432433,0.279014,1.143178,-0.741027,-0.654381,-0.040000,0.020000,-0.830000,-0.180000
2023-09-19,0.618112,-0.124592,-1.678805,-0.123037,0.832916,-1.014424,-0.127424,-0.449601,-0.166217,-0.292103,-0.835275,-0.863052,-0.263510,-0.382478,1.040434,-0.205824,-0.590930,-0.011951,-0.426628,0.289639,-0.024473,-3.622654,-0.260000,0.020000,-0.120000,0.000000
2023-09-20,-1.999217,-2.397697,-1.700219,-3.115020,-1.770091,-2.943476,-0.423008,-0.697976,0.437754,-0.084644,-1.191941,-0.727870,-0.792639,-0.349040,-1.088557,0.446893,0.033630,-0.305023,-0.046593,-0.092135,0.324408,0.756642,-0.950000,0.020000,-0.100000,0.260000
2023-09-21,-0.888949,-0.386586,-4.405345,-2.467474,-1.314773,-2.893051,-0.782187,-2.170674,-0.767302,-0.866615,-1.318917,-1.744121,-1.408935,-1.751320,-2.290315,-1.540032,-1.681767,-0.899887,-0.540465,-1.551871,-1.214088,0.205915,-1.680000,0.020000,0.190000,0.380000
2023-09-22,0.494442,-0.788624,-0.162381,-0.145652,1.132800,1.445725,-0.958285,-0.646648,-0.717555,-0.368095,-0.335764,-0.282621,0.156840,-1.461671,-0.487065,0.104264,-0.062721,0.659852,-0.365430,0.632331,0.265572,-1.788939,-0.250000,0.020000,0.010000,-0.500000
2023-09-25,0.738027,0.167184,1.665125,0.660257,0.585123,1.470809,0.494073,-0.731660,-0.149522,-0.606937,0.248571,0.067124,1.122339,-0.144707,0.887133,-1.041663,-0.536327,1.461384,-0.470178,0.005362,0.443476,-0.295399,0.390000,0.020000,-0.110000,0.330000
2023-09-26,-2.339832,-1.700580,-4.029863,-1.937305,-0.621623,-0.736584,-1.037912,-1.589815,-0.773742,-0.889397,-1.288769,-1.766504,0.154864,-1.557972,-1.758637,-0.824563,-1.038259,-0.539378,-0.425176,-1.013203,-0.349529,-1.185038,-1.460000,0.020000,0.400000,-0.500000
2023-09-27,-0.889764,0.208249,0.000000,1.532232,-0.408074,1.328996,0.586504,-0.065313,-1.201119,-1.326027,-0.237989,0.025282,3.255733,0.368053,-0.925928,-1.025987,-1.709950,1.930862,-1.375824,1.911515,-0.480017,-0.187388,0.130000,0.020000,0.690000,0.100000
2023-09-28,0.152565,0.271751,0.000000,1.355896,2.089071,1.462290,1.241581,0.941181,-0.146386,-0.678714,0.553293,1.001317,-0.607325,1.063444,-0.031151,-0.250229,-0.041276,-0.263094,0.346333,0.905016,0.507063,0.287860,0.650000,0.020000,0.160000,0.030000
2023-09-29,0.304646,0.672736,0.904905,-1.095885,-1.233723,0.951519,-1.741292,-0.712257,-0.720293,-0.328003,-0.438234,-0.883726,-1.581988,-0.653129,3.365526,0.304590,-0.035410,-1.154817,-1.294345,-0.645402,-1.605760,1.148136,-0.270000,0.020000,-0.040000,0.320000
2023-10-02,1.483566,1.916059,1.840783,2.529409,2.201792,2.949487,-0.861945,0.547802,-0.385243,-0.459350,-0.771119,-0.015158,-1.658439,-2.483557,2.321373,-0.893164,-0.159337,-1.233532,-0.388514,1.123971,0.106295,0.764961,-0.140000,0.020000,-0.920000,-1.050000
2023-10-03,-0.776981,-2.613402,-3.661367,-1.296852,-1.916427,-2.824792,-0.737319,-1.063695,0.122475,0.206634,-2.631478,-1.210053,0.172964,-2.958789,-0.117841,-1.081489,-0.868953,0.234164,-0.760618,-1.097503,-0.630863,-2.608057,-1.490000,0.020000,-0.330000,-0.140000
2023-10-04,0.730869,1.777323,1.828094,2.121869,1.541849,1.204123,0.448472,1.053276,0.115869,0.329919,0.154145,0.690423,-3.738238,0.115771,-1.740413,0.291557,0.721537,-2.330314,0.393043,1.196404,1.200570,-0.276586,0.770000,0.020000,-0.270000,-0.370000
2023-10-05,0.719788,0.125397,-0.818898,-0.125693,-0.258523,1.469089,0.421646,0.977414,1.041661,-1.486596,-0.235988,0.256879,-2.251124,0.462589,0.480332,-4.832845,-5.215800,0.527493,1.399631,-0.398741,-1.192529,1.878467,-0.150000,0.020000,0.310000,0.100000
2023-10-06,1.475051,2.473708,1.587806,1.858296,3.490910,2.403322,1.539547,0.668157,0.318203,0.201674,0.383949,0.956353,-1.669891,0.038392,-1.015836,1.450935,0.118665,-1.018948,0.270264,-2.105292,-1.678416,2.635802,1.210000,0.020000,-0.300000,-0.560000
2023-10-09,0.845116,0.782248,0.234445,0.610543,0.928894,-1.068574,-0.227420,-0.255281,0.570915,-0.506652,0.867415,-0.811614,3.499129,0.920610,0.211295,-0.489271,0.667539,2.767700,0.596845,0.258310,-0.364412,2.122024,0.590000,0.020000,-0.310000,0.250000
2023-10-10,-0.335222,-0.433557,0.951194,-0.260083,1.093095,1.159645,0.607842,0.921355,-0.113551,0.990516,1.306877,1.426255,-0.423721,2.660576,-0.090376,2.174719,1.883993,-0.107960,-0.851669,0.558142,1.129359,0.342373,0.600000,0.020000,0.160000,0.630000
2023-10-11,0.790417,1.227201,1.814957,1.803575,1.858086,2.200965,0.343292,-0.388852,-1.376604,-1.229425,-0.391014,-0.139863,-3.585341,0.037011,-0.180881,-0.592264,-1.082733,-3.266497,-0.144768,0.610218,0.399738,-0.164717,0.330000,0.020000,-0.670000,0.380000
2023-10-12,0.506119,-0.379036,0.379276,-1.124154,-1.116484,0.296974,-0.232630,0.466745,0.096067,0.223745,-1.687631,0.022503,-0.018781,-0.444106,-0.573855,-1.675656,-2.791787,0.080704,0.125628,-0.307664,0.455046,-0.589274,-0.810000,0.020000,-1.470000,0.110000
2023-10-13,-1.029291,-1.035752,-1.919450,-1.158534,-2.921390,-3.161147,1.501950,0.375881,0.332608,0.955934,-0.375403,-0.467616,3.193402,-0.520450,-2.460501,0.151488,1.214584,1.755252,0.405479,0.542778,0.553631,0.000000,-0.590000,0.020000,-0.460000,0.060000
2023-10-16,-0.072687,1.498166,2.126520,1.266746,2.052804,1.394592,-0.101360,1.009811,0.433524,0.953764,1.853251,0.786368,0.072790,0.859493,3.612592,1.020987,0.674993,0.816772,0.124964,0.952600,0.863413,1.612333,1.130000,0.020000,0.610000,-0.100000
2023-10-17,-0.878472,-0.174365,-0.814788,0.445709,0.887439,-4.679454,-0.216424,0.470685,-0.914121,0.130047,-0.467498,0.152071,1.309703,2.334191,-1.562969,1.197830,-0.440763,1.324060,0.028827,0.367010,0.130274,0.571690,0.090000,0.020000,0.870000,0.700000
2023-10-18,-0.739489,-0.587250,-2.540501,-1.259631,-2.169759,-3.964688,-1.098082,-1.546437,-2.152582,2.577618,-1.926050,-2.130581,1.400478,-1.122370,-4.091612,-0.036995,1.035090,0.793617,-2.092753,0.052223,0.074330,-1.763335,-1.460000,0.020000,-0.630000,-0.180000
2023-10-19,-0.216086,0.366555,0.210715,-0.152243,-1.312413,-0.225119,-0.424925,-1.541241,-0.268445,-0.562744,-1.195572,-1.358044,0.061985,-1.281581,-0.700411,0.555043,-0.907234,0.106554,-1.529564,-1.567931,-0.476646,-1.688705,-0.920000,0.020000,-0.500000,-0.220000
2023-10-20,-1.470418,-1.403464,-2.515573,-1.560794,-1.329896,-1.695948,-1.610565,-0.183907,0.446428,-0.134910,-0.125533,-0.892050,-1.716529,-2.410963,-1.731327,0.404791,-0.348773,-1.342390,2.230413,-2.245291,-1.250242,-0.720732,-1.320000,0.020000,0.060000,-0.150000
2023-10-23,0.069401,0.811218,1.110489,0.663729,1.736596,3.836975,-1.364126,-0.792697,-1.052284,0.067524,-0.467861,-0.192518,-1.467392,-2.812621,0.619913,-0.897929,0.049999,-3.686397,0.662317,-0.115738,1.417222,0.544461,-0.230000,0.020000,-0.260000,-0.780000
2023-10-24,0.254328,0.367406,1.580278,1.692294,-0.464946,1.600921,0.120558,1.347548,-0.105687,1.181255,-0.617394,0.844488,-0.968484,-0.391091,-1.329443,2.884605,1.318089,-2.508090,-0.309642,-0.081479,1.391224,-0.649816,0.740000,0.020000,0.250000,-0.580000
2023-10-25,-1.349154,3.067809,-5.577161,-9.509397,-4.165740,-4.314873,-0.545433,0.937568,0.224828,0.466964,-0.840055,-0.155070,0.184517,0.314096,0.985872,0.862686,0.098648,-0.497939,0.582370,-0.335244,-0.300146,-2.386143,-1.570000,0.020000,-0.310000,0.850000
2023-10-26,-2.460536,-3.751428,-1.499300,-2.651057,-3.732517,-3.477814,0.256406,-2.351701,-1.695593,-0.531217,-1.042974,-5.622429,-0.911688,2.230909,1.399274,-0.605836,-0.578998,-0.718550,1.852759,-0.434573,-0.608270,-1.005091,-1.150000,0.020000,0.850000,1.680000
2023-10-27,0.796912,0.585564,6.832816,-0.089959,2.906204,0.431482,-3.601875,-0.869071,-2.281866,-1.762343,-0.553986,-0.139895,-1.905197,-3.637050,-3.369702,-0.968082,-1.108958,-6.720480,-2.586457,-0.834540,-0.370897,-0.564038,-0.520000,0.020000,-0.350000,-0.590000
2023-10-30,1.230522,2.274029,3.890723,1.874434,1.998447,1.632098,1.274990,1.661779,0.982122,1.427009,1.815831,2.290721,0.312641,2.065941,1.461296,1.647365,1.666445,1.205367,-0.136161,2.182212,1.147857,1.701741,1.150000,0.020000,-0.380000,0.290000
2023-10-31,0.281882,0.237168,0.286331,-0.305318,-0.459263,-0.925651,1.193403,0.866682,0.890954,0.515896,1.140400,1.055250,-0.028345,2.530182,0.032738,0.605505,0.616213,-0.246412,0.019472,-0.439735,0.239239,1.127900,0.630000,0.020000,0.050000,-0.060000
2023-11-01,1.873857,2.354275,2.937864,1.910063,3.511800,3.788656,-0.086296,1.480207,0.235969,-0.279957,0.681448,0.390591,-0.198396,0.227778,-0.163609,-0.088504,0.973776,-1.200845,0.146066,0.789234,0.893461,-0.637311,0.930000,0.020000,-0.630000,-0.020000
2023-11-02,2.069344,0.650152,0.781027,0.822457,-0.314267,2.790297,1.784954,1.957418,1.042428,1.223192,2.756154,1.288981,3.284759,4.621208,-0.032774,1.151662,1.188829,3.319901,0.000000,0.034183,0.394251,2.738363,1.940000,0.020000,0.470000,1.630000
2023-11-03,-0.518126,1.286171,0.383862,1.262838,1.199879,3.445500,1.117243,0.143874,0.732178,-0.904662,0.366686,0.877985,-1.218960,2.896450,2.491804,-0.613076,-0.023981,-0.773077,0.515305,0.886734,-0.519585,2.137118,1.100000,0.020000,1.610000,0.610000
2023-11-06,1.460522,1.057261,0.822510,0.890799,0.381423,1.657596,0.755234,-0.045136,0.237864,0.579726,-0.351812,0.028487,-1.772137,-0.316668,-0.255923,0.405368,-0.053953,-0.413231,0.928608,1.590292,0.133615,-1.234285,0.010000,0.020000,-1.070000,-0.640000
2023-11-07,1.445070,1.121940,2.125376,0.552782,0.956332,0.445909,-0.048576,0.525681,-0.527356,-0.231852,0.067912,0.701789,-1.567968,-0.600076,0.224496,0.368612,0.287927,-1.761892,-0.325850,0.254483,0.466997,0.678409,0.350000,0.020000,-0.010000,-1.220000
2023-11-08,0.588501,0.740561,-0.441458,0.664287,0.301088,1.346963,0.493034,-0.139207,-0.364471,-0.385171,0.390130,0.213454,-1.228285,-0.958812,-1.375997,-0.157395,0.125620,-1.391896,0.384615,-0.680971,-0.814960,-0.106386,-0.030000,0.020000,-0.820000,-0.460000
2023-11-09,-0.262454,-0.691087,-1.041664,-1.213615,0.240792,0.807323,-0.297136,-0.930669,-1.948782,0.226662,-2.720330,-0.446509,0.029166,-1.290773,-2.400521,-0.753193,-0.734789,-0.323008,-1.934867,-0.724359,-0.231285,6.911232,-0.890000,0.020000,-1.080000,0.490000
2023-11-10,2.322007,2.489676,2.105257,1.804359,2.564346,2.949940,1.483131,1.493960,-0.115347,0.705016,1.292247,1.654821,0.767293,0.544860,-0.673859,0.105884,0.457377,0.711543,-0.966984,2.458854,1.384820,-2.291347,1.490000,0.020000,-0.580000,-0.440000
2023-11-13,-0.858373,-0.808812,-0.675677,-0.377109,0.127745,0.589636,-0.443910,-0.236491,0.258115,0.693493,-1.207155,-0.007617,1.050588,0.072267,-1.696068,0.370244,0.509225,0.734528,1.065195,0.192336,0.896559,1.325488,-0.050000,0.020000,0.150000,-0.260000
2023-11-14,1.428570,0.979032,2.251215,1.158311,2.162889,2.130807,1.824681,0.927772,0.020290,-0.223019,5.401441,0.836829,0.385025,5.487337,0.966199,0.298605,0.202662,0.729196,-0.292772,2.173869,-0.017876,1.822452,2.180000,0.020000,2.990000,1.190000
2023-11-15,0.304094,0.040594,-1.783269,0.748382,-1.070447,-1.546649,0.875765,0.473797,0.772071,-0.460160,1.501828,-0.206225,-0.604080,1.368939,3.178399,0.192648,-0.511583,0.351579,-0.802570,1.012187,1.270496,3.140431,0.180000,0.020000,-0.050000,0.490000
2023-11-16,0.904218,1.758350,-0.258376,1.715928,0.444822,1.210940,1.141987,0.185403,0.873627,0.931173,-0.567832,0.068046,-1.157630,-0.270096,-1.391196,-0.104866,0.275045,-1.582784,0.631455,-3.049683,-8.092824,0.617500,-0.110000,0.020000,-1.400000,-0.300000
2023-11-17,-0.010549,-1.680102,1.645306,-1.183064,0.254365,-0.367819,0.904604,0.398261,-0.206553,-1.151598,0.270854,0.805851,2.439965,1.489509,0.503851,0.192465,-0.566470,1.897425,-0.235314,-0.247178,-0.442207,-0.380926,0.250000,0.020000,0.990000,0.630000
2023-11-20,0.927826,2.052180,0.654369,0.694680,1.471444,2.253629,0.307517,0.164305,0.881585,-0.529565,0.299409,1.024221,-0.438240,0.100068,0.200539,0.244504,-0.143897,-0.055354,0.914012,0.632421,-0.032179,0.934682,0.730000,0.020000,0.000000,-0.290000
2023-11-21,-0.423084,-1.157798,-1.526046,0.528439,-0.879458,-0.922456,-0.208754,0.904097,0.807154,-0.439210,-0.924746,1.125119,-0.038301,-1.166284,1.067383,1.097559,0.768682,-0.235504,-0.457741,0.602613,0.360603,-0.610336,-0.320000,0.020000,-0.800000,-0.610000
2023-11-22,0.351434,1.281265,1.952754,1.109775,1.338340,-2.458755,0.235347,0.590740,-0.198522,0.942471,1.264173,0.337447,-0.430761,-0.101141,0.066013,0.672065,0.846242,0.201338,-0.518531,0.818083,-0.763523,0.656433,0.470000,0.020000,0.210000,-0.040000
2023-11-24,-0.700423,-0.111176,0.020448,-1.299757,-0.954632,-1.929542,0.136979,0.228596,1.113906,0.238366,0.485125,0.528843,0.538394,0.337502,0.593658,0.256762,0.088647,0.394934,0.186859,0.387033,0.898695,1.041332,0.110000,0.020000,0.590000,0.180000
2023-11-27,-0.094750,0.312645,0.674656,-0.204836,-1.043674,0.975387,-0.227980,-0.062914,-0.799981,-0.092469,0.070794,-0.855747,-0.583345,-0.571825,-1.180331,-0.187820,-0.619976,-0.372687,-0.431920,0.598638,0.454968,-0.926495,-0.230000,0.020000,-0.110000,-0.090000
2023-11-28,0.321408,1.080279,-0.473835,0.579125,1.281753,-0.872695,0.228501,-0.472182,0.231356,0.694240,0.778315,0.009791,-0.057698,-0.101469,-1.493027,0.205275,0.320834,0.796612,-1.232382,-0.151316,1.192810,-2.805502,0.050000,0.020000,-0.290000,0.040000
2023-11-29,-0.540966,-1.006023,-0.482889,-1.610784,-2.002997,0.667083,0.507995,0.510002,0.316551,-0.761690,-0.073877,0.198021,-1.501454,2.641361,1.313586,-0.597475,-1.006740,-1.099576,0.948286,-1.033665,-1.613710,0.000000,0.010000,0.020000,0.430000,0.690000
2023-11-30,0.306278,0.015847,-0.157197,-1.822368,-1.520178,-2.845871,1.140483,0.963695,1.676430,1.581410,0.794158,0.978491,0.390848,1.396749,1.296525,1.159775,1.443681,-0.215403,1.334917,0.830159,-0.249870,0.205391,0.350000,0.020000,-0.460000,0.010000
2023-12-01,0.679124,-1.161229,0.643441,-0.505544,-0.712212,-0.010692,0.486931,-0.089600,2.405264,-0.560159,1.955418,0.128062,0.243333,1.541485,-5.119788,0.342234,0.237688,0.842625,0.956297,0.592148,-0.867119,-0.118665,0.810000,0.020000,2.060000,1.070000
2023-12-04,-0.946450,-1.433863,-1.489494,-1.964195,-1.477754,-2.683640,0.733234,-0.783778,0.315706,-0.393037,1.376615,-1.479392,-0.543734,-0.452188,1.279833,-0.119374,0.266764,0.041435,1.546482,0.474640,-0.025913,-0.615683,-0.440000,0.020000,1.410000,0.510000
2023-12-05,2.106310,0.915631,1.408457,1.330561,-0.540579,2.329381,-0.012663,0.066813,-0.207724,-3.485492,-0.160478,0.112681,-1.942798,-0.778717,-0.648885,0.153664,-0.709472,-1.387454,1.113653,1.046600,0.926770,-1.325945,-0.210000,0.020000,-0.830000,-0.830000
2023-12-06,-0.568715,-0.998607,-1.606754,-0.740517,-0.263922,-2.282783,-1.050830,-0.125676,-1.217288,-0.074936,0.806809,0.413524,-1.324167,-0.163501,-1.031288,-0.102285,-0.256061,-0.231006,-0.564820,0.343586,-1.085211,0.782024,-0.400000,0.020000,0.300000,0.320000
2023-12-07,1.013949,0.582971,1.632992,5.314536,2.879189,2.402020,0.307071,0.601673,-0.778937,-0.102297,0.018389,0.674988,-0.696190,0.425802,-0.555763,0.238910,-0.029848,-0.077164,-1.656727,0.579534,-0.658116,0.928963,0.810000,0.020000,0.060000,0.470000
2023-12-08,0.741224,0.884234,0.367642,-1.416764,1.886146,1.952980,1.103408,-0.031285,-0.630632,-0.921495,0.091998,-0.239626,1.148136,0.978471,0.523929,-0.221309,-1.062926,1.327037,-0.125144,-0.027869,-1.049448,0.836496,0.440000,0.020000,0.010000,0.520000
2023-12-11,-1.292711,-0.782963,-1.037850,-1.259365,-2.244910,-1.850294,0.365872,0.304992,0.414446,0.461608,1.488625,0.861314,0.070328,-0.355294,-0.486456,0.733656,1.291644,0.027723,0.597584,2.141556,0.251889,-0.667962,0.360000,0.020000,-0.390000,-0.120000
2023-12-12,0.792006,0.829532,1.089860,-0.577664,2.748402,2.209026,0.892513,1.185101,0.006469,0.082270,0.564405,1.212374,-1.575995,-0.356561,-0.209478,0.643630,0.387300,-1.281591,-0.009582,0.904025,0.079357,-1.225594,0.340000,0.020000,-0.430000,-0.880000
2023-12-13,1.669156,-0.002678,0.922159,0.037731,0.155571,0.904363,0.336407,1.086470,0.464288,1.808978,3.061215,0.934053,0.887294,4.229016,-6.718000,0.858291,2.101289,1.480689,2.635126,1.985713,1.777202,1.932599,1.540000,0.020000,1.720000,1.350000
2023-12-14,0.075770,-2.254459,-0.954043,-0.475241,-0.468992,0.544844,1.819211,-1.391120,0.693261,-2.638330,2.449046,-1.441086,2.689044,5.930068,-1.987986,-1.485059,-2.185907,3.678854,-0.432576,-1.747660,-1.220385,1.195727,0.500000,0.020000,1.110000,2.030000
2023-12-15,-0.272587,1.311736,1.729754,0.500237,0.525243,1.116854,0.756134,-0.270552,-1.090087,-0.483890,0.622500,0.002397,-0.669422,-1.001749,1.913496,-0.745257,-0.742961,-0.386835,-0.727237,4.445269,0.374589,-0.510970,-0.060000,0.020000,-0.400000,-0.570000
2023-12-18,-0.850336,0.517888,2.733884,2.413283,2.896207,2.427893,0.605212,0.131755,0.180455,1.535157,-0.901132,1.400008,0.743312,-0.505958,1.614732,0.716723,1.143710,0.220934,0.884786,3.403082,1.459981,-0.641992,0.420000,0.020000,-0.400000,-0.360000
2023-12-19,0.536029,0.163701,-0.181745,0.625898,1.665614,-0.944550,1.335510,0.627010,0.656208,0.000000,0.359168,0.245035,1.318238,0.239321,4.065041,-0.321914,-0.568352,1.309478,0.424359,-0.513775,0.361372,1.152273,0.710000,0.020000,1.360000,0.690000
2023-12-20,-1.071398,-0.707286,-1.085895,1.236759,-0.308264,-3.009824,-1.127933,-1.107746,-2.038863,-1.546142,-0.968551,-1.414921,-1.670073,-1.581640,-1.882115,-2.073776,-1.345620,-0.916634,-1.061127,-2.469974,-1.170180,-2.831888,-1.550000,0.020000,-0.370000,0.130000
2023-12-21,-0.076996,0.787884,1.130687,1.503537,1.377111,1.827026,0.570395,0.945134,1.024346,0.243212,0.088895,0.951249,0.454241,0.667078,2.461102,0.659599,0.772510,0.306151,0.977589,0.629338,0.709110,0.821727,1.090000,0.020000,0.740000,-0.040000
2023-12-22,-0.554747,0.278396,-0.273010,0.762003,-0.197673,-0.326610,-0.059710,-0.427665,0.400408,0.707044,-0.108885,0.155874,0.176944,0.692772,0.317900,0.569069,0.425233,0.225590,1.231327,0.968195,1.195104,-1.086714,0.200000,0.020000,0.640000,0.100000
2023-12-26,-0.284105,0.021365,-0.006514,0.021214,0.407486,0.919519,0.591411,0.282460,0.437409,0.454296,0.206532,-0.101395,0.225682,1.286265,0.035230,0.411519,0.703706,0.900375,-0.065000,0.449676,-0.153226,-0.076905,0.480000,0.020000,0.700000,0.440000
2023-12-27,0.051814,-0.157462,-0.045634,-0.812621,0.845453,0.280032,0.599805,-0.088743,0.134489,0.082225,-0.223275,0.162851,-0.469936,-0.059055,0.703982,0.256150,0.319795,-0.328073,0.325204,1.088503,0.939859,-0.626726,0.160000,0.020000,0.130000,0.110000
2023-12-28,0.222619,0.323454,0.026091,-0.099738,0.136951,0.212483,0.531293,0.567718,0.147118,-0.225930,-0.335703,0.461886,-1.445988,0.118205,0.629148,0.068132,-0.005891,-1.408707,0.731598,-0.554888,-0.196372,0.022133,-0.010000,0.020000,-0.360000,0.030000
2023-12-29,-0.542425,0.202508,-0.938846,-0.385067,-1.216798,0.000000,-0.117456,-0.019187,0.102174,0.555814,-0.233202,0.044575,-0.209611,-0.619847,0.000000,0.306393,0.265652,-0.407291,0.229861,-0.455434,0.050777,-0.121689,-0.430000,0.020000,-1.120000,-0.370000
2024-01-02,-3.578660,-1.374832,-1.322897,-1.088144,-2.166915,-2.734137,1.164028,-0.568478,2.060735,1.501311,-0.424172,-1.083212,2.380475,0.683114,3.265016,1.510252,1.807590,0.214529,3.870834,-1.428622,1.040293,0.465185,-0.700000,0.020000,-0.550000,0.780000
2024-01-03,-0.748758,-0.072822,-0.973782,0.542831,-0.525568,-1.243562,-0.435852,-0.343807,0.625126,-0.605082,-1.976350,-0.739546,0.840176,-1.091463,0.000000,0.234038,0.023125,1.906604,1.351115,-0.916008,0.006274,1.036258,-1.010000,0.020000,-1.940000,-0.110000
2024-01-04,-1.270009,-0.717757,-2.626789,-1.821204,0.769297,0.901855,0.663635,0.631838,-0.211228,0.547881,0.097551,0.238807,-0.871919,0.805252,-2.152696,-0.333559,-0.855758,-1.096316,1.951736,0.567706,-0.966730,-1.189304,-0.330000,0.020000,0.210000,0.090000
2024-01-05,-0.401294,-0.051626,0.463442,-0.483927,1.391467,2.289669,0.501700,0.030799,0.311304,-0.827441,1.284768,-0.083370,0.302963,1.863919,1.306277,-0.150597,-1.475461,-0.172567,0.179478,1.181464,-0.665567,0.375450,0.150000,0.020000,-0.810000,0.630000
2024-01-08,2.417474,1.887153,2.657670,2.291323,1.906527,6.428099,-0.145120,1.097482,0.248238,0.861486,1.455050,0.768932,-1.666175,-0.784202,0.373266,0.737382,0.100640,-0.598420,0.136488,0.865851,0.982693,0.715064,1.490000,0.020000,0.900000,-1.270000
2024-01-09,-0.226341,0.293581,1.522461,1.519741,-0.342970,1.697505,-0.790592,0.300910,0.061896,0.410250,-0.500102,0.146912,-1.238615,-1.551509,-0.608517,-0.182993,-1.147202,-2.541803,0.894526,0.829681,0.669829,-2.053526,-0.210000,0.020000,-0.440000,-0.890000
2024-01-10,0.567153,1.857409,1.559094,0.943593,3.648270,2.277001,0.210944,0.467094,0.148488,0.428659,3.064775,1.341708,-0.983247,-0.089219,-1.394577,0.333330,-0.149535,-0.823612,0.363084,0.836377,1.242860,-0.423767,0.510000,0.020000,-0.100000,-0.440000
2024-01-11,-0.322257,0.485929,0.943210,-0.140560,-0.215923,0.868443,-0.421010,-0.200326,-0.444814,0.380167,-0.075656,-0.361926,-0.020249,-1.339270,-2.035186,-0.647826,-0.473270,0.539793,-0.361771,0.121882,-0.111597,0.179193,-0.140000,0.020000,-0.450000,-0.520000
2024-01-12,0.177807,0.998368,-0.360870,0.401157,1.303849,-0.204282,-0.733986,0.053021,0.769479,0.059783,-0.230009,0.557744,1.297251,-1.055824,1.056352,0.969726,0.686213,1.369799,0.168880,1.434118,0.130353,1.006137,-0.010000,0.020000,-0.110000,-0.490000
2024-01-16,-1.231709,0.463344,-0.944245,-0.112143,-1.877225,3.056107,-0.627041,0.405027,-1.151552,-0.537840,0.764676,-0.174783,-2.261122,-2.073180,-1.324036,-0.662354,-0.657631,-2.430941,-0.118016,-0.256143,0.316129,2.988387,-0.470000,0.020000,-0.760000,-0.610000
2024-01-17,-0.517361,-0.204983,-0.946720,-0.715831,0.247649,-0.583515,-0.535757,0.524044,-0.056067,0.100131,-0.761645,-0.217124,-0.726791,-0.996256,-0.600300,0.000000,0.162486,-0.396670,-0.303833,0.396191,-0.469615,-2.912423,-0.590000,0.020000,-0.080000,-0.250000
2024-01-18,3.257079,1.129744,1.179878,1.420779,2.106580,1.880363,0.197506,0.566355,0.486199,-0.576520,0.618494,0.772083,-0.185620,-0.220134,-0.213125,0.283376,0.438579,-0.908350,0.347092,0.456027,1.347240,2.069960,0.870000,0.020000,-0.100000,-0.350000
2024-01-19,1.553304,1.218693,1.198695,2.021204,1.946143,4.174616,1.726209,1.029310,0.291548,-0.384746,1.260129,1.406955,0.154944,1.544290,0.676398,-0.548542,-0.831489,0.296175,0.295253,1.114493,-0.526830,0.921820,1.190000,0.020000,-0.470000,0.670000
2024-01-22,1.216314,-0.541807,-0.360498,-0.266435,-0.435524,0.274008,-0.117462,0.110729,0.488614,0.196502,-1.578340,0.679972,-0.134067,1.024213,0.106069,-0.434548,-0.404145,0.175771,0.454196,-0.353970,0.006162,2.170635,0.380000,0.020000,1.730000,0.580000
2024-01-23,0.665348,0.602749,0.801141,0.719220,0.895812,0.367101,-0.658379,0.022142,-1.637212,4.139032,-1.656884,-0.225122,1.125788,0.675878,0.423880,0.470012,1.532305,-0.280738,0.343300,-0.710446,0.252467,-1.377799,0.220000,0.020000,-0.660000,-0.550000
2024-01-24,-0.348402,0.917524,0.544796,1.128945,1.427824,2.486918,0.893534,0.143771,-0.531919,-1.207936,-1.000640,-0.013686,1.726080,0.640818,-0.351743,-1.570587,-1.216883,1.991682,-0.801068,-0.157090,-1.412785,-0.287923,-0.010000,0.020000,-0.740000,0.050000
2024-01-25,-0.169670,0.573826,0.560977,2.131808,0.634751,0.415580,1.431096,0.353399,0.377481,2.300808,1.065468,-0.433095,2.540153,1.243197,-1.576483,0.424373,0.579723,2.518658,1.051486,-0.962829,1.457952,1.454544,0.460000,0.020000,0.040000,0.570000
2024-01-26,-0.901282,-0.232163,0.868460,0.210710,0.244160,-0.951045,-0.381631,-1.713088,-0.037606,0.334160,1.233714,0.396058,0.851863,0.119786,0.000000,0.354980,0.780489,0.383652,0.574370,1.026614,0.878169,0.527086,-0.020000,0.020000,0.410000,-0.270000
2024-01-29,-0.358583,1.433403,1.344897,0.867333,1.745577,2.349639,0.261203,2.134827,-0.087777,0.012809,0.112592,0.467467,0.126216,0.538456,0.036389,0.606372,0.172770,-0.040232,0.380740,1.038026,0.468730,2.233649,0.850000,0.020000,1.070000,-0.590000
2024-01-30,-1.924578,-0.275800,-1.401460,-1.335413,-0.239395,0.494659,2.049445,1.275299,-0.370240,0.851680,0.393581,1.046358,1.667798,3.510848,-1.673943,0.284610,0.874212,0.697605,0.313326,0.969707,0.333253,-0.564164,-0.120000,0.020000,-1.270000,0.850000
2024-01-31,-1.935747,-2.694625,-2.389939,-7.500328,-2.479617,-1.986480,-1.083576,-1.403584,0.081894,-0.222233,-1.159338,0.907474,-1.945640,-2.242024,0.222053,-0.684480,-0.642617,-1.791886,-0.723334,-0.836235,-0.205320,-0.918089,-1.740000,0.020000,-0.920000,-0.290000
2024-02-01,1.334048,1.559434,2.628867,0.756595,1.189311,2.437955,-0.361326,1.386951,-0.339841,1.298193,2.014401,2.602241,-0.408531,-1.352558,0.775488,2.504625,1.880976,0.312007,4.636527,1.530562,1.851734,1.051532,1.220000,0.020000,0.640000,-1.350000
2024-02-02,-0.540513,1.842600,7.866649,0.864273,20.317644,4.970883,0.575603,0.046933,-1.105085,-0.684738,-0.788735,-0.073781,-0.410190,-0.238435,-1.319168,-0.721541,-0.425153,2.941381,0.023745,0.709735,0.748624,0.072119,0.990000,0.020000,-1.430000,-0.510000
2024-02-05,0.984659,-1.354507,-0.873057,0.913034,-3.280074,4.794445,-0.131615,-0.577255,-0.517179,0.075907,-0.585079,-0.829377,-0.411872,-1.434111,-1.336787,-0.825914,-0.029254,0.059109,-0.181952,0.236801,-0.536646,-0.494188,-0.410000,0.020000,-0.730000,-0.660000
2024-02-06,0.863174,-0.039465,-0.681113,0.292332,-1.020873,-1.599560,0.343843,0.428212,1.450562,0.474041,0.312560,0.818807,0.689306,0.151550,3.500187,-0.166550,0.292536,0.013126,0.554764,-0.052034,0.681828,2.731509,0.270000,0.020000,0.850000,-0.470000
2024-02-07,0.058102,2.111034,0.815847,0.999293,3.270150,2.749807,0.188443,0.950257,-0.050624,0.100665,1.807732,0.306184,-0.029343,0.423739,0.218185,0.083424,0.029148,-0.144392,0.465013,1.264800,-0.253220,-0.151064,0.770000,0.020000,-0.900000,-0.610000
2024-02-08,-0.575465,0.014493,-0.404622,0.254241,0.087308,-0.653369,-0.359104,-1.108035,-1.000125,-0.301651,0.283986,-0.790191,1.712013,-0.180864,0.036278,-0.266720,1.388032,1.268634,-0.674676,0.608508,-0.005907,11.498889,0.210000,0.020000,1.490000,0.010000
2024-02-09,0.409412,1.555140,2.714320,2.117741,-0.402132,3.578386,0.120124,0.235690,0.230175,-0.769062,-0.156726,-0.082941,-2.116020,-0.150956,-0.036265,-0.451276,-3.554792,-1.960283,-0.916202,-0.104936,-0.053133,-1.945001,0.650000,0.020000,1.000000,-0.420000
2024-02-12,-0.900190,-1.257875,-1.209516,-0.986575,0.168763,0.159416,0.445688,-0.491977,0.695349,-0.196901,0.633370,0.181281,1.375655,1.663138,0.362840,0.235052,1.753419,0.688575,-0.087685,-0.136846,0.602562,0.830333,0.040000,0.020000,1.290000,1.110000
2024-02-13,-1.127464,-2.152861,-2.146917,-1.620008,-1.872468,-0.166094,-0.870344,0.269034,-0.874261,-0.534660,-2.150776,0.381509,-0.860890,-2.587749,-2.494578,-0.586256,-1.013976,-0.973164,0.071807,-1.129562,-0.681144,1.070545,-1.600000,0.020000,-2.400000,-0.650000
2024-02-14,-0.480952,0.966535,1.387569,0.551181,2.860129,2.456757,1.015726,0.634478,-0.466534,-0.409550,0.178980,1.027231,-0.493387,1.160318,0.519098,-0.101103,-0.805311,0.272230,0.310928,1.110259,-0.319266,0.995842,1.140000,0.020000,1.570000,-0.220000
2024-02-15,-0.157488,-0.715525,-0.690135,-2.172124,2.271381,-1.680670,2.181438,1.232162,1.399764,0.886703,0.795551,1.309135,2.865938,2.837313,1.475465,0.185537,0.202948,3.400730,0.572252,0.322626,0.409237,0.797773,0.670000,0.020000,0.840000,1.040000
2024-02-16,-0.843027,-0.614911,-0.170794,-1.575959,-2.212681,-0.061938,-0.466995,-0.861264,-0.114847,0.318463,0.351739,-0.668381,0.000000,0.058703,0.399859,-0.016849,-0.917428,0.110048,0.987829,-0.071772,0.632078,-0.755887,-0.530000,0.020000,-0.660000,-0.170000
2024-02-20,-0.411398,-0.314308,-1.433539,0.426983,-0.331685,-4.353210,0.390987,-1.224147,0.836786,0.634884,0.060716,-3.499027,-0.944777,-0.381342,-0.108622,2.205779,1.400920,-0.407445,-0.328650,0.234825,3.228444,-1.935489,-0.730000,0.020000,-0.860000,0.330000
2024-02-21,0.418602,-0.151457,0.903755,1.013330,-0.683286,-2.850900,0.650983,0.585138,0.519430,1.192336,0.430253,1.615933,2.043811,-0.765621,0.289959,0.889609,0.106731,0.935092,0.588817,-0.367934,-1.228260,-1.617329,-0.020000,0.020000,-0.820000,0.140000
2024-02-22,1.124412,2.354682,3.553002,1.080332,3.867273,16.400893,1.199553,2.525651,1.115468,0.099761,1.980044,2.725197,-0.085835,-0.267041,-0.433681,-0.146951,-0.343526,-0.006432,0.889802,1.573943,0.984471,-0.027854,2.020000,0.020000,-1.200000,-1.290000
2024-02-23,-1.003424,-0.318230,0.234851,-0.090234,-0.431980,0.355235,0.502547,-0.052879,0.866314,0.292722,0.166984,0.394436,-0.878205,0.922324,0.762250,0.081767,0.802356,-0.495401,0.146985,0.480672,0.085501,0.092892,0.020000,0.020000,0.280000,0.000000
2024-02-26,-0.745123,-0.682365,-0.148585,-4.438720,-0.473115,0.348921,-0.342397,0.193967,-0.648784,-0.503000,-0.096778,0.230234,0.394830,-0.913895,-2.089334,-0.800667,-0.790095,-0.135785,-0.471230,1.005511,1.845522,-0.055679,-0.260000,0.020000,1.010000,-0.120000
2024-02-27,0.811445,-0.014727,-0.681052,0.952238,1.102245,-0.494372,0.049059,-0.344899,0.118159,-0.574214,1.065642,0.050574,-0.211026,1.993433,-1.066951,-0.609454,-0.059430,-1.482665,0.147470,-0.085859,-0.016781,1.615890,0.260000,0.020000,1.200000,-0.440000
2024-02-28,-0.662555,0.058903,-0.218964,-1.800104,-0.622116,-1.318920,0.506978,0.868747,0.354099,0.470797,0.545872,0.863632,0.278771,0.087521,0.557808,0.099444,-0.671985,0.118293,-0.651008,0.436407,0.050346,1.261205,-0.260000,0.020000,-0.860000,-0.010000
2024-02-29,-0.369308,1.451976,2.078997,1.525133,1.262362,1.865760,0.911135,-1.046827,-0.105239,-0.693522,0.794454,-0.854145,0.191717,1.320788,-1.775142,-0.629145,-0.256397,-0.216640,-0.811295,-0.544152,-1.694055,0.703968,0.530000,0.020000,-0.360000,0.980000
2024-03-01,-0.603034,0.449665,0.825983,-0.953328,2.483000,4.003181,-0.413858,0.183974,0.458540,-0.056641,1.008921,0.393888,1.262906,-0.492438,0.112966,-0.816388,-0.453595,0.526300,-0.149437,0.746084,0.255918,0.331599,0.760000,0.020000,0.090000,-0.550000
2024-03-04,-2.538128,-0.139575,-0.359106,-2.763617,-0.818226,3.595075,0.750181,-0.928779,-1.406375,0.446960,-1.061271,-1.707820,-1.398329,2.328954,-2.632580,0.470355,0.473904,-2.571825,-2.292060,1.299642,0.918999,1.554271,-0.180000,0.020000,-0.790000,0.340000
2024-03-05,-2.844099,-2.957230,-1.948421,-0.509934,-1.599795,0.857653,1.001721,-0.409957,0.081340,-0.150384,-0.504749,-0.207055,1.226508,0.682795,0.733870,-0.484873,-2.013696,0.476893,-0.983466,0.101420,1.247895,-0.721257,-1.070000,0.020000,-0.320000,1.170000
2024-03-06,-0.587830,-0.139058,-0.350333,-0.957257,1.197422,3.182730,0.519765,0.375822,-0.393825,0.156913,0.329603,0.872695,1.069679,0.084771,4.256144,0.050404,0.592465,-0.842311,0.748999,1.748794,0.882741,-2.489589,0.530000,0.020000,-0.160000,-0.030000
2024-03-07,-0.070943,1.753345,1.907678,2.267868,3.245377,4.474631,-0.875870,-0.773815,-0.294962,0.658017,-0.235796,-0.860896,0.561969,0.592869,-1.471124,-0.184734,0.067493,0.701157,0.193933,1.597167,-0.346706,0.109025,1.020000,0.020000,-0.470000,0.030000
2024-03-08,1.023662,-0.713706,-0.831355,0.766486,-1.218283,-5.547701,0.186312,0.639711,0.409155,-0.168085,-0.849820,0.367868,0.940663,-0.084188,1.605069,0.134604,-0.036795,0.341417,-0.395189,-7.641385,-0.397609,0.127070,-0.660000,0.020000,0.500000,0.570000
2024-03-11,1.183166,-0.418489,-1.933276,1.669014,-4.419428,-2.003916,0.037186,0.185682,1.071947,0.748357,-0.490165,-0.021303,0.590519,0.814592,4.224843,1.209668,1.030367,1.414462,-0.591095,-1.582219,0.898203,1.803839,-0.200000,0.020000,-0.710000,0.400000
2024-03-12,0.277853,2.659937,1.994646,0.602880,3.341679,7.157178,0.823210,1.197590,0.936568,0.235213,0.812878,0.790773,-0.642081,0.195053,-1.268949,0.431611,-0.115342,-0.072353,-0.089593,3.192922,1.236398,0.133552,1.040000,0.020000,-0.970000,-0.690000
2024-03-13,-1.212249,-0.043336,0.667084,0.931403,-0.836419,-1.115201,0.811201,0.429719,-1.007768,0.228480,1.188141,0.579452,1.117043,0.333719,0.749724,1.024803,0.461899,1.316734,-0.407622,-0.363687,-0.211695,0.035575,-0.140000,0.020000,0.300000,-0.020000
2024-03-14,1.092736,2.437972,1.240373,2.367849,-0.754692,-3.239149,-1.781785,0.445392,-1.173167,-0.492917,-0.981580,0.813687,1.771211,-1.080942,-0.318939,-0.222659,-0.314585,1.176162,-0.724947,-0.306477,-0.085150,-0.391115,-0.420000,0.020000,-1.310000,-1.040000
2024-03-15,-0.219670,-2.069514,-2.422379,-1.341723,-1.571675,-0.121661,1.239561,-1.176644,-0.646965,-0.074304,-0.543602,-0.761248,-0.179427,-0.784564,-0.675408,-1.024783,-0.072814,-0.096340,0.838103,-0.863440,-0.557181,-0.098161,-0.580000,0.020000,0.750000,0.790000
2024-03-18,0.637243,0.216118,0.034398,4.604072,2.660608,0.703578,1.240141,0.710144,-0.897699,-0.105327,-0.353671,0.643092,0.925692,1.694454,-0.787418,0.417501,4.008250,-0.089995,-0.065826,0.814461,0.296642,1.697179,0.530000,0.020000,-1.020000,-0.250000
2024-03-19,1.358507,0.980069,0.813846,-0.440149,-0.148905,1.066086,0.586520,0.806881,-0.350858,0.384594,2.016622,1.067047,0.703469,0.055541,-0.324668,0.166299,0.315319,0.778569,0.625830,0.086113,0.016423,0.579719,0.540000,0.020000,0.530000,-0.270000
2024-03-20,1.470919,0.906469,1.279136,1.163039,1.870067,1.089500,1.310703,0.671670,-0.288085,0.098860,1.317822,0.834720,-0.088418,1.998355,0.253345,0.863360,0.034934,-1.321653,1.350227,1.167776,0.624273,1.702910,1.020000,0.020000,0.910000,1.010000
2024-03-21,-4.085744,0.973600,0.000000,-0.766442,0.443114,1.176233,1.390520,0.376784,-0.006402,-0.080237,2.806915,0.122933,0.442501,2.068004,-0.144396,-0.460899,0.343281,0.200582,-0.185692,0.248407,0.326544,0.206075,0.420000,0.020000,0.040000,0.950000
2024-03-22,0.531007,-0.146735,0.404155,2.147705,0.358436,3.121348,-1.225778,-2.448607,-0.333875,-0.123564,-1.244949,-1.426405,0.000000,-1.226320,-1.084607,0.033066,-0.249339,-0.129153,0.186038,-1.045046,-0.943862,-0.711224,-0.230000,0.020000,-0.860000,-0.530000
2024-03-25,-0.830033,-1.371452,0.469621,-0.464292,-1.287337,0.756197,-0.915458,-0.723710,-0.006434,-0.909326,-1.734639,-1.168846,1.022128,-0.512826,0.255845,-0.148775,0.337166,1.170327,1.178847,-0.522583,-0.492854,3.012008,-0.270000,0.020000,-0.240000,0.860000
2024-03-26,-0.667250,-0.286155,-0.784599,0.399800,-1.417441,-2.569425,0.467085,-0.216908,0.354328,0.224744,-0.933497,0.159634,-0.750115,0.623989,0.583309,0.231791,0.075330,-0.766937,0.167580,0.002735,-0.099067,0.477540,-0.260000,0.020000,0.090000,-0.130000
2024-03-27,2.121258,-0.052169,0.858104,0.132743,-0.409364,-2.496719,1.936360,-0.563109,1.405929,1.283077,1.568728,0.241196,1.036998,1.941222,0.688659,0.809371,0.486297,0.695564,4.963370,0.150478,0.347061,0.875508,0.880000,0.020000,1.040000,0.910000
2024-03-28,-1.055909,-0.168477,0.305846,0.039760,-1.676582,0.117445,0.390921,0.021526,0.145608,-0.221390,-0.593450,0.757410,1.104642,0.290910,-0.107997,0.245773,0.829635,0.889032,0.151794,0.075143,-0.905808,1.140686,0.110000,0.020000,0.290000,0.480000
2024-04-01,-0.845569,0.915093,0.327085,3.021284,1.188262,0.007747,-0.678962,-0.286656,-0.259194,-1.029277,-4.058915,-0.658279,0.645214,-1.054842,-0.108114,-0.817252,-1.159920,0.849507,-0.727540,-1.554679,-0.282539,-0.678332,-0.260000,0.020000,-0.900000,-0.280000
2024-04-02,-0.699899,-0.737221,-0.154721,-0.598120,1.225202,-1.008171,-0.040220,0.057492,-0.031681,-0.006222,-1.366727,0.215311,1.957437,-0.586349,-0.613268,-0.873433,-0.890271,0.440020,-0.488590,-1.378194,-1.399994,1.061472,-0.850000,0.020000,-1.100000,0.030000
2024-04-03,0.479759,-0.234902,0.951907,0.232924,1.883911,-0.545518,-0.281605,-0.531534,-2.199977,-2.752700,-0.853998,-0.419249,0.016770,0.375317,-1.197820,-0.531994,-1.026608,0.413084,-0.345227,-0.788691,0.456389,-3.126533,0.170000,0.020000,0.310000,-0.030000
2024-04-04,-0.489240,-0.611245,-1.321201,-2.833704,0.824887,-3.438485,-0.760850,-1.068737,-1.140924,-0.448279,-0.616846,-1.602351,0.352048,-1.388871,-2.094052,-0.885862,-0.017695,0.155819,-1.724400,-0.114783,0.117792,-1.588500,-1.220000,0.020000,0.170000,0.150000
2024-04-05,0.450191,1.828275,2.816671,1.308703,3.213795,2.448071,0.920014,1.145986,-0.072125,0.418138,0.053128,1.570962,1.378224,0.514599,0.037525,0.354147,-0.300594,0.566290,0.258498,1.254123,0.588226,1.101710,1.060000,0.020000,-0.320000,-0.680000
2024-04-08,-0.666354,-0.218567,0.064838,1.540972,-1.534091,-0.994251,0.521647,0.223726,-0.524978,-0.038437,1.168021,0.495303,-0.675613,1.050973,-0.300082,-0.403290,0.260123,-0.204195,-1.117277,-0.267625,-0.116952,-0.870074,0.010000,0.020000,0.520000,0.140000
2024-04-09,0.724234,0.398033,0.259191,1.130137,-0.452586,-2.041710,-0.670092,-0.374445,0.461768,0.397336,-0.173997,-1.397104,0.522586,0.613318,0.752451,0.759228,0.607374,0.452643,0.118524,0.952513,0.016726,0.528336,0.130000,0.020000,0.370000,-0.320000
2024-04-10,-1.113919,-0.708452,0.150805,-0.293738,0.566830,1.974143,-0.852142,-0.809476,-1.372368,0.370241,-3.004831,-0.633258,0.841729,-2.862440,-1.717698,-1.339588,-0.972964,0.413594,0.031565,0.555246,1.388188,-0.661182,-1.000000,0.020000,-1.370000,-1.040000
2024-04-11,4.327083,1.103339,1.667118,2.094264,0.640602,4.109651,-0.020479,0.437196,-0.938754,-0.890364,-0.909970,-0.183308,-0.335516,-0.818573,0.075992,0.220639,-0.349223,-0.479508,-0.473366,1.352095,-0.874294,-0.034133,0.730000,0.020000,0.240000,-0.620000
2024-04-12,0.862670,-1.409094,-1.544564,-1.053887,-2.152316,-2.681643,-6.467789,0.101562,-0.853556,-0.327255,-1.295447,-0.625646,-1.165933,-1.540560,-1.822326,-1.303982,-0.154424,-1.809884,-0.325022,-0.142007,0.083205,-2.680328,-1.530000,0.020000,-0.330000,0.110000
2024-04-15,-2.186354,-1.957816,-1.348525,-1.819579,-2.279739,-2.477702,0.054726,-1.695911,0.047435,0.077245,-1.440775,-1.201180,-0.573256,0.447057,0.193350,-0.240216,-0.684126,-0.861845,0.357897,-1.781725,-0.349184,-0.929749,-1.290000,0.020000,-0.470000,0.760000
2024-04-16,-1.916714,0.227249,-0.163374,-0.297038,-0.093943,1.644155,-1.142756,0.025828,-2.127506,0.321638,-0.917353,0.006534,-0.827188,-3.532697,-0.849094,-0.137593,0.329441,-0.831273,-0.895484,-0.321620,-0.150177,0.823376,-0.230000,0.020000,-0.030000,-0.830000
2024-04-17,-0.814754,-0.660909,-1.112813,0.693018,-1.118551,-3.866618,-0.398242,0.493825,0.221543,0.647642,-0.597323,0.073929,-0.050560,1.585921,-1.050995,0.775051,1.182087,0.076801,0.247878,-0.108929,-0.317509,-0.825422,-0.640000,0.020000,-0.490000,0.560000
2024-04-18,-0.571427,-1.838092,-1.136362,0.347311,1.544007,0.756820,0.649715,-0.484083,0.670013,0.857308,0.018046,-1.186535,-0.092733,1.532800,-0.118015,0.683642,1.646233,0.748081,-0.111668,-0.550906,-0.653823,-0.451577,-0.270000,0.020000,-0.280000,0.870000
2024-04-19,-1.221258,-1.273907,-2.561096,-1.230674,-4.131136,-10.004601,2.510350,-0.585903,1.488970,0.540415,0.741965,0.151757,1.147489,3.354777,2.402515,2.138853,1.079679,1.542158,0.439197,-0.244627,0.455632,0.160105,-0.820000,0.020000,0.820000,1.900000
2024-04-22,0.509084,0.461009,1.488857,1.421244,0.137205,4.354325,1.942937,0.945186,0.818043,1.517635,0.223654,0.298634,0.567236,2.055708,1.000001,0.631550,1.338095,1.200003,0.922240,0.838601,1.024686,-0.550575,0.870000,0.020000,-0.210000,0.540000
2024-04-23,0.639174,1.648565,1.303390,1.266951,2.983002,3.653267,1.441324,0.653618,0.295073,0.597987,0.859839,1.328960,0.389855,1.696269,0.228488,0.148628,-2.969508,0.574379,-0.047271,1.009139,-1.745925,1.535853,1.270000,0.020000,0.590000,0.000000
2024-04-24,1.270238,0.365564,-1.643086,0.549729,-0.524100,-3.331588,0.489227,0.332004,-0.688676,0.681127,-1.766976,-0.069147,0.016527,-0.130332,-0.189963,1.500672,3.615225,0.442112,0.094575,0.167439,1.320019,0.184677,-0.010000,0.020000,-0.310000,0.270000
2024-04-25,0.514713,-2.449511,-1.653547,-1.966934,-10.561291,3.708721,0.150194,0.050897,-1.151296,-0.030754,-0.309278,-0.084323,0.231306,-1.069927,-3.844695,0.308695,-0.411486,1.045424,2.929140,-0.120387,0.567897,-1.009475,-0.470000,0.020000,-0.310000,-0.200000
2024-04-26,-0.347279,1.824379,3.426036,10.224352,0.432738,6.175590,0.062054,-0.232597,-0.463132,-0.775156,0.936789,0.067095,-2.777547,-0.211028,0.554230,0.000000,-0.622578,0.369082,0.367193,1.014053,-0.083040,-0.035471,1.030000,0.020000,0.460000,-1.070000
2024-04-29,2.480796,-1.001676,0.746026,-3.373083,-2.407014,0.025067,-0.108533,-0.976234,0.465287,0.229410,0.510302,-1.150473,1.424203,-0.740140,0.944879,0.485901,0.318927,0.265219,-0.823166,-0.390848,0.132989,-0.576593,0.330000,0.020000,0.380000,-0.480000
2024-04-30,-1.827076,-3.211927,-3.293549,-2.028289,-0.566303,-1.544033,-0.796754,-1.188217,-1.518854,0.952612,-0.766018,-1.290755,-1.145100,-1.438086,-0.077982,-0.435194,-0.130576,-3.042134,-0.691662,-0.472239,-1.477434,-0.874381,-1.670000,0.020000,-0.190000,-0.250000
2024-05-01,-0.604715,1.440932,2.285714,0.663485,2.096837,-3.889986,0.062581,-0.480227,4.557695,0.122546,-0.673213,-2.023504,-1.893963,-0.162120,6.088981,0.259027,-0.432035,-1.016927,-0.325037,-0.094068,-0.842468,-0.558058,-0.270000,0.020000,1.090000,0.030000
2024-05-02,2.203193,0.734283,3.195531,1.684368,0.566953,3.342940,-0.104261,0.108469,-0.833435,0.269281,1.072380,-0.219419,0.180981,-0.189458,1.913165,0.096879,0.171272,0.689092,-0.419255,1.415080,1.461346,1.936997,1.010000,0.020000,0.720000,-0.030000
2024-05-03,5.981620,2.216981,0.806629,0.372111,2.327464,3.463190,-0.600013,0.328829,-0.433559,0.378418,2.181631,0.562232,-0.206467,1.003275,0.397109,0.290370,0.398989,-0.298646,-0.584746,1.564635,0.184222,0.923462,1.180000,0.020000,0.020000,-0.190000
2024-05-06,-0.910668,1.691824,1.337195,0.514222,3.035676,3.774111,0.782114,1.556878,-0.462243,-0.012170,-0.163351,1.305300,0.646556,1.181187,1.258558,0.289516,-0.187335,1.279268,0.047054,1.687066,0.083587,2.472292,1.080000,0.020000,0.020000,-0.060000
2024-05-07,0.379709,-1.015613,0.031795,1.873883,0.549732,-1.721286,-0.130207,1.389943,0.094216,0.802724,-0.467416,0.821151,-0.496790,0.397988,-1.384944,0.433050,1.251274,0.227965,2.202709,1.964426,1.252713,-9.513182,0.050000,0.020000,0.070000,-0.600000
2024-05-08,0.186418,0.293153,-0.402625,-1.091973,0.931150,-0.156806,2.033892,0.264063,0.154676,-0.416240,-0.545974,0.377437,-0.017226,-0.343555,1.800486,0.367295,-0.342659,-0.079930,-0.636591,-1.024233,-0.527869,0.047438,-0.090000,0.020000,-0.540000,0.580000
2024-05-09,1.001421,0.433573,0.797872,0.342432,0.596702,-1.841571,0.945582,0.487019,0.604198,0.587619,2.541103,0.158320,1.971593,1.511540,1.184932,0.047740,0.366381,1.790334,0.524881,2.047391,0.579105,0.341430,0.520000,0.020000,0.420000,0.370000
2024-05-10,-0.689011,0.586924,-1.065965,-0.770766,0.164072,1.274394,0.643027,0.789831,0.040055,0.487827,-0.290702,0.327115,-0.405264,0.444111,-0.603263,0.604319,0.971588,0.223645,-0.130543,1.046176,0.066183,-0.009454,0.090000,0.020000,-0.920000,0.010000
2024-05-13,1.764531,-0.245951,-0.485379,0.290539,-1.719873,0.579683,-0.020123,-0.480861,0.873861,-0.587349,-1.578950,0.170690,-0.042394,-0.624193,1.535168,0.505853,0.617381,-0.777966,-0.592032,-1.529504,-0.115732,0.037811,-0.040000,0.020000,0.240000,-0.260000
2024-05-14,0.617342,0.686467,0.267996,0.709466,0.820503,1.058639,1.398886,-0.590560,0.105812,-0.066330,-0.134923,-0.777715,0.607045,0.732800,-0.210979,-0.754966,-0.569376,-0.559170,-0.487263,0.354778,-0.910442,-0.453555,0.560000,0.020000,0.520000,0.020000
2024-05-15,1.221801,1.748384,-0.577325,1.273910,2.053600,3.583785,0.297743,1.353764,0.852147,0.452464,2.399430,0.836642,0.773354,1.091162,1.550389,0.047551,-0.227940,-0.342275,2.386127,1.174946,-0.050120,-2.448986,1.150000,0.020000,-0.350000,-0.220000
2024-05-16,0.063260,-0.493985,-1.268886,0.968069,-1.725710,-0.286375,0.178126,-0.405728,1.054551,0.810766,-1.703633,0.189956,-0.598758,0.796729,0.346979,0.300976,2.033892,-0.204440,-0.645251,0.766178,6.986458,0.583841,-0.250000,0.020000,-0.150000,-0.010000
2024-05-17,0.015795,-0.185277,0.582689,1.079346,-0.278931,-1.992396,1.145845,0.092918,0.233342,-0.131058,0.431833,0.305097,1.501656,0.178472,-0.968190,-0.458000,-0.502441,0.980834,0.236849,0.345480,0.999867,-0.116097,0.110000,0.020000,-0.240000,0.400000
2024-05-20,0.616222,1.220816,-0.628047,0.488470,-0.650545,2.488136,-4.497283,-0.556946,-1.388516,-0.196860,-1.856422,-0.132525,-0.810767,-1.196225,-0.384060,-0.729818,-1.031899,-0.940560,-0.152442,-0.353100,-0.727016,-0.338985,0.140000,0.020000,0.270000,-0.880000
2024-05-21,0.685718,0.869898,-0.212487,0.525662,-0.897959,0.639377,2.014522,-0.929831,-0.019839,0.621604,-0.494351,-0.121825,-0.690989,2.138063,0.105134,0.543394,0.427049,-0.726074,-0.175595,1.000009,1.511384,0.106907,0.160000,0.020000,-0.450000,0.180000
2024-05-22,-0.753851,0.344944,-0.010914,-0.826546,0.677958,-0.457105,-0.606458,-0.134092,1.494323,-0.320762,-1.654033,-0.561980,-2.011021,0.277440,3.641465,0.143071,0.557762,-1.500284,0.260028,0.116117,0.153481,0.009695,-0.350000,0.020000,-0.280000,-0.370000
2024-05-23,-2.105808,-0.817604,-1.135806,-1.604486,-0.427553,9.319667,-0.700924,-0.489879,-2.475583,-1.382500,-1.119207,-1.163137,-1.705930,-1.483918,-3.074323,-1.444449,-1.548672,-0.399806,-0.007619,-0.688402,-0.628360,-2.290803,-0.840000,0.020000,-0.590000,-0.640000
2024-05-24,1.658823,0.740036,-0.165702,0.829730,2.670795,2.572265,1.924651,0.094808,-1.823634,-0.096690,-0.547588,-0.006659,-0.079289,1.353100,0.662248,-0.144967,-0.714017,0.516099,-1.220548,1.681423,0.832824,1.092787,0.710000,0.020000,0.040000,0.150000
2024-05-28,0.005269,0.037203,0.774547,0.805767,0.355482,6.980431,-0.602878,-1.278728,-1.762259,-1.342774,1.107362,-1.352005,1.269620,-0.957198,-2.008312,-0.290317,-2.590035,0.817753,-2.625690,0.424855,-0.520022,0.668238,-0.040000,0.020000,0.290000,-0.880000
2024-05-29,0.157888,-0.267239,-0.071364,-0.283469,-1.158531,0.811223,-0.696743,-0.782344,0.041561,-0.895098,-0.848804,-0.586405,-1.070878,-1.525936,-1.696103,-0.194104,-1.286181,-1.345578,-0.150673,-0.817796,-0.184518,-1.522850,-0.770000,0.020000,-0.290000,-0.620000
2024-05-30,0.525530,-3.378610,-1.483352,-2.154613,-1.541029,-3.766584,0.615828,0.907535,0.581537,0.575317,1.705490,-0.083625,0.316829,-0.232440,1.365915,0.437599,-0.391470,0.866804,-1.088169,1.093593,-0.046201,0.812844,-0.530000,0.020000,1.030000,1.000000
2024-05-31,0.501858,0.110923,-1.606070,0.226604,-0.047101,-0.784627,1.655542,0.427566,0.956761,1.205550,1.728532,1.124183,2.868673,3.520584,1.631205,1.549148,1.419512,2.552778,0.811042,-0.668437,1.340715,2.173067,0.680000,0.020000,-0.360000,0.780000
2024-06-03,0.925855,-0.387825,1.076850,0.388413,2.283495,4.895419,-0.399742,-0.763410,0.729557,0.066847,-2.048544,-0.867880,-2.396384,-0.275071,2.267964,0.000000,-0.965872,-2.982139,2.294083,0.679104,0.091246,-1.097111,0.050000,0.020000,-0.200000,-0.570000
2024-06-04,0.164942,0.616659,0.560727,0.358010,-0.104716,1.249570,-1.318005,0.754497,0.040594,1.433356,0.076223,0.356504,-1.555275,-0.501509,0.614122,1.604943,1.553456,-0.844675,0.225830,1.471688,1.185045,0.544919,-0.060000,0.020000,-0.990000,-0.760000
2024-06-05,0.782085,1.908332,1.081746,0.932177,3.788329,5.155582,-0.954011,0.763522,-1.238160,-0.574801,0.609263,0.424948,0.399402,0.705652,0.203460,-0.031272,-0.230017,-0.736557,0.574941,0.835155,0.735740,-1.771033,1.230000,0.020000,0.480000,-0.610000
2024-06-06,-0.709655,0.120267,2.052075,0.752519,-0.262579,-1.177718,-0.177414,0.925325,0.308286,1.457384,0.254352,0.452247,0.751416,-0.650637,-2.538064,0.359812,-0.167155,0.612973,0.826578,0.999648,0.089437,-0.285711,-0.060000,0.020000,-0.450000,-0.070000
2024-06-07,1.239205,-0.157813,-0.378377,-1.284452,-0.162029,-0.090918,1.543835,0.588342,0.450771,-0.836937,-1.229235,0.247383,-1.070458,0.810936,-0.763882,-0.374120,-0.468457,0.096208,0.114903,0.348895,-1.891287,0.326052,-0.230000,0.020000,-0.990000,0.070000
2024-06-10,-1.914778,0.948448,1.497555,0.430391,1.955537,0.746150,-0.170037,-1.302596,0.033986,0.173591,1.690983,-0.120050,0.292682,-0.276510,-1.784466,-0.500702,-3.005139,0.422859,0.627559,0.326415,1.639341,1.181797,0.270000,0.020000,-0.120000,-0.280000
2024-06-11,7.264910,1.124163,0.090879,0.919929,0.968970,-0.714392,-2.630133,-0.134525,-0.251484,0.077665,0.950197,-0.046746,-0.804745,-2.041839,-0.142497,-0.062907,-0.500307,-0.159500,0.266162,0.114333,-0.343487,-1.820115,0.200000,0.020000,0.130000,-1.060000
2024-06-12,2.857836,1.936776,-0.181593,0.662458,0.269949,3.548088,-1.456052,-1.583740,-0.919858,-1.373302,2.508045,-1.345094,-1.105455,1.415321,-1.320022,-1.054271,-0.751189,-1.450570,-1.243924,-0.176607,-0.629414,-0.069395,0.940000,0.020000,0.840000,0.090000
2024-06-13,0.549125,0.117890,-1.637325,-1.479256,-0.931522,3.522358,1.112089,0.321854,0.027508,0.744657,1.086761,0.451467,-0.802317,-0.380615,-0.036160,0.174926,-0.305183,-0.894842,-0.637484,-0.218208,0.588162,-0.704378,0.050000,0.020000,-0.850000,-0.630000
2024-06-14,-0.816835,0.224198,-0.092476,0.930563,0.111196,1.751420,0.061969,-0.195423,0.061867,0.228346,-0.298948,-0.083143,-0.845149,-0.050928,-0.433992,0.071990,0.293865,-0.176651,0.085021,1.147795,0.479760,-0.119893,-0.160000,0.020000,-1.290000,-0.640000
2024-06-17,1.967129,1.310520,0.217790,0.254539,0.489925,-0.682450,0.619264,0.188415,0.281714,0.425679,0.766924,0.782667,-0.687372,0.688061,-1.997826,0.111913,1.422401,0.406389,-0.940087,1.430460,0.596827,1.550463,0.780000,0.020000,-0.410000,0.520000
2024-06-18,-1.098440,-0.452747,-0.679126,-1.213046,-1.409314,3.511983,1.036005,0.903486,-0.205560,0.632839,1.250352,0.446318,0.941309,1.214890,1.593775,0.015958,0.204638,0.091381,0.384313,0.327224,0.266986,-0.019697,0.200000,0.020000,-0.540000,0.370000
2024-06-20,-2.151288,-0.143383,1.799687,0.691075,0.442457,-3.540343,0.847709,1.169504,1.462409,-0.527993,-0.121517,0.533209,2.157610,0.000000,1.203945,-0.718493,0.120126,2.158734,1.312593,-0.954350,0.606510,0.334983,-0.300000,0.020000,-0.370000,0.250000
2024-06-21,-1.044439,0.915407,1.601287,1.888831,-1.379308,-3.219140,-1.192942,-0.577976,0.656406,0.351868,0.667718,0.517123,-0.877024,-1.250316,0.000000,0.948857,0.359975,-0.868232,0.809752,-1.638380,-0.147026,0.422226,-0.130000,0.020000,0.580000,-0.510000
2024-06-24,0.313272,-0.469110,-1.856354,-0.228255,0.834708,-6.684056,1.314316,0.392403,0.248723,0.112913,-1.382805,0.463879,2.970375,1.342110,2.235038,1.911741,0.478245,2.595300,1.713614,-0.017676,1.457807,-0.283560,-0.260000,0.020000,0.250000,1.090000
2024-06-25,0.446817,0.732681,0.414932,2.683844,2.343112,6.756424,-0.407263,-1.002540,-1.294231,-0.949822,-3.579554,-0.286681,0.280583,-1.599197,-1.304655,-0.203218,-0.434317,-0.533511,-0.030103,0.866580,-2.148051,0.215727,0.310000,0.020000,-0.560000,-1.210000
2024-06-26,1.999322,0.268313,3.901473,-0.081500,0.493532,0.245858,-0.323131,0.025602,-0.251381,0.359615,1.034512,-0.717656,0.034974,-0.964964,-2.036445,0.328942,-0.364523,-1.584028,-1.068313,0.155473,1.290438,-0.019566,0.160000,0.020000,0.100000,-0.210000
2024-06-27,0.398593,0.152619,2.189972,0.832070,1.255091,-1.906656,0.881326,-2.562137,-0.694733,-0.495691,-0.096528,-2.128742,0.428282,0.641038,1.385849,-0.218578,-0.287855,0.237273,-1.277558,-0.725937,-0.600382,-0.009789,0.140000,0.020000,0.720000,-0.390000
2024-06-28,-1.625409,-1.302866,-2.324997,-1.758280,-2.952515,-0.362927,1.551442,-1.545443,0.246905,-1.020279,0.805302,-0.359118,0.191466,1.324830,0.647487,-0.406817,-0.799956,0.063950,-4.637192,-0.074055,-0.250458,-2.818837,-0.350000,0.020000,0.720000,1.270000
2024-07-01,2.910444,2.188158,2.043983,0.461170,0.091220,0.615187,1.577167,0.293349,0.191576,-1.333976,-2.338493,-0.804691,-0.138984,0.603464,0.857754,-0.581319,-1.236886,0.063952,3.311787,-0.508254,-0.339659,-1.258930,0.230000,0.020000,-1.000000,-0.480000
2024-07-02,1.624003,0.558312,1.419880,1.229574,0.955067,-1.311341,1.645178,1.895621,-0.280005,0.725173,-0.362892,1.608734,-0.678494,2.299428,-1.381997,-0.205421,0.423605,0.146929,-0.140736,1.618841,0.874337,-0.051010,0.570000,0.020000,-0.540000,0.410000
2024-07-03,0.581103,0.324428,-1.205002,0.313111,0.090287,4.573235,-0.067040,0.283338,-0.232816,-0.042713,-0.397041,0.793882,0.507969,-0.073300,-0.467124,0.285033,-0.599095,-0.025510,-1.464140,0.384009,0.249724,0.632728,0.480000,0.020000,-0.030000,-0.690000
2024-07-05,2.162039,1.473616,1.219699,2.572384,5.873015,-1.909875,-1.325052,0.509318,0.542227,0.842345,0.281718,0.292297,-1.211225,-1.198030,1.263533,0.678981,1.100849,-1.531494,0.476752,2.667328,2.637725,-0.628750,0.480000,0.020000,-0.470000,-1.420000
2024-07-08,0.653877,-0.282312,-0.355003,-0.823721,-1.961434,1.883488,0.185562,-1.464723,-0.682665,0.792925,1.500421,-0.723039,-1.049663,0.519663,-0.427788,-1.254711,-1.380872,0.012967,-0.529841,-0.545346,-0.513965,-0.174277,0.100000,0.020000,0.620000,-0.190000
2024-07-09,0.377488,-1.437029,0.025091,-0.026454,0.128454,2.480511,1.199006,-0.360352,1.079187,-0.516451,-0.739116,-0.197495,-1.105363,1.969459,-0.751896,-0.428840,-0.135690,-0.874761,0.206700,0.682308,0.315717,-0.328649,0.000000,0.020000,-0.600000,0.500000
2024-07-10,1.880370,1.460148,0.225743,1.164133,0.884902,2.686855,0.081876,-0.919228,1.618493,0.688139,2.103289,-2.487076,0.883363,0.772601,2.272724,0.223320,1.043867,1.405426,0.999693,-0.286412,0.729615,-0.082437,0.970000,0.020000,-0.070000,0.410000
2024-07-11,-2.322090,-2.477202,-2.372486,-2.934378,-4.112658,-5.566678,-0.168440,-0.171108,0.180678,-0.755377,2.792139,0.641094,1.188340,0.167682,1.093481,0.429734,0.220031,0.083784,1.311857,-4.265464,-0.866367,-0.381557,-0.600000,0.020000,3.610000,1.770000
2024-07-12,1.305092,-0.252924,-0.287105,-0.269451,-2.697485,1.444287,-1.209917,1.214999,0.120263,0.646368,1.690268,0.845510,0.017656,-0.526159,0.907184,0.950872,1.482176,0.212541,-0.938198,-0.435873,-0.802289,0.548645,0.580000,0.020000,0.720000,-0.470000
2024-07-15,1.674333,0.090407,-0.910075,0.788889,-0.543234,-0.619032,2.493410,1.019796,-0.427005,-1.218407,-0.364131,0.883874,1.712731,0.721301,0.622411,-0.455251,-1.514604,1.574676,0.281767,0.691655,0.534390,-0.267672,0.380000,0.020000,0.980000,0.570000
2024-07-16,0.179175,-0.978066,0.155668,-1.399243,-1.283845,-1.619419,1.699594,0.298033,1.186005,1.440027,2.973832,-0.105866,0.720422,5.347356,1.374575,1.356241,0.549250,-0.170839,-2.091788,0.240357,0.545892,1.651704,0.820000,0.020000,2.350000,1.340000
2024-07-17,-2.529602,-1.334756,-2.637038,-1.576757,-5.675915,-6.623944,1.521389,1.281314,3.688486,1.491460,0.750449,1.720291,1.378836,-0.339906,1.796617,1.462591,3.113620,2.193036,0.358742,-0.527752,1.485917,-1.178031,-1.490000,0.020000,-0.310000,2.460000
2024-07-18,-2.053469,-0.710226,-2.224229,-1.839598,3.000070,2.627352,-3.177025,-1.301782,-0.740842,-0.590183,-1.562309,-0.540818,0.986078,-2.205551,-1.065620,-0.030673,0.282537,0.458975,-1.302734,-0.816513,-0.295628,-0.534370,-0.950000,0.020000,-1.090000,0.030000
2024-07-19,0.057987,-0.740282,-0.337412,-0.016882,0.197548,-2.609624,-0.095237,-1.371001,-0.469693,0.314753,-0.742998,-1.120966,-2.297987,-0.255763,0.875137,0.153398,-0.592828,-1.741032,1.223347,-0.147732,-0.098846,-1.084825,-0.680000,0.020000,0.170000,-0.130000
2024-07-22,-0.156037,1.333761,-0.316716,2.257127,2.225277,4.757056,0.238342,0.847599,-0.290887,0.172667,-0.030263,0.957881,-0.689254,-1.398596,-1.234568,-0.796449,-1.003785,-1.357221,-0.063603,1.108417,-0.522984,-1.681638,1.080000,0.020000,0.880000,-0.550000
2024-07-23,0.468836,0.431203,2.114489,0.066055,0.264684,-0.768979,0.023779,-1.090722,-1.225367,-0.968813,-0.999325,-1.388597,-1.613592,0.260037,-0.337835,0.293357,-0.823087,-1.847265,-1.042247,0.553444,0.383637,-3.388932,-0.070000,0.020000,1.290000,0.010000
2024-07-24,-2.875443,-3.585476,-2.993403,-5.038788,-5.610928,-6.803173,-0.827267,-4.010740,2.579578,0.828240,-2.588835,-2.098608,1.410804,-0.518762,1.627108,1.308473,1.136631,0.635997,1.238132,-2.498494,-0.070777,-1.253568,-2.400000,0.020000,-0.660000,1.730000
2024-07-25,-0.480442,-2.448115,-0.541943,-3.099126,-1.703983,-1.724286,0.038344,-0.169170,2.149989,-0.654769,0.850680,-0.659028,2.104163,-1.208791,0.667114,0.395078,1.694720,1.592828,-0.055584,-1.789798,-0.821513,-0.657031,-0.300000,0.020000,1.460000,0.670000
2024-07-26,0.216105,1.641961,1.473447,-0.167370,2.710577,0.694699,1.710849,2.254280,0.626409,1.324158,1.760581,1.997198,-0.085146,-0.024000,3.393818,1.483285,1.011575,0.190428,-0.468810,0.344860,-0.342767,0.807103,1.100000,0.020000,0.530000,-0.170000
2024-07-29,0.128462,0.343304,0.383560,1.514973,0.002142,-1.300208,-0.654913,0.824778,-1.294818,0.484879,0.600824,0.712029,-1.048334,-1.391897,-0.162495,-0.328098,0.266285,-0.785599,2.011811,-0.249508,-0.229286,2.457460,-0.020000,0.020000,-1.000000,-0.480000
2024-07-30,0.256602,-0.892825,-0.813313,0.448309,-0.541098,-7.043633,2.058318,0.573404,1.746969,-4.843165,0.558520,1.393631,1.782948,0.462403,2.180990,1.271872,-0.017330,1.896551,-9.805921,-0.678063,-0.617638,1.790748,-0.490000,0.020000,0.090000,1.370000
2024-07-31,1.499083,-1.080589,2.900219,0.734026,2.512999,12.812098,-1.110635,0.976830,-2.157059,-0.581327,1.229062,3.633907,0.355413,-2.349800,-2.707866,-1.388893,-0.294493,0.564006,-1.839473,1.477740,-0.794921,-0.106616,1.520000,0.020000,-0.340000,-1.340000
2024-08-01,-1.675080,-0.296401,-1.556310,-0.454702,4.824877,-6.674067,-2.274438,0.097851,1.843510,3.066704,-2.602126,-0.280335,-1.382910,-2.009441,0.360181,1.827992,1.326245,-4.891879,0.609914,-0.621657,1.675397,-0.683108,-1.610000,0.020000,-1.310000,-0.650000
2024-08-02,0.686942,-2.066601,-8.784708,-2.401023,-1.928701,-1.776400,-4.241205,0.244422,2.102509,2.649520,-0.878458,-0.084355,-0.059859,-4.860740,-0.717784,2.015882,1.760392,-2.666755,1.212434,0.635329,-1.905710,-3.739924,-2.110000,0.020000,-1.010000,-0.760000
2024-08-05,-4.816696,-3.265688,-4.097671,-4.446180,-2.542311,-6.357781,-2.129167,-3.803738,-1.760686,-1.187692,-1.524921,-4.333134,-1.805273,-2.474721,-2.267500,-1.774110,-2.246692,-2.618643,-2.508672,-2.463271,-1.270801,-1.998438,-3.020000,0.020000,-0.460000,0.010000
2024-08-06,-0.974836,1.128688,0.565140,-0.602831,3.859321,3.782972,2.791194,0.709728,-1.413947,0.017852,1.114255,1.425326,-0.531488,0.736685,-1.412245,-0.073410,-0.890584,-0.988531,-1.032854,1.876961,0.221921,2.494879,1.000000,0.020000,0.020000,-0.570000
2024-08-07,1.249830,-0.295292,0.518750,0.410632,-1.046356,-5.122301,0.029936,-0.673756,-0.044050,1.148206,-3.252236,0.343528,1.331466,1.029249,-1.602992,0.602482,-0.405830,-0.572491,1.205578,-0.805506,-1.225274,-4.457047,-0.830000,0.020000,-0.770000,0.720000
2024-08-08,1.663336,1.069208,1.861522,1.944132,4.235861,6.126778,1.826355,1.290349,0.830704,0.499940,1.734823,1.276013,1.910427,2.439694,-0.311957,0.394405,0.337619,1.460556,1.271228,3.594969,1.120896,0.000000,2.380000,0.020000,0.430000,-0.810000
2024-08-09,1.373589,0.826925,0.687575,1.012164,1.597246,-0.209570,0.852701,0.173540,0.249659,-0.193135,0.086119,0.263403,0.814318,0.183184,-0.730191,-0.072772,0.011610,0.346057,0.553026,1.846496,0.428605,0.290837,0.430000,0.020000,-0.760000,-0.340000
2024-08-12,0.712990,0.194576,-0.083862,-0.843167,-0.351525,4.076360,0.189497,0.050057,-0.460705,-2.187171,-0.811741,-0.238634,0.126220,-0.287355,-0.350253,-0.742570,-0.562683,0.020696,-0.934092,1.010608,1.103763,-0.301596,-0.080000,0.020000,-0.660000,-0.590000
2024-08-13,1.719310,1.769874,2.056350,1.152266,2.440159,6.530920,0.848729,0.092323,-0.931951,0.287747,1.231905,0.805371,-0.957985,0.759763,1.405974,0.425412,0.554193,-0.599925,0.801894,0.144742,-0.829690,-0.407202,1.690000,0.020000,0.570000,-0.740000
2024-08-14,0.203373,0.688382,-0.076361,-2.308731,-0.336766,1.670397,1.106099,0.388274,0.056812,0.902635,1.596829,0.174159,0.924826,0.910029,0.103978,0.175287,0.777405,0.360731,-0.708110,-0.243972,0.777924,0.817762,0.300000,0.020000,-1.140000,0.240000
2024-08-15,1.353058,1.182383,4.403286,0.579907,2.006600,4.048102,0.623078,2.167406,0.384907,-0.521318,1.239951,1.858048,0.618645,0.566872,-0.588639,0.102085,-0.685054,1.472324,-0.237723,1.696965,6.583176,2.885271,1.770000,0.020000,1.280000,-0.750000
2024-08-16,0.591847,-0.608039,-0.298440,1.029150,-1.844313,1.399972,1.143939,0.217405,0.188592,-0.017876,0.552653,0.036272,-0.471660,0.794271,-1.428073,0.772030,0.057960,0.320160,0.317714,-0.770498,0.655031,0.574399,0.220000,0.020000,-0.030000,0.770000
2024-08-19,-0.070779,0.731237,0.655147,2.276630,0.352671,4.350625,0.691688,-0.340333,0.150569,0.315682,0.278955,-0.405223,0.304649,0.838847,1.766789,-0.289112,0.695186,0.817102,0.659814,0.202162,0.367599,1.702111,0.980000,0.020000,0.460000,-0.260000
2024-08-20,0.274469,0.775757,0.370331,0.305990,-0.481786,-2.115389,-0.431652,0.589184,0.332020,1.181565,1.156808,0.458266,-3.332492,-2.470402,0.347227,0.579855,1.167869,-1.457480,0.629263,0.441342,1.112337,-1.189159,-0.310000,0.020000,-0.670000,-0.650000
2024-08-21,-0.048570,-0.155361,0.687609,-0.795553,1.600437,0.982306,0.037306,0.059700,0.792949,-0.146695,0.868581,-0.238758,-0.637117,0.155088,0.449817,0.273870,-0.363954,0.435417,0.772973,0.595749,0.939074,1.092052,0.510000,0.020000,1.020000,-0.640000
2024-08-22,-0.825975,-2.025291,-2.209758,-1.236043,-0.603545,-3.704274,0.945932,-0.096941,0.569918,-0.005874,-1.376669,0.175233,0.772957,1.264532,-0.861180,-0.344981,0.302493,0.282127,0.448158,-0.437938,0.451886,-0.881842,-0.960000,0.020000,-0.680000,1.370000
2024-08-23,1.028814,0.298403,0.516657,1.111106,-0.738818,4.549858,0.775516,-0.186630,1.096395,-0.575973,2.799966,-0.507667,1.385856,1.350650,0.416968,0.663500,0.073970,1.296908,0.042903,0.188029,0.158770,0.711748,1.290000,0.020000,1.910000,0.840000
2024-08-26,0.149887,-0.791764,-0.869856,0.326042,-1.303030,-2.249358,0.393935,0.287899,0.292461,0.697528,-0.394036,0.471654,2.140641,0.377170,0.069196,1.504513,0.056884,0.596130,-0.283021,1.512729,0.435938,1.347173,-0.340000,0.020000,0.100000,0.190000
2024-08-27,0.374159,0.084651,-1.356128,-0.890702,-0.387645,1.455010,0.460833,0.935858,-0.257096,-0.645737,-0.248595,1.354994,-0.951090,-0.626244,-0.345787,0.931706,-0.380773,-1.043769,0.197805,1.836399,0.131530,-0.958811,0.050000,0.020000,-0.840000,0.020000
2024-08-28,-0.675351,-0.782920,-1.340106,-1.111253,-0.446923,-2.096650,0.504131,-0.565151,0.595272,-0.112256,-0.131298,-0.671598,-0.985721,0.705809,-0.242871,0.349628,-0.787206,-0.646473,0.772549,-2.293994,-0.065679,-1.551158,-0.660000,0.020000,-0.560000,1.150000
2024-08-29,1.457022,0.613731,0.772829,-0.657041,0.278632,-6.384849,0.415739,1.905708,0.189113,0.573756,-0.912439,1.907594,1.381735,0.550686,-0.104369,0.418118,-1.052210,0.972600,0.051098,-0.159892,0.446907,0.357571,0.070000,0.020000,0.380000,0.300000
2024-08-30,-0.343788,0.973088,3.706719,0.988993,0.596289,1.513743,1.165579,0.747301,0.992520,0.888071,0.392317,0.528287,-0.160830,1.443872,1.009773,0.582920,0.459054,0.359520,0.842847,0.648524,1.059939,0.634683,0.980000,0.020000,-0.560000,0.050000
2024-09-03,-2.720525,-1.845900,-1.260504,-3.684664,-1.831925,-9.525010,-2.001789,0.785190,0.783807,1.737227,-1.020354,-0.252415,-2.094296,-0.122709,-2.447446,0.745151,2.695514,-2.223733,-1.578725,-1.547546,-0.077694,-1.383049,-2.260000,0.020000,-1.250000,1.380000
2024-09-04,-0.861876,-0.131886,-1.656737,-0.578274,0.191502,-1.657409,-0.440312,0.700076,0.119627,0.790739,-0.019188,0.211568,-1.221095,-0.491382,0.318019,-0.616354,0.551988,-1.790387,-0.669069,1.303254,0.090695,0.134626,-0.220000,0.020000,0.150000,-0.580000
2024-09-05,0.692780,-0.124714,2.630818,0.504954,0.803519,0.941532,-0.775077,-0.666706,-1.416110,-0.244455,-0.773301,-1.196342,-0.780282,-0.888899,0.422689,-1.915671,0.436915,-0.802440,2.409319,-0.453932,-0.362501,-0.672262,-0.310000,0.020000,0.260000,-0.690000
2024-09-06,-0.701509,-1.638145,-3.653943,-4.019345,-3.209763,-4.085442,-2.375591,0.269181,-0.369707,0.068375,-0.497452,-0.259769,-0.468332,-2.808429,0.175369,-0.042150,-0.339983,-1.681689,-0.632439,-1.049681,-0.415804,-0.800901,-1.820000,0.020000,-0.210000,0.180000
2024-09-09,0.040766,1.000744,2.339690,-1.333598,0.903512,3.539822,2.047436,2.233597,1.356604,0.267675,1.519220,2.304040,2.104053,1.831787,2.976195,0.998027,0.479310,1.255761,-2.062103,2.259656,0.913363,0.454851,1.090000,0.020000,-0.830000,-0.730000
2024-09-10,-0.362148,2.090112,2.366026,-0.033623,0.000000,1.530938,-5.188883,-0.094532,0.462154,0.982619,1.463682,0.190932,-3.643164,-0.481374,1.122068,-0.417537,-0.213262,-1.475377,-0.069320,-0.245400,1.900697,0.067928,0.400000,0.020000,0.150000,-0.830000
2024-09-11,1.158517,2.134234,2.768032,1.681686,1.394634,8.149878,0.812421,-0.483617,-1.529451,-2.176718,-0.102461,0.032784,-0.992600,-0.712832,-0.268996,-0.656874,-1.141671,-0.253192,-0.537592,0.683225,0.038053,-0.090495,1.040000,0.020000,-0.030000,-1.640000
2024-09-12,0.049403,0.936074,1.344025,2.335275,2.690346,1.916168,-0.304007,0.496551,-0.109211,-0.258733,1.063453,0.805039,1.376221,-0.564120,-1.685776,0.211030,0.836277,0.964580,0.470747,1.624838,1.040100,1.109601,0.800000,0.020000,0.620000,-0.520000
2024-09-13,-0.121213,0.840749,-0.272724,1.790684,-0.186453,-0.033582,-1.103574,0.693820,0.534512,0.351634,1.484925,0.254000,-0.071918,-0.335206,0.377234,0.940009,0.062054,1.005684,0.529286,0.106004,1.180012,1.399776,0.700000,0.020000,1.900000,0.020000
2024-09-16,-2.777519,0.174173,-0.857958,0.381051,1.747701,-1.947940,1.732570,1.089263,0.888090,1.815251,0.531590,0.881712,1.403510,1.164293,2.733165,0.966238,-0.084566,1.052554,2.493704,-0.887554,-0.049627,1.435659,0.160000,0.020000,-0.340000,0.910000
2024-09-17,0.217264,0.883304,1.076319,0.797173,0.570065,-1.019011,0.668721,0.371809,0.047907,-0.767307,0.321986,0.659023,1.304236,1.150904,-0.798126,-0.416074,-0.191872,0.928985,0.279759,-1.167573,-2.432981,1.099627,0.080000,0.020000,0.530000,0.550000
2024-09-18,1.798980,-0.997351,-0.240803,0.307535,0.303926,-1.920578,-0.821983,-1.056379,-0.550670,-1.114399,0.200927,-1.243540,0.350321,0.176979,-0.268192,-0.069652,-0.938536,0.383519,0.295887,-0.529371,0.547083,0.775354,-0.250000,0.020000,0.130000,0.270000
2024-09-19,3.706557,1.829109,1.845198,1.457980,3.931596,3.969310,1.421477,-1.123139,-0.800471,-1.368467,1.648379,-0.353708,1.239303,3.154978,-0.302519,-1.574915,-0.313911,0.715483,-1.188464,0.920981,-1.252687,-0.138913,1.770000,0.020000,0.480000,-0.200000
2024-09-20,-0.292746,-0.779595,0.911156,0.894312,0.402420,-1.586503,0.289807,-0.164785,-0.400439,1.562336,-0.122968,-0.054766,-0.629311,-1.468067,-0.809180,1.444346,-1.992437,0.475888,-0.051189,0.692757,1.307007,0.321028,-0.260000,0.020000,-0.730000,-0.630000
2024-09-23,-0.758104,-0.404348,1.189978,-1.063635,0.545110,0.224143,0.165799,1.355478,-0.572605,-0.258296,0.538666,0.892971,1.813138,-0.993304,-0.373886,0.125656,0.543296,1.276760,-1.314332,1.113595,1.606388,-0.831993,0.210000,0.020000,-0.810000,-0.110000
2024-09-24,0.397400,-1.001131,0.041264,0.271835,-0.191342,3.965248,0.070953,-5.491449,-0.269586,-0.304991,2.219602,-1.957194,-0.264138,-1.053410,0.648239,-0.557660,-1.272443,-0.060979,-0.579442,-1.694519,0.423253,0.774437,0.240000,0.020000,0.100000,-0.580000
2024-09-25,-0.439810,0.685050,-0.737269,-0.492937,0.884010,2.184172,-0.661661,-1.154774,-1.339217,-0.565700,-0.930964,0.418530,-1.947893,-0.506970,-1.932199,0.168206,-0.306037,-2.360142,-0.200065,0.763144,0.904929,0.245488,-0.290000,0.020000,-0.650000,-0.700000
2024-09-26,0.508014,-0.185150,-0.711575,0.767849,-0.082696,0.429105,-0.195058,0.764008,0.491883,0.551501,-0.057943,0.371858,-1.716470,0.687895,0.138264,-0.069949,0.171189,-1.375276,-1.429440,-0.768362,-1.818183,1.362870,0.430000,0.020000,0.180000,0.430000
2024-09-27,0.118669,-0.762790,-1.668760,0.749719,-0.084525,-2.128340,0.343222,1.280883,0.006201,0.196278,0.713385,0.482409,2.677308,-0.303641,0.414226,0.546209,0.182686,2.464961,0.530550,-1.754977,-0.175187,0.850834,-0.090000,0.020000,0.430000,0.560000
2024-09-30,2.287193,0.532684,-0.872479,1.158895,0.895383,0.032956,0.171024,-0.079964,0.408924,-0.201662,1.419176,0.032404,1.208762,0.710641,-0.515638,0.097500,0.029425,1.223451,-0.114355,0.101626,1.215867,0.187489,0.360000,0.020000,-0.120000,0.150000
2024-10-01,-2.914161,-2.233328,-0.644017,0.687349,0.703986,-3.656145,-1.811633,0.963822,-0.043189,-0.092383,0.950147,0.522497,2.311896,-1.159257,-0.932966,-0.208737,0.782113,1.650023,1.039104,-1.030999,0.643943,-2.224762,-0.970000,0.020000,-0.900000,-0.030000
2024-10-02,0.251973,-0.846212,-0.199865,-0.676683,-0.634881,1.581216,0.120748,-0.216138,-0.506216,-0.647242,0.540277,-0.163183,1.325774,0.025491,-0.209277,-0.976152,-1.067810,0.835011,-2.318286,0.131090,-1.033586,0.106321,0.000000,0.020000,-0.200000,-0.180000
2024-10-03,-0.489460,-0.141446,-1.515473,0.000000,1.738780,3.365586,-0.993791,-0.050562,-0.415697,-1.047016,0.077798,-0.121074,0.872289,0.050989,-0.943735,-0.690040,-0.601592,0.198732,-1.695210,-0.325560,0.000000,-0.552314,-0.230000,0.020000,-0.610000,0.190000
2024-10-04,0.500742,-0.115244,2.500543,0.723505,2.259910,1.684979,3.549376,0.386489,-0.130837,-0.728877,-0.782343,0.551554,1.835544,2.191073,0.846869,-0.496324,-0.332274,-0.337172,-0.372123,0.849635,0.634089,1.623403,1.030000,0.020000,0.390000,0.280000
2024-10-07,-2.253076,-1.567073,-3.061494,-2.442248,-1.872672,2.241434,-0.137301,-1.489578,-0.474163,-1.042170,-0.073467,-1.285926,0.432580,-0.373971,2.169343,-1.653121,-0.452456,0.252070,-1.074988,-1.078004,-2.273293,-2.900689,-0.970000,0.020000,-0.160000,0.290000
2024-10-08,1.840394,1.262385,1.061946,0.859014,1.386840,4.047908,-0.085325,0.427338,0.100315,0.622302,1.499776,1.172405,-2.656141,-0.075067,-0.068486,0.246329,1.919733,-1.568272,-0.064449,1.926529,0.771176,0.129901,0.870000,0.020000,-0.290000,-1.140000
2024-10-09,1.669839,0.663113,1.340848,-1.533038,-0.401426,-0.180596,1.266891,0.716452,0.601157,0.660100,0.456329,0.715147,0.040967,0.651142,3.461276,0.563772,1.243980,0.605025,1.612604,2.097876,0.865647,1.178248,0.690000,0.020000,-0.460000,0.190000
2024-10-10,-0.217833,-0.388066,0.799263,0.135928,-1.131227,1.628349,-0.271757,0.194990,-0.087146,-0.189056,-1.468506,-0.386033,0.860024,-0.547397,-2.815506,-0.459966,0.260813,0.648185,-0.788961,-1.701672,-0.982589,-0.651705,-0.200000,0.020000,-0.330000,0.090000
2024-10-11,-0.650532,0.115431,1.162611,0.715703,1.048262,-0.007417,4.439953,0.133358,0.591881,1.266640,0.473225,0.851373,0.381683,4.953700,-0.613508,0.462091,1.052085,0.531143,0.301642,-0.514758,0.615494,1.225932,0.750000,0.020000,1.070000,0.760000
2024-10-14,1.647995,0.677368,-0.677902,1.053666,0.079652,2.425819,-0.364383,1.022175,0.086699,0.829979,0.854571,0.876034,0.380219,-0.095348,-0.274340,1.106779,0.737956,0.237751,-0.036454,0.082124,0.237217,0.892385,0.700000,0.020000,-0.030000,-0.320000
2024-10-15,1.102456,-0.095436,0.079988,0.303096,-0.702886,-4.686030,0.410864,-0.495219,1.547027,0.614466,0.038517,0.112499,-3.006126,0.548787,1.237971,0.000000,-0.113586,-2.668348,1.677446,0.545089,1.693853,-0.789725,-0.720000,0.020000,0.760000,0.510000
2024-10-16,-0.885182,-0.625683,-0.426236,-0.181313,-1.616993,3.130707,0.562076,2.946740,0.109680,-0.685604,0.729090,1.348508,0.257589,1.566209,0.781238,0.326986,-0.807277,0.676906,-0.995253,-0.808184,-0.526637,2.685205,0.520000,0.020000,0.910000,0.540000
2024-10-17,0.159634,0.144186,0.342447,-1.350213,0.024264,0.891517,0.348776,0.998203,0.115662,-0.058022,-0.719042,-0.060305,-0.256927,-0.467289,-1.348162,-0.949397,0.108894,1.660731,-0.606760,-0.235523,-0.406300,-0.217055,-0.050000,0.020000,-0.090000,0.160000
2024-10-18,1.227657,0.345560,0.778546,0.300731,-0.079738,0.781436,0.423315,0.079194,0.395206,0.004098,-0.144367,0.502183,-0.282508,-0.657269,-0.170830,0.772543,0.223282,-0.297600,-0.956732,0.482325,0.519211,0.766521,0.360000,0.020000,-0.190000,-0.750000
2024-10-21,0.629792,0.148259,0.042331,0.397787,-0.227223,4.137679,-1.051600,-1.297201,-1.386852,-1.015888,-2.072288,-0.257581,0.058335,-1.323263,-0.992465,-1.405479,-0.028556,0.086225,-2.171118,-0.313626,-0.614926,-0.678447,-0.290000,0.020000,-1.030000,-1.200000
2024-10-22,-0.262184,2.084640,0.333204,0.652133,1.190953,-0.083499,0.502231,-0.718165,0.380737,0.094375,-1.119581,-0.386403,0.516315,1.293107,-0.311094,0.000000,-0.365696,0.026511,0.282125,0.757790,1.497338,0.124190,-0.110000,0.020000,-0.320000,0.570000
2024-10-23,-2.162297,-0.680690,-2.630464,-1.429091,-3.147708,-2.806609,-0.316792,-0.361664,1.474478,-0.070714,-0.549950,0.138396,-0.356252,0.094559,0.069348,-2.073411,-0.814370,-0.291548,-0.243814,0.635716,1.524007,-0.516848,-0.970000,0.020000,-0.380000,1.090000
2024-10-24,-0.082339,0.030606,0.904119,-0.036854,0.725587,0.609062,0.702741,-0.190296,-1.320401,0.023579,0.760673,-0.605372,-0.565399,0.732180,-0.762304,-1.043975,-0.456774,-0.019926,-0.470004,-0.639486,-0.276203,-0.872820,0.290000,0.020000,0.150000,-0.290000
2024-10-25,0.364315,0.805211,0.777979,1.567106,0.963386,0.804782,-1.186767,-0.526099,-1.704643,-0.825360,-0.936229,-0.638450,-0.083612,-1.781956,-0.663404,-0.564649,-0.214917,0.239273,-1.794484,-0.246236,-0.638230,-0.387844,-0.080000,0.020000,-0.020000,-0.820000
2024-10-28,0.859942,-0.364336,0.298141,0.877365,0.856526,-0.720642,1.434933,0.873182,0.447540,0.642018,0.997718,0.167536,-0.493772,1.742668,1.441124,-0.373561,-1.135106,-0.179035,0.240426,-0.029171,0.290860,1.231193,0.380000,0.020000,1.130000,0.630000
2024-10-29,0.115686,1.256463,1.295187,1.775415,2.615201,0.519496,-1.152992,-0.812834,-0.934415,-1.258133,-1.940974,-0.379765,-1.362489,-0.211183,-1.386000,-1.664930,-1.377770,-1.341826,-0.479707,-0.445588,-1.268875,-0.072760,0.150000,0.020000,0.140000,-1.080000
2024-10-30,-1.527798,0.134270,0.995647,2.817072,-0.249471,-1.352211,0.677430,2.937398,0.324819,-0.604166,-0.645454,1.463616,-0.503070,-0.517270,0.210828,0.549127,-0.770152,-0.316447,1.060443,-0.890643,-0.379438,-1.092273,-0.320000,0.020000,-0.080000,0.750000
2024-10-31,-1.820949,-6.052740,-3.284389,-1.920219,-4.092597,-4.722263,-1.109568,-0.106831,-0.466957,-0.589803,0.313356,-2.744850,0.077132,-1.158123,-0.771399,-0.925380,-0.078203,0.520088,-2.394352,-0.558542,0.688044,1.177952,-1.800000,0.020000,-0.390000,0.640000
2024-11-01,-1.327956,0.989277,6.185622,0.105207,-0.074006,1.988557,0.459616,0.307051,0.168884,-0.048414,-0.294603,1.699398,-1.567056,-0.143476,-0.742038,-0.459344,-0.295050,2.855802,-0.430021,0.491404,0.292876,-0.405406,0.470000,0.020000,0.610000,-1.070000
2024-11-04,-0.403761,-0.465432,-1.086240,-1.196797,-1.142526,0.480053,-1.417421,0.381792,-1.180281,-0.012124,0.759055,-0.492053,3.184000,-1.029675,-1.174803,0.153829,0.452923,0.587961,-0.009823,0.998507,0.316321,-0.020872,-0.270000,0.020000,0.820000,-0.550000
2024-11-05,0.648620,0.734470,1.900093,0.295421,2.095668,2.837196,0.778063,0.493404,0.069520,0.411919,1.142664,-0.003953,0.295086,1.330741,0.828533,0.399317,0.907781,-0.363721,-0.215964,0.462714,1.491817,0.876920,1.300000,0.020000,0.820000,-0.140000
2024-11-06,-0.326688,2.119280,3.804509,3.988459,-0.066383,4.074068,11.544532,4.810932,-0.296817,-2.841447,-2.929341,3.079757,1.714863,8.428844,-2.250813,-2.554685,-1.870703,2.809468,-0.905054,1.020026,-0.286812,2.338818,2.910000,0.020000,1.870000,3.500000
2024-11-07,2.137216,1.249457,1.429334,2.402145,3.435030,2.245716,-4.322837,-0.520501,-0.728399,1.465378,2.850366,-0.623648,0.123963,-1.409376,0.365503,-0.062803,-0.431061,-0.602318,0.436801,1.632471,0.491385,0.040444,0.660000,0.020000,-0.190000,-2.760000
2024-11-08,-0.118825,-0.679301,-0.890269,-1.327806,-0.398844,-0.839628,0.253833,0.676931,-0.803944,2.631413,1.617274,1.328506,-0.033011,0.804103,-1.183436,0.408431,0.676810,0.102040,1.729768,3.268314,1.168750,0.090974,0.430000,0.020000,0.400000,-0.510000
2024-11-11,-1.202853,-1.072089,-0.643672,1.121395,-1.046953,-1.605357,0.974761,0.990684,-0.276577,-1.001717,0.588812,1.021419,-0.528449,2.105036,-1.796402,-0.876096,-0.514813,-0.274000,-2.127862,-1.157020,-0.730876,1.858217,0.320000,0.020000,0.910000,0.840000
2024-11-12,0.000000,1.200925,1.000777,0.704179,0.282938,2.085901,0.112832,-0.154678,-1.547984,-0.114458,-1.276057,-0.179226,-0.099613,-0.477428,-0.190550,-0.252530,0.048717,-0.773170,-2.134429,-0.053608,0.926256,0.128894,-0.380000,0.020000,-1.230000,0.140000
2024-11-13,0.396906,0.512963,2.484325,-1.508647,-0.824186,-1.362163,0.667896,-0.119404,0.393073,0.446230,1.763935,-1.377600,0.930629,0.021792,2.023669,-0.316463,0.243418,2.208790,-0.081145,0.144794,0.600077,1.713042,-0.120000,0.020000,-1.050000,0.180000
2024-11-14,1.377051,0.397470,-1.223732,-1.844811,-0.489652,0.334977,0.294401,-0.397470,-0.894011,0.300142,-1.089744,-0.283610,0.066391,0.065404,-2.619758,-0.714279,0.248855,1.940520,-0.142142,-1.053832,-1.204685,6.230529,-0.710000,0.020000,-0.830000,0.710000
2024-11-15,-1.410923,-2.785269,-4.194248,-1.759868,-3.998891,-3.257030,1.422252,0.450950,1.402506,1.472354,0.606315,0.286333,-1.036826,1.851867,-4.688699,-1.294957,-3.953978,-0.234860,-2.084174,-1.820567,-0.260457,5.461871,-1.380000,0.020000,-0.870000,1.650000
2024-11-18,1.342226,0.183142,-0.449141,1.629072,0.057756,-1.288900,-0.114129,0.813856,0.500018,0.713698,0.553682,-0.049832,0.838148,-0.064173,0.241932,0.194359,-0.182843,0.607036,0.259582,1.371453,-0.201771,-1.338198,0.410000,0.020000,-0.380000,-0.030000
2024-11-19,0.114013,0.488263,1.442739,1.608649,1.206710,4.894759,-0.791752,-0.099321,-1.143643,0.005857,-0.886848,-0.415997,-1.396386,-0.663538,0.965416,1.180078,-1.016842,-0.721563,-0.020713,1.157136,2.997146,-0.986441,0.490000,0.020000,0.780000,-1.640000
2024-11-20,0.315405,-0.550530,-0.845509,-1.201422,0.789526,-0.761851,-0.950267,-1.430165,0.071891,0.076131,-1.671582,-1.332165,1.424605,-0.754138,-0.637457,0.639089,1.288919,1.083954,0.932259,-0.222546,0.669740,1.636725,0.040000,0.020000,0.000000,-0.110000
2024-11-21,-0.209598,-0.431674,-2.218060,-4.744851,-0.429692,0.534651,1.652958,0.816536,1.560981,1.088419,2.612501,0.499468,1.338096,0.868423,0.761829,1.222413,1.007940,0.185967,2.483578,2.970642,1.387941,0.402594,0.650000,0.020000,0.800000,0.290000
2024-11-22,0.590745,1.000323,-0.635150,-1.712118,-0.701484,-3.218105,1.548467,0.006460,-0.212214,2.043421,2.326708,1.118244,-0.114825,1.162302,2.069232,0.250946,1.035303,0.451641,-0.680946,0.874802,2.319260,0.810671,0.530000,0.020000,1.260000,0.420000
2024-11-25,1.305087,0.429252,2.196632,1.754070,1.067710,-4.177533,0.700052,1.055114,0.393103,0.629681,2.064281,1.102018,-1.494374,1.063828,2.027299,0.719644,0.648138,-1.231835,1.996371,-0.323652,-1.039360,0.302636,0.410000,0.020000,1.090000,0.230000
2024-11-26,0.940438,2.196808,3.181933,0.876838,1.491742,0.661667,-0.127843,-0.437436,-0.012931,1.082352,0.198300,0.357001,-1.667081,0.526307,-1.528468,0.264056,-0.545837,1.353196,0.454723,1.104192,2.022335,-0.474148,0.420000,0.020000,-0.940000,-0.670000
2024-11-27,-0.055302,-1.168253,-1.019915,0.065028,-0.756711,-1.153960,-0.072012,0.923615,0.569497,0.027885,-0.018733,0.737972,-0.262783,0.041900,0.232825,-0.185904,0.345337,-0.258396,1.476074,-1.024194,0.624257,1.862280,-0.400000,0.020000,0.260000,0.470000
2024-11-29,1.021588,0.111111,1.045005,-0.165458,0.899524,2.150150,-0.028014,0.120744,-0.250968,-0.055746,0.454140,0.105196,0.254976,-0.544285,1.471159,0.211128,0.448627,-0.111049,-1.435216,1.074298,0.674796,-0.110540,0.540000,0.020000,0.130000,-0.640000
2024-12-02,0.952256,1.775855,1.356490,1.503424,3.222937,0.274855,-1.389563,0.498298,-0.135473,0.245458,-0.505680,-0.296467,-0.093256,-0.989271,-1.487978,-0.671043,-0.244734,0.172922,-1.013377,0.321031,0.151345,-0.263893,0.230000,0.020000,0.470000,-0.650000
2024-12-03,1.277178,0.051040,1.295618,-0.087478,3.511969,1.175799,-0.580695,-1.149538,-1.576229,-2.381768,0.559771,-0.974866,-0.152736,-0.467676,-1.006980,-0.204242,-0.827960,-0.178786,1.232465,0.733337,0.939128,-0.606021,0.040000,0.020000,-0.570000,-0.560000
2024-12-04,0.148363,1.442488,2.211395,1.768423,0.021178,3.479254,-0.580038,-0.993593,-1.240477,-0.176713,-0.333063,-0.957826,-2.880939,-0.961135,-1.291072,-2.062346,-0.940010,-2.223302,-0.471271,0.892934,1.005229,0.463733,0.700000,0.020000,0.400000,-1.260000
2024-12-05,0.012343,1.188777,1.095526,-0.992149,-0.790185,-0.048243,0.854567,-0.264598,-0.631339,0.525393,-0.322484,0.696524,0.437520,1.358645,1.862861,1.141303,0.193532,0.637938,2.150541,-0.873933,0.899960,-0.418842,-0.280000,0.020000,-1.120000,0.480000
2024-12-06,-0.082291,0.214636,2.938107,1.199030,2.437064,-1.806138,0.765852,0.624454,-0.140479,-1.255461,1.132360,0.724131,-1.054180,0.021397,0.116734,-0.619834,-0.845211,-2.567004,-0.444235,1.053693,0.419721,0.197430,0.350000,0.020000,0.620000,-1.060000
2024-12-09,1.610123,0.552328,-0.414043,0.492786,-1.635220,-2.548444,-1.435155,-0.871369,0.194233,-1.743184,-0.507682,-1.087842,-0.589949,-1.796803,1.438000,0.111937,1.064714,1.185267,0.679027,-0.478534,-1.954016,-1.816165,-0.730000,0.020000,0.410000,0.130000
2024-12-10,0.413370,-0.603104,-0.464418,5.588201,0.937139,-2.694337,-0.389656,1.323392,-0.247329,0.872403,-1.535485,1.183980,-0.203722,-0.348515,-2.030655,0.495216,0.232018,-0.050939,-2.688123,0.560808,0.767342,0.104710,-0.360000,0.020000,-0.030000,0.140000
2024-12-11,-0.516606,1.276705,2.319588,5.524653,2.157217,3.139117,0.275874,0.451367,-1.735557,-0.957750,-0.286323,1.028335,-0.665661,0.721320,-1.329671,-0.429191,-1.920658,-0.503191,-1.237623,0.129857,0.433637,-0.104600,0.870000,0.020000,0.170000,-0.580000
2024-12-12,0.596382,0.126953,-0.560233,-1.760488,-0.298728,-1.414116,-0.821248,0.140233,-0.272785,0.128955,-1.651717,-0.381705,-0.089353,0.000000,0.554903,1.915708,1.358666,-0.960239,1.503754,-0.633361,-0.916184,0.253037,-0.620000,0.020000,-0.860000,0.410000
2024-12-13,0.068543,-0.509390,-0.659473,-1.114818,-1.655066,-2.249892,-0.658306,0.162285,0.259834,0.122908,0.617731,-0.640486,-0.876396,-0.889760,0.827732,-1.127815,-0.585269,-0.542955,0.740750,0.097117,0.391987,-1.357712,-0.050000,0.020000,-0.480000,-0.300000
2024-12-16,1.172775,0.965865,2.404812,3.603419,0.708223,-1.675981,-0.150037,0.365386,-1.889222,0.046768,-1.503674,0.247627,-2.138222,-0.437925,-1.290071,-0.903043,-1.234407,-2.931043,-1.116715,0.355801,0.657823,-0.646927,0.460000,0.020000,0.750000,-1.060000
2024-12-17,0.971956,0.635526,-0.764178,-0.630540,-0.768936,-1.219692,-0.509218,0.762908,1.779629,-0.473304,-0.545403,0.131991,-0.424076,-0.923675,4.673269,1.358914,0.076901,-0.836902,0.000000,-1.086756,0.579742,0.811697,-0.490000,0.020000,-0.420000,-0.570000
2024-12-18,-2.142180,-3.756097,-4.598741,-3.592266,-3.591952,-1.135050,-3.352086,-2.676721,-1.133809,-0.733863,-3.586559,-2.080922,-1.472090,-3.440621,-2.043124,-0.867514,-1.095180,-2.720940,-1.718976,-1.765639,-1.959753,-1.477608,-3.170000,0.020000,-1.430000,0.100000
2024-12-19,0.701471,-0.082317,1.256117,0.058388,-0.271281,1.373030,1.124295,1.646333,-0.808287,0.065068,-2.234526,0.638506,-0.855109,-0.275859,-0.463500,-0.636436,-1.916709,-2.033597,1.199925,-1.030332,-0.160338,0.017963,-0.120000,0.020000,-0.280000,-0.010000
2024-12-20,1.881595,-0.098383,0.729995,1.538382,-1.732782,3.076224,1.991754,0.898775,0.619870,-0.667908,1.968744,0.907738,0.341207,1.821106,2.289476,0.160133,0.871441,1.204383,-1.477086,-0.076449,-1.241982,0.592610,1.070000,0.020000,-0.140000,0.070000
2024-12-23,0.306487,-0.309208,0.062244,1.682254,2.494655,3.689678,0.332495,-0.154245,0.553742,0.029752,-0.038209,0.176133,0.406168,-0.633919,1.327776,-0.271784,-0.981724,0.084003,1.346249,-0.436032,-2.048996,-0.562342,0.610000,0.020000,-0.710000,-0.190000
2024-12-24,1.147797,0.937384,1.772863,0.760426,1.316992,0.393796,1.644353,1.081269,0.399258,0.493732,0.940253,1.276089,0.094055,1.116426,0.112320,0.737412,1.004696,0.608514,0.080503,0.937993,2.578854,1.041283,1.110000,0.020000,-0.090000,-0.060000
2024-12-26,0.317574,-0.277690,-0.873172,-0.260054,-0.723977,-0.206816,0.342542,0.081093,-0.185129,0.722152,-0.252431,0.082125,0.084590,0.383066,-0.673146,-0.429650,-0.242130,0.097335,0.422326,-0.279513,0.118697,-0.008875,0.010000,0.020000,1.040000,-0.180000
2024-12-27,-1.324203,-1.730158,-1.453426,-1.451953,-0.586718,-2.086764,-0.810227,-0.701127,-0.364059,-0.370237,-0.577022,-0.736730,-0.009391,-0.471384,0.225900,-0.191797,0.295200,0.013907,-0.170221,-1.719412,-1.217807,-0.888492,-1.170000,0.020000,-0.650000,0.570000
2024-12-30,-1.326343,-1.323959,-1.094971,-0.788543,-1.428808,0.350329,-0.767098,-1.051274,-1.178904,-1.439287,-0.873077,-1.249540,-0.676182,-0.969770,-0.751319,-0.672539,-0.765247,-0.645833,-1.333999,-1.861241,-1.189177,-0.672346,-1.090000,0.020000,0.130000,0.740000
2024-12-31,-0.705787,-0.783830,-0.863083,-1.014434,-0.969127,-2.327426,0.162962,0.231527,0.892980,0.335164,-0.112995,0.194073,1.711420,0.091088,0.416357,0.370793,0.224083,1.237160,1.128388,-0.644100,-0.242907,0.496389,-0.460000,0.020000,0.010000,0.720000
